"file","OM","Ftrgt","Btrigger","HCR","TACconstr","BB","Blim","catch_long","catch_short","catch_medium","catch_median_long","catch_median_short","catch_median_medium","risk1_full","risk1_long","risk1_short","risk1_medium","risk3_long","risk3_short","risk3_medium","iav_long","iav_short","iav_medium","ssb_median_long","ssb_median_short","ssb_median_medium","fbar_median_long","fbar_median_short","fbar_median_medium","recovery_proportion","recovery_time","conv_failed","F_maxed","slope_long","slope_medium","slope_short"
"HCR-A_Ftrgt-0.1_Btrigger-170000_TACconstr-FALSE_BB-FALSE.rds","base",0.1,170000,"A",FALSE,FALSE,107297,91649.7714760352,44780.5298,82740.6850776066,88977,39527,79606.5,0.000285714285714286,0,0.0012,0,0,0.006,0,0.107437397973834,0.278001731034411,0.136688188347993,799354.697628973,370097.118779001,705085.1746213,0.102211396724291,0.090526657636516,0.101366191443291,1,1,0,0,0,0,0.0438
"HCR-A_Ftrgt-0.1_Btrigger-190000_TACconstr-FALSE_BB-FALSE.rds","base",0.1,190000,"A",FALSE,FALSE,107297,91651.644203308,44601.1188,82882.5386557233,89036,39396.5,79687,0.000285714285714286,0,0.0012,0,0,0.006,0,0.107413691097847,0.283052585162209,0.136920837718562,799303.245515374,370874.483448175,705796.362491206,0.10224629874103,0.0901123189884803,0.101431565297202,1,1,0,0,0,0,0.0918
"HCR-A_Ftrgt-0.1_Btrigger-210000_TACconstr-FALSE_BB-FALSE.rds","base",0.1,210000,"A",FALSE,FALSE,107297,91667.5840214898,44282.7452,83078.2105892648,89038,39032,79839,0.000285714285714286,0,0.0012,0,0,0.006,0,0.107514451645189,0.289373767772875,0.136960529080593,799345.986400799,371308.885624144,707501.812731288,0.102286055960729,0.0895130170566154,0.101520913479384,1,1,0,0,0,0.000200080032012805,0.1728
"HCR-A_Ftrgt-0.1_Btrigger-230000_TACconstr-FALSE_BB-FALSE.rds","base",0.1,230000,"A",FALSE,FALSE,107297,91704.4585454545,43690.9274,83422.4626229341,89062,38279.5,80156,0.000285714285714286,0,0.0012,0,0,0.006,0,0.108522194442365,0.311887448986532,0.137154437110373,799273.329346773,374764.538370137,710075.101550827,0.102269593748769,0.0877495741137849,0.101780005386023,1,1,0,0,0,0.001000200040008,0.4776
"HCR-A_Ftrgt-0.2_Btrigger-170000_TACconstr-FALSE_BB-FALSE.rds","base",0.2,170000,"A",FALSE,FALSE,107297,114284.626536296,74455.6718560319,114277.33566872,110810.5,66557,109844,0.000428571428571429,0,0.0018,0,0,0.006,0,0.118063197863155,0.216593293569161,0.13699039220849,487195.539776794,311152.965746961,477882.384327259,0.202159532484501,0.183190865788712,0.203014956908577,1,1,0,0,0.000181834712246568,0.0028005601120224,0.0632126425285057
"HCR-A_Ftrgt-0.2_Btrigger-190000_TACconstr-FALSE_BB-FALSE.rds","base",0.2,190000,"A",FALSE,FALSE,107297,114281.465108631,74085.3468560319,114632.55646872,110810.5,66332,110421.5,0.000428571428571429,0,0.0018,0,0,0.006,0,0.11866940210846,0.223786805162969,0.137838119367695,487163.310472674,311879.299995309,479450.508222489,0.202198881048169,0.182273373642157,0.203198603441726,1,1,0,0,0.000363702491362066,0.00440088017603521,0.118223644728946
"HCR-A_Ftrgt-0.2_Btrigger-210000_TACconstr-FALSE_BB-FALSE.rds","base",0.2,210000,"A",FALSE,FALSE,107297,114282.588263568,73461.073081746,115222.47126872,110791,65690.5,111100.5,0.000428571428571429,0,0.0018,0,0,0.006,0,0.118870173384367,0.236438827486603,0.138816546548864,487145.026273474,314093.163912193,481485.112108355,0.202224361969972,0.180632270769483,0.203560807867144,1,1,0,0,0.00118192562960269,0.00840168033606721,0.214842968593719
"HCR-A_Ftrgt-0.2_Btrigger-230000_TACconstr-FALSE_BB-FALSE.rds","base",0.2,230000,"A",FALSE,FALSE,107297,114281.576960491,72483.9058,116105.65,110730.5,64378.5,112158.5,0.000428571428571429,0,0.0018,0,0,0.006,0,0.119491561297689,0.262620526659254,0.13879485581017,487040.991010779,319368.650741816,484009.53572935,0.202139986657295,0.17589814797342,0.204437189871169,1,1,0,0,0.00236406619385343,0.0124,0.5338
"HCR-A_Ftrgt-0.21_Btrigger-210000_TACconstr-TRUE_BB-TRUE.rds","base",0.21,210000,"A",TRUE,TRUE,107297,113432.828604568,75856.9397236824,119402.993755449,107987.65,80037.47,113727.25,0.0010952380952381,0,0.0046,0,0,0.013,0,0.364126318910027,0.28,0.405141387914626,464418.416584886,287928.8481552,463087.134598314,0.206076724866084,0.197871794263673,0.219830669487282,1,1,0,0,0.00200018183471225,0.0234234234234234,0.246849369873975
"HCR-A_Ftrgt-0.21_Btrigger-250000_TACconstr-FALSE_BB-FALSE.rds","base",0.21,250000,"A",FALSE,FALSE,107297,115202.982160024,73555.0182558701,118988.891683009,111552.5,64241,115112.5,0.000523809523809524,0,0.0018,4e-04,0,0.006,0.001,0.12272403690618,0.29131905555345,0.141450703825997,466706.694578538,320469.777735215,470809.273069056,0.211923069119371,0.177435349037924,0.215903589223277,1,1,0,0,0.00927441352973268,0.023609443777511,0.640728145629126
"HCR-A_Ftrgt-0.25_Btrigger-170000_TACconstr-TRUE_BB-TRUE.rds","base",0.25,170000,"A",TRUE,TRUE,107297,115262.905772727,86099.143418916,122251.4124,109188.5,83525.76,116778.2,0.00166666666666667,0,0.0064,6e-04,0,0.013,0.001,0.359144491564174,0.28,0.402948270656653,392665.63315429,270896.157922927,394563.263378983,0.244913453752918,0.243728204798529,0.263579118949129,1,1,0,0,0.00290909090909091,0.015,0.0834166833366673
"HCR-A_Ftrgt-0.25_Btrigger-180000_TACconstr-TRUE_BB-TRUE.rds","base",0.25,180000,"A",TRUE,TRUE,107297,115263.939736364,85889.049178916,122454.6335,109189.3,83525.76,116872.5,0.00161904761904762,0,0.0062,6e-04,0,0.013,0.001,0.358938545646743,0.28,0.40021759093596,392746.871639677,271057.619408402,395189.328655515,0.244879865137539,0.242594408320364,0.263346725806751,1,1,0,0,0.005,0.0198,0.112422484496899
"HCR-A_Ftrgt-0.25_Btrigger-190000_TACconstr-TRUE_BB-TRUE.rds","base",0.25,190000,"A",TRUE,TRUE,107297,115261.472154545,85625.065978916,122714.02944,109211,83525.76,117089.95,0.00161904761904762,0,0.0062,6e-04,0,0.013,0.001,0.358938545646743,0.28,0.399168764609637,392782.669780315,271719.122080535,396283.705813116,0.244755530551486,0.240982459698965,0.262785737960939,1,1,0,0,0.00718181818181818,0.0252,0.145629125825165
"HCR-A_Ftrgt-0.25_Btrigger-210000_TACconstr-TRUE_BB-TRUE.rds","base",0.25,210000,"A",TRUE,TRUE,107297,115259.647545455,84880.999198916,123404.4568,109156.35,83525.76,117718.65,0.00147619047619048,0,0.0056,6e-04,0,0.013,0.001,0.359395094223969,0.28,0.395774322831752,393060.361183528,273088.28092638,399433.757986666,0.244556100770035,0.238128349214018,0.262121822047336,1,1,0,0,0.0148181818181818,0.0406,0.25245049009802
"HCR-A_Ftrgt-0.25_Btrigger-220000_TACconstr-TRUE_BB-TRUE.rds","base",0.25,220000,"A",TRUE,TRUE,107297,115193.325654545,83710.6495,124655.27736,109108.35,87641,118960.25,0.00166666666666667,0,0.0064,6e-04,0,0.019,0.001,0.359490586830618,0.2,0.392954964943659,393224.282227217,272700.270937794,403420.943105889,0.244618899585762,0.232430929714752,0.263406524361564,1,1,0,0,0.0207272727272727,0.0478,0.52
"HCR-A_Ftrgt-0.25_Btrigger-230000_TACconstr-TRUE_BB-TRUE.rds","base",0.25,230000,"A",TRUE,TRUE,107297,115185.946118182,83166.64622,125149.7343174,109175.35,87041.8,119460.05,0.00161904761904762,0,0.0062,6e-04,0,0.019,0.001,0.359005348719761,0.2,0.390375549395697,393371.810181078,274384.068600394,405824.688201864,0.244465292717788,0.228475343722373,0.26316913123812,1,1,0,0,0.0285454545454545,0.0588117623524705,0.5852
"HCR-A_Ftrgt-0.25_Btrigger-240000_TACconstr-TRUE_BB-TRUE.rds","base",0.25,240000,"A",TRUE,TRUE,107297,115164.802036364,82523.17566,125751.317538277,109222.7,86133.8,120207.1,0.00161904761904762,0,0.0062,6e-04,0,0.019,0.001,0.35746956623315,0.2,0.386160534544745,393684.952475454,276032.416060749,407803.633531176,0.243937655609688,0.2254020039325,0.263237108045697,1,1,0,0,0.0399090909090909,0.0698419051430859,0.643
"HCR-A_Ftrgt-0.25_Btrigger-2e+05_TACconstr-TRUE_BB-TRUE.rds","base",0.25,2e+05,"A",TRUE,TRUE,107297,115255.4279,85279.383238916,123047.79628,109201,83525.76,117323.45,0.00157142857142857,0,0.006,6e-04,0,0.013,0.001,0.358666303645322,0.28,0.396952773115218,392872.555293681,272189.602472796,397667.902084323,0.244551211794029,0.239570134115853,0.262681620427674,1,1,0,0,0.00972727272727273,0.033,0.192638527705541
"HCR-A_Ftrgt-0.3_Btrigger-170000_TACconstr-FALSE_BB-FALSE.rds","base",0.3,170000,"A",FALSE,FALSE,107297,119107.564450938,96659.5556624042,122290.135676629,115018,91547.5,118055,0.00314285714285714,0.00136363636363636,0.008,0.0022,0.003,0.018,0.003,0.133987831197684,0.18853134480596,0.14463152857431,327047.889254355,258634.430810494,333575.238516495,0.300334638832762,0.291927057210613,0.302987739992986,1,1,0,1,0.0262751159196291,0.0372297838270617,0.0922184436887377
"HCR-A_Ftrgt-0.3_Btrigger-170000_TACconstr-TRUE_BB-TRUE.rds","base",0.3,170000,"A",TRUE,TRUE,107297,116783.888090909,96013.37418,124719.155111215,110617.7,85204.15,118779.5,0.00304761904761905,0.000909090909090909,0.0086,0.0022,0.003,0.017,0.003,0.351126769116267,0.280251264079068,0.397580877424451,325135.997274095,256013.491913911,329789.692933513,0.292460527497791,0.289385285327985,0.314251826791518,1,1,0,0,0.0256363636363636,0.0368147258903561,0.0876
"HCR-A_Ftrgt-0.3_Btrigger-180000_TACconstr-FALSE_BB-FALSE.rds","base",0.3,180000,"A",FALSE,FALSE,107297,119094.293178211,96361.9774624042,122585.349451518,115056,91521,118395,0.00314285714285714,0.00136363636363636,0.008,0.0022,0.003,0.018,0.003,0.134437864251083,0.190660773002948,0.14597383668567,327363.546178694,258910.836429689,334992.006528152,0.300289048345448,0.291218650895147,0.303074568257003,1,1,0,1,0.0367306118738067,0.0492393915132106,0.122424484896979
"HCR-A_Ftrgt-0.3_Btrigger-180000_TACconstr-TRUE_BB-TRUE.rds","base",0.3,180000,"A",TRUE,TRUE,107297,116783.473372727,95768.9044,124930.79636923,110663.1,84876.65,118902.9,0.003,0.000909090909090909,0.0084,0.0022,0.003,0.016,0.003,0.351465894426391,0.28,0.395112067988128,325408.054305712,256434.349661673,331594.967884985,0.292166941802282,0.288257381979647,0.313825069320048,1,1,0,0,0.0344545454545455,0.0494197679071629,0.1172
"HCR-A_Ftrgt-0.3_Btrigger-190000_TACconstr-FALSE_BB-FALSE.rds","base",0.3,190000,"A",FALSE,FALSE,107297,119077.232638099,95994.1152624042,122942.655963515,115130,91505,118848.5,0.00314285714285714,0.00136363636363636,0.008,0.0022,0.003,0.018,0.003,0.135315918101031,0.193207143515691,0.147795427125394,327893.09463418,259301.322090443,336426.047274813,0.300090635325901,0.28989578498535,0.303328777868897,1,1,0,1,0.0486452082196763,0.0608486789431545,0.154830966193239
"HCR-A_Ftrgt-0.3_Btrigger-190000_TACconstr-TRUE_BB-TRUE.rds","base",0.3,190000,"A",TRUE,TRUE,107297,116778.010163636,95464.41794,125204.205541002,110737.4,84231.57,119430.65,0.00285714285714286,0.000909090909090909,0.008,0.002,0.003,0.016,0.003,0.349886075195177,0.28,0.393332654735354,326085.76061021,256957.734839155,332654.312740281,0.291786026797556,0.286845084537976,0.312992730340202,1,1,0,0,0.0476363636363636,0.0646258503401361,0.1514
"HCR-A_Ftrgt-0.3_Btrigger-210000_TACconstr-FALSE_BB-FALSE.rds","base",0.3,210000,"A",FALSE,FALSE,107297,118997.531632756,94998.3096586613,123971.956452606,115335.5,91427,120079.5,0.00304761904761905,0.00136363636363636,0.0078,0.002,0.003,0.018,0.003,0.138864306965835,0.202858756316146,0.152206543445475,328562.090588861,261361.725503722,340294.995621709,0.299145747303493,0.285820631226213,0.303802587175557,1,1,0,1,0.0843713064824075,0.0906362545018007,0.260852170434087
"HCR-A_Ftrgt-0.3_Btrigger-210000_TACconstr-TRUE_BB-TRUE.rds","base",0.3,210000,"A",TRUE,TRUE,107297,116755.611390909,94624.00608,125943.759229853,110810.3,83525.76,120259.6,0.00247619047619048,0.000818181818181818,0.0066,0.002,0.003,0.013,0.003,0.348781922543005,0.28,0.386115507658864,327809.396196222,258396.148804198,336497.427857512,0.290378048953793,0.282805224830979,0.31076141734162,1,1,0,0,0.0813636363636364,0.0984393757503001,0.258
"HCR-A_Ftrgt-0.3_Btrigger-220000_TACconstr-FALSE_BB-FALSE.rds","base",0.3,220000,"A",FALSE,FALSE,107297,118927.701264797,94344.5684539237,124643.520412385,115416.5,90194.5,120871.5,0.0029047619047619,0.00136363636363636,0.007,0.0022,0.003,0.017,0.003,0.141144748206413,0.212463676949364,0.154787215117949,329662.221297815,263577.734800525,342269.864890271,0.298464263489122,0.282300730031653,0.304831132815571,1,1,0,1,0.106100554595872,0.103041216486595,0.521504300860172
"HCR-A_Ftrgt-0.3_Btrigger-220000_TACconstr-TRUE_BB-TRUE.rds","base",0.3,220000,"A",TRUE,TRUE,107297,116610.956186573,93192.7960967356,127532.683492551,110614.8,92806.4,121843.9,0.00266666666666667,0.000909090909090909,0.0074,0.0018,0.003,0.019,0.003,0.34781985579828,0.2,0.384482426104507,328202.343390984,258343.046645353,340519.843127264,0.289680144913348,0.279332620140255,0.312017296911311,1,1,0,0,0.10437312482953,0.109421884376875,0.525705141028206
"HCR-A_Ftrgt-0.3_Btrigger-230000_TACconstr-FALSE_BB-FALSE.rds","base",0.3,230000,"A",FALSE,FALSE,107297,118891.665640173,93611.8388,125297.705844322,115597.5,87052.5,121808,0.00242857142857143,0.00136363636363636,0.005,0.0022,0.003,0.014,0.003,0.143090824094356,0.225221618030682,0.156676197281888,330659.688425159,267891.003497455,344391.109365689,0.297808503681324,0.275395072566707,0.3057941268591,1,1,0,0,0.131569376250227,0.114314314314314,0.5834
"HCR-A_Ftrgt-0.3_Btrigger-230000_TACconstr-TRUE_BB-TRUE.rds","base",0.3,230000,"A",TRUE,TRUE,107297,116561.388413845,92573.3648243994,128114.80863781,110763.9,92806.4,122227.83550974,0.00271428571428571,0.001,0.0074,0.0018,0.003,0.019,0.003,0.34619545965368,0.2,0.379012637094901,329180.651178613,260005.660288097,342941.467397306,0.288330923577785,0.275306074316527,0.311208989638043,1,1,0,1,0.130193653968543,0.128225645129026,0.591118223644729
"HCR-A_Ftrgt-0.3_Btrigger-240000_TACconstr-FALSE_BB-FALSE.rds","base",0.3,240000,"A",FALSE,FALSE,107297,118804.57638634,92764.4335149576,126165.027201205,115717,84069,122871,0.00228571428571429,0.00136363636363636,0.0046,0.002,0.003,0.013,0.003,0.145166162726196,0.236060838349726,0.159667945873013,331768.675789861,272251.856442179,346269.707426272,0.296985003795057,0.268295073822569,0.306399199214722,1,1,0,1,0.155832348395309,0.132332332332332,0.640928185637127
"HCR-A_Ftrgt-0.3_Btrigger-2e+05_TACconstr-FALSE_BB-FALSE.rds","base",0.3,2e+05,"A",FALSE,FALSE,107297,119035.109360029,95542.6456411912,123424.462968812,115247.5,91462.5,119539.5,0.00314285714285714,0.00136363636363636,0.008,0.0022,0.003,0.018,0.003,0.136736323262316,0.196291689509294,0.149839385111004,328155.332161177,260071.475326014,338240.887596222,0.299880075108765,0.288702571559959,0.303464731015845,1,1,0,1,0.0658241658332576,0.0748449069441665,0.198839767953591
"HCR-A_Ftrgt-0.3_Btrigger-2e+05_TACconstr-TRUE_BB-TRUE.rds","base",0.3,2e+05,"A",TRUE,TRUE,107297,116760.338218182,95068.95926,125564.263460033,110760.8,83632.5,119909.3,0.00280952380952381,0.001,0.0076,0.002,0.003,0.014,0.003,0.349784389011444,0.28,0.391441659995754,326627.91954651,257552.457267833,333878.29736748,0.290927469925865,0.284570671740583,0.312512906820374,1,1,0,0,0.0635454545454545,0.0792316926770708,0.1972
"HCR-A_Ftrgt-0.315_Btrigger-250000_TACconstr-FALSE_BB-FALSE.rds","base",0.315,250000,"A",FALSE,FALSE,107297,118860.943931803,94505.1359783692,127197.877221423,115998,84663,124306.5,0.00328571428571429,0.00272727272727273,0.005,0.0028,0.005,0.014,0.005,0.153985583871248,0.244758473385568,0.168180954033703,319028.652214936,269121.240283559,332337.026296213,0.308548804872694,0.275926158637735,0.321371069049651,1,1,0,1,0.231202836621511,0.187675070028011,0.694938987797559
"HCR-A_Ftrgt-0.32_Btrigger-170000_TACconstr-FALSE_BB-FALSE.rds","base",0.32,170000,"A",FALSE,FALSE,107297,119307.772227417,100372.655289412,122370.320970698,115199,96626,117928.5,0.00571428571428571,0.00354545454545455,0.0128,0.0034,0.005,0.023,0.004,0.138419925109468,0.164222332628901,0.149457175037945,305007.516087438,248433.741979594,311780.253326565,0.3197029223952,0.316060098648225,0.322421316831552,1,1,0,1,0.046826695762866,0.0594237695078031,0.101440576230492
"HCR-A_Ftrgt-0.32_Btrigger-190000_TACconstr-FALSE_BB-FALSE.rds","base",0.32,190000,"A",FALSE,FALSE,107297,119277.385683323,99648.1792894118,123041.336970698,115451.5,96599.5,119183.5,0.00557142857142857,0.00354545454545455,0.0122,0.0034,0.005,0.023,0.004,0.142081761068057,0.165350665471347,0.152822075896694,306505.851762277,249321.685517388,314664.779513667,0.318996075809336,0.313857142507829,0.32235898710403,1,1,0,1,0.0825604655391889,0.0902360944377751,0.162665066026411
"HCR-A_Ftrgt-0.32_Btrigger-210000_TACconstr-FALSE_BB-FALSE.rds","base",0.32,210000,"A",FALSE,FALSE,107297,119197.373262567,98576.9998276481,124068.825544846,115777.5,96532,120313,0.00538095238095238,0.00363636363636364,0.011,0.0036,0.006,0.023,0.005,0.145915908246384,0.166659298515563,0.158769875028319,308493.325763553,250594.458768252,319085.191600304,0.317531817823078,0.30960180097383,0.322178742655245,1,1,0,1,0.128011637421584,0.12765106042417,0.269907963185274
"HCR-A_Ftrgt-0.32_Btrigger-230000_TACconstr-FALSE_BB-FALSE.rds","base",0.32,230000,"A",FALSE,FALSE,107297,119084.382090909,97147.0856050997,125434.961895045,115958.5,91913.5,122218,0.00457142857142857,0.00336363636363636,0.0082,0.0036,0.006,0.019,0.007,0.150821033651084,0.205046203710089,0.163629058343337,310903.596419383,257425.241408968,323657.420355732,0.31579099105879,0.297754700941305,0.324135804159478,1,1,0,1,0.184363636363636,0.169135308246597,0.592718543708742
"HCR-A_Ftrgt-0.33_Btrigger-180000_TACconstr-FALSE_BB-FALSE.rds","base",0.33,180000,"A",FALSE,FALSE,107297,119344.737090909,101808.203638653,122587.62122249,115471.5,99125.5,118506,0.00785714285714286,0.00518181818181818,0.016,0.0056,0.008,0.026,0.009,0.143741770115736,0.145528756637473,0.153114774162384,296529.312632282,243817.338212319,303672.605282053,0.328932463936217,0.327671456371256,0.331294240896021,1,1,0,0,0.0801818181818182,0.0880176035207041,0.131052420968387
"HCR-A_Ftrgt-0.33_Btrigger-220000_TACconstr-FALSE_BB-FALSE.rds","base",0.33,220000,"A",FALSE,FALSE,107297,119199.198055819,99605.0263300224,124624.632499954,116059.5,97675.5,121541.5,0.00704761904761905,0.00536363636363636,0.0124,0.0054,0.008,0.024,0.007,0.152975960389165,0.158656861070928,0.165673879681212,300655.686402316,248312.658132339,312823.834179158,0.325641007100089,0.315768600906539,0.331357177709183,1,1,0,1,0.181198290753705,0.179871948779512,0.535507101420284
"HCR-A_Ftrgt-0.33_Btrigger-240000_TACconstr-FALSE_BB-FALSE.rds","base",0.33,240000,"A",FALSE,FALSE,107297,119079.092087142,97976.6138209769,126130.585865924,116295,91066.5,123095.5,0.00595238095238095,0.00527272727272727,0.0082,0.0052,0.008,0.017,0.008,0.159400815338795,0.213748603859419,0.171510914727274,305019.564109834,257045.964978957,316192.38538639,0.322919823546038,0.300562617138633,0.333416947383608,1,1,0,1,0.245408256046554,0.215172137710168,0.655331066213243
"HCR-A_Ftrgt-0.33_Btrigger-260000_TACconstr-FALSE_BB-FALSE.rds","base",0.33,260000,"A",FALSE,FALSE,107297,118850.006545455,96029.9222436381,128034.813216605,116451,85187.5,125532,0.00519047619047619,0.005,0.0052,0.0056,0.008,0.014,0.01,0.167299656095211,0.251509574315881,0.177592294582552,309062.369256295,266897.994655451,321987.511552043,0.318146633575618,0.2822728598031,0.335718292519859,1,1,0,0,0.310272727272727,0.250300120048019,0.749749949989998
"HCR-A_Ftrgt-0.33_Btrigger-270000_TACconstr-FALSE_BB-FALSE.rds","base",0.33,270000,"A",FALSE,FALSE,107297,118726.047,94987.4775228413,129021.32737056,116484.5,82511.5,126381.5,0.0050952380952381,0.00527272727272727,0.0042,0.0056,0.008,0.011,0.011,0.172424681163011,0.258441056797738,0.181099338315902,311465.598993593,271853.900413801,324669.607829088,0.315944252645197,0.27288937335289,0.336811032982845,1,1,0,0,0.342636363636364,0.268107242897159,0.782156431286257
"HCR-A_Ftrgt-0.33_Btrigger-2e+05_TACconstr-FALSE_BB-FALSE.rds","base",0.33,2e+05,"A",FALSE,FALSE,107297,119290.220545455,100897.714982193,123420.653130808,115784,99074,119661,0.00766666666666667,0.00527272727272727,0.0152,0.0054,0.008,0.026,0.008,0.147656831128663,0.146399386249224,0.159269576890094,298125.960929089,244947.395111251,306831.614689556,0.327751117603741,0.323398920623687,0.330761891921794,1,1,0,0,0.125454545454545,0.129251700680272,0.213485394157663
"HCR-A_Ftrgt-0.34_Btrigger-170000_TACconstr-FALSE_BB-FALSE.rds","base",0.34,170000,"A",FALSE,FALSE,107297,119399.730185126,103887.57774267,122040.379743562,115423.5,101609,117951,0.010047619047619,0.00763636363636364,0.018,0.0074,0.011,0.03,0.011,0.146162854849758,0.127107613268051,0.154699235166876,286592.401919022,239049.66045554,292142.371416949,0.338427385234507,0.341074981041124,0.340401492194554,1,1,0,1,0.0761047463175123,0.0854170834166833,0.109421884376875
"HCR-A_Ftrgt-0.34_Btrigger-190000_TACconstr-FALSE_BB-FALSE.rds","base",0.34,190000,"A",FALSE,FALSE,107297,119365.60216652,103104.85574267,122724.923343562,115842,101585,118938.5,0.0099047619047619,0.00763636363636364,0.0176,0.0072,0.01,0.03,0.01,0.149903741601198,0.128075701487171,0.160366420903652,288296.790269692,239827.930153515,295948.777521727,0.337058312277714,0.338243706833256,0.339901101813831,1,1,0,1,0.120829166287844,0.129025805161032,0.172834566913383
"HCR-A_Ftrgt-0.34_Btrigger-210000_TACconstr-FALSE_BB-FALSE.rds","base",0.34,210000,"A",FALSE,FALSE,107297,119293.151272727,101954.140188661,123760.886113409,116097.5,101519.5,120488,0.00952380952380952,0.00745454545454545,0.0166,0.007,0.01,0.03,0.009,0.154438954128207,0.128844562443969,0.168556884908943,290848.654897964,241696.226855498,301095.398537541,0.33575762218308,0.332794449713886,0.338908543952216,1,1,0,1,0.177363636363636,0.183273309323729,0.279055811162232
"HCR-A_Ftrgt-0.34_Btrigger-230000_TACconstr-FALSE_BB-FALSE.rds","base",0.34,230000,"A",FALSE,FALSE,107297,119177.160090909,100490.9462,125116.813781483,116328.5,96639.5,121972,0.00852380952380952,0.00736363636363636,0.0122,0.0074,0.01,0.023,0.011,0.161236783611726,0.168665092062616,0.174877322219991,294488.56864091,247780.082367084,305080.222211454,0.332833658152251,0.320036966180196,0.340103089473421,1,1,0,0,0.242,0.228691476590636,0.6022
"HCR-A_Ftrgt-0.34_Btrigger-240000_TACconstr-FALSE_BB-FALSE.rds","base",0.34,240000,"A",FALSE,FALSE,107297,119117.137304347,99604.7718013621,125923.602186412,116424.5,93373.5,123028.5,0.00804761904761905,0.00745454545454545,0.0098,0.0076,0.011,0.021,0.012,0.164760429528826,0.195714950693056,0.177062227387066,296815.60132873,251915.026695043,307843.531724289,0.330598396405627,0.311589641819605,0.34130450385377,1,1,0,0,0.275661423765797,0.246898759503802,0.660932186437287
"HCR-A_Ftrgt-0.34_Btrigger-250000_TACconstr-FALSE_BB-FALSE.rds","base",0.34,250000,"A",FALSE,FALSE,107297,119039.255636364,98651.1497669187,126792.461278004,116523,90262,124306,0.00761904761904762,0.00763636363636364,0.008,0.0072,0.012,0.016,0.012,0.169254504289913,0.221333873525964,0.180268614515013,299291.546635406,256978.522718237,310807.800474917,0.328240173414178,0.302148823720577,0.341796546869616,1,1,0,0,0.307909090909091,0.265612489991994,0.706941388277656
"HCR-A_Ftrgt-0.34_Btrigger-260000_TACconstr-FALSE_BB-FALSE.rds","base",0.34,260000,"A",FALSE,FALSE,107297,118905.602636364,97646.8548,127784.04244486,116663.5,87334,125181,0.0070952380952381,0.00754545454545455,0.006,0.0072,0.012,0.014,0.013,0.175286033811887,0.243715589753747,0.183420628253196,301344.407614796,262218.464701344,313756.84381505,0.325561276412674,0.291984578149895,0.343421897317506,1,1,0,1,0.340181818181818,0.283656731346269,0.754
"HCR-A_Ftrgt-0.34_Btrigger-270000_TACconstr-FALSE_BB-FALSE.rds","base",0.34,270000,"A",FALSE,FALSE,107297,118775.840096231,96590.2674,128798.855645832,116464,84611.5,126344.5,0.00661904761904762,0.00709090909090909,0.0052,0.007,0.011,0.014,0.013,0.180323359116154,0.257605292526512,0.186358026132679,304029.292540104,267269.755373288,316025.002697672,0.322665287456609,0.282213714216293,0.345071401329481,1,1,0,2,0.376034184925902,0.3016,0.7854
"HCR-A_Ftrgt-0.35_Btrigger-140000_TACconstr-FALSE_BB-FALSE.rds","base",0.35,140000,"A",FALSE,FALSE,107297,119396.056437351,106329.3186,121140.467484425,115071.5,104056,116504.5,0.0126666666666667,0.01,0.0218,0.0094,0.014,0.037,0.013,0.144354208440777,0.109843332621993,0.151046658412419,275438.96216507,234211.300986126,280257.800946312,0.349203510553645,0.355803201159678,0.350058320157586,1,1,0,2,0.0386469037010094,0.0496198479391757,0.0498
"HCR-A_Ftrgt-0.35_Btrigger-150000_TACconstr-FALSE_BB-FALSE.rds","base",0.35,150000,"A",FALSE,FALSE,107297,119399.099970482,106132.723,121292.338788067,115282.5,104044.5,116960,0.0125238095238095,0.01,0.0214,0.0092,0.014,0.037,0.013,0.145667785191366,0.109802772222605,0.153813157835741,276266.846579009,234263.305366428,280538.807024751,0.348813991387483,0.355569630068283,0.350146157312092,1,1,0,2,0.0531914893617021,0.0652130426085217,0.0684
"HCR-A_Ftrgt-0.35_Btrigger-160000_TACconstr-FALSE_BB-FALSE.rds","base",0.35,160000,"A",FALSE,FALSE,107297,119403.374533596,105874.6846,121504.341588067,115424.5,104043,117321,0.0125238095238095,0.01,0.0212,0.0094,0.014,0.037,0.013,0.148076890688663,0.1102079166954,0.156017225600037,277168.478036743,234347.478835481,281632.411103908,0.348258571100743,0.354467393368885,0.349936226591839,1,1,0,2,0.0713766139298054,0.0802160432086417,0.0912
"HCR-A_Ftrgt-0.35_Btrigger-170000_TACconstr-FALSE_BB-FALSE.rds","base",0.35,170000,"A",FALSE,FALSE,107297,119396.785332088,105558.913,121763.61254531,115597,104029.5,117832.5,0.0123809523809524,0.00981818181818182,0.021,0.0094,0.014,0.037,0.013,0.149616646988382,0.110444786493037,0.158594148385747,277792.543541838,234825.027535485,282967.14740506,0.347433951574566,0.353735446676082,0.349156791631456,1,1,0,2,0.0936448768069825,0.102220444088818,0.1138
"HCR-A_Ftrgt-0.35_Btrigger-170000_TACconstr-TRUE_BB-TRUE.rds","base",0.35,170000,"A",TRUE,TRUE,107297,117295.845563636,104956.401591848,124023.681904022,111106.95,94536.9,118001.15,0.012952380952381,0.011,0.0202,0.01,0.017,0.042,0.012,0.345411138633574,0.288150068182522,0.388056199021782,276110.079536508,232417.085709613,279563.644375271,0.337733077913878,0.346107486121592,0.357507664935162,1,1,0,2,0.0928181818181818,0.112422484496899,0.107021404280856
"HCR-A_Ftrgt-0.35_Btrigger-180000_TACconstr-TRUE_BB-TRUE.rds","base",0.35,180000,"A",TRUE,TRUE,107297,117322.712454545,104658.437851848,124171.988282208,111323.1,94466.7,118304.4,0.0127619047619048,0.0106363636363636,0.0202,0.01,0.017,0.042,0.012,0.343731865600659,0.284432640781166,0.385860017087838,277331.209429208,232517.967388867,281224.508630261,0.337096704278618,0.344707806934732,0.355725969886103,1,1,0,2,0.118363636363636,0.138627725545109,0.134026805361072
"HCR-A_Ftrgt-0.35_Btrigger-190000_TACconstr-TRUE_BB-TRUE.rds","base",0.35,190000,"A",TRUE,TRUE,107297,117329.12660352,104328.41224,124374.136576347,111445.7,94409.1,118672.8,0.0125714285714286,0.0103636363636364,0.02,0.01,0.017,0.041,0.012,0.342470878983768,0.277428301190953,0.382982432686074,278378.258250307,232926.559484918,284437.747154383,0.335776216580243,0.343316700973354,0.354207839603453,1,1,0,2,0.143013001181926,0.167833566713343,0.1728
"HCR-A_Ftrgt-0.35_Btrigger-210000_TACconstr-TRUE_BB-TRUE.rds","base",0.35,210000,"A",TRUE,TRUE,107297,117375.230677308,103351.724931821,125026.590624074,111577.9,94298.4,119300.8,0.0122380952380952,0.0109090909090909,0.018,0.0094,0.018,0.035,0.013,0.338750980647392,0.258827018222144,0.371777352537892,281319.090237645,234633.851124924,290351.438178558,0.332675309031794,0.338385886930797,0.350617048473866,1,1,0,2,0.204745885989635,0.229445889177836,0.280656131226245
"HCR-A_Ftrgt-0.35_Btrigger-220000_TACconstr-TRUE_BB-TRUE.rds","base",0.35,220000,"A",TRUE,TRUE,107297,117218.254925396,101756.57526,126779.756562949,111558,102226.15,120998.4,0.012047619047619,0.0110909090909091,0.0176,0.0086,0.018,0.031,0.012,0.338731847485365,0.198039117891698,0.36812726295191,283546.151229045,236334.558212159,294811.509024326,0.330601015207377,0.334813816333125,0.352884812072922,1,1,0,1,0.240429207965809,0.2438,0.552
"HCR-A_Ftrgt-0.35_Btrigger-230000_TACconstr-FALSE_BB-FALSE.rds","base",0.35,230000,"A",FALSE,FALSE,107297,119239.979250931,102065.2034,124773.017448019,116480,99005,121875,0.0106666666666667,0.00963636363636364,0.014,0.0096,0.015,0.026,0.014,0.166853364145443,0.151075787876698,0.180547278277636,286967.430923071,243481.614383304,297727.00904561,0.340250464991968,0.33131571604872,0.347950762792321,1,1,0,2,0.271909090909091,0.257754652791675,0.607
"HCR-A_Ftrgt-0.35_Btrigger-230000_TACconstr-TRUE_BB-TRUE.rds","base",0.35,230000,"A",TRUE,TRUE,107297,117206.771971382,101106.890942267,127276.509004364,111387.3,98692.5,121757.2,0.0112380952380952,0.0108181818181818,0.0148,0.0086,0.018,0.027,0.012,0.336328552905833,0.196076794025863,0.360908028568886,285149.718108817,240794.688050691,297125.543968039,0.327870850764771,0.325843104566542,0.351623751632326,1,1,0,1,0.272595017275868,0.264852970594119,0.610122024404881
"HCR-A_Ftrgt-0.35_Btrigger-240000_TACconstr-FALSE_BB-FALSE.rds","base",0.35,240000,"A",FALSE,FALSE,107297,119160.49971964,101190.4056,125590.352972536,116699,95640,122793.5,0.01,0.00954545454545455,0.0114,0.0096,0.015,0.022,0.014,0.172055987578689,0.17830666850562,0.18246959399405,289801.057628945,247929.004669341,300642.53719608,0.337936614649093,0.322674151345948,0.349063645761403,1,1,0,2,0.302209291753796,0.277566539923954,0.6664
"HCR-A_Ftrgt-0.35_Btrigger-250000_TACconstr-FALSE_BB-FALSE.rds","base",0.35,250000,"A",FALSE,FALSE,107297,119084.597794907,100213.879091795,126475.192423175,116700,92464,123746.5,0.00966666666666667,0.00954545454545455,0.0096,0.01,0.015,0.02,0.015,0.176983004950261,0.204431964559043,0.184724176590298,292066.898891051,251972.692836444,302725.662886373,0.33556135378538,0.312454344047758,0.349978522962805,1,1,0,2,0.336454545454545,0.298579147488493,0.712142428485697
"HCR-A_Ftrgt-0.35_Btrigger-260000_TACconstr-FALSE_BB-FALSE.rds","base",0.35,260000,"A",FALSE,FALSE,107297,118960.189228566,99191.275033988,127458.536978709,116614,89491.5,125127.5,0.0090952380952381,0.00954545454545455,0.0076,0.0096,0.015,0.015,0.014,0.183969620899742,0.228225639611061,0.18927342421919,294466.543648363,257378.764101618,305604.185195094,0.332182466854153,0.301723950895879,0.350525024706534,1,1,0,3,0.370488226202382,0.312525010004002,0.758551710342068
"HCR-A_Ftrgt-0.35_Btrigger-2e+05_TACconstr-TRUE_BB-TRUE.rds","base",0.35,2e+05,"A",TRUE,TRUE,107297,117351.867545455,103873.5291,124690.488673455,111486.5,94330.8,119160.1,0.0126666666666667,0.0107272727272727,0.0194,0.0102,0.017,0.039,0.013,0.339679472455138,0.270461783454709,0.379804522837268,279776.342739051,233665.11725702,287163.945321998,0.334316755882451,0.340461754241228,0.352061269274466,1,1,0,2,0.173090909090909,0.195239047809562,0.2204
"HCR-A_Ftrgt-0.36_Btrigger-170000_TACconstr-FALSE_BB-FALSE.rds","base",0.36,170000,"A",FALSE,FALSE,107297,119382.078562472,107136.647248536,121411.581226446,115617,106442,117607.5,0.0161904761904762,0.0135454545454545,0.0256,0.0126,0.017,0.043,0.017,0.153888108731955,0.103389579253547,0.16210995443153,269655.312079322,230477.824863794,274370.06275352,0.356610883518347,0.366497231202278,0.357298550012688,1,1,0,3,0.109565375522822,0.123049219687875,0.116623324664933
"HCR-A_Ftrgt-0.36_Btrigger-170000_TACconstr-TRUE_BB-TRUE.rds","base",0.36,170000,"A",TRUE,TRUE,107297,117322.552727273,106580.703927877,123599.966292223,111298.15,96681.6,117402.8,0.0165238095238095,0.014,0.0258,0.0128,0.021,0.057,0.016,0.342450112211307,0.287812003598209,0.387564980662473,268007.010689825,227480.380980765,271753.257553965,0.347278343068103,0.358737787819331,0.365300685994929,1,1,0,1,0.111,0.135854341736695,0.110844337735094
"HCR-A_Ftrgt-0.36_Btrigger-180000_TACconstr-FALSE_BB-FALSE.rds","base",0.36,180000,"A",FALSE,FALSE,107297,119378.814292537,106758.013848536,121705.33889511,115785.5,106424.5,117983,0.0161428571428571,0.0137272727272727,0.025,0.0126,0.018,0.043,0.017,0.155598539636967,0.105248794726084,0.166480790553395,271030.330784144,231006.328239651,277009.832231316,0.355925289624462,0.365121050431818,0.356811738472665,1,1,0,3,0.136012364760433,0.148459383753501,0.142828565713143
"HCR-A_Ftrgt-0.36_Btrigger-180000_TACconstr-TRUE_BB-TRUE.rds","base",0.36,180000,"A",TRUE,TRUE,107297,117341.494936364,106275.014627877,123761.730490245,111593.5,96651.75,117934.25,0.0163333333333333,0.0140909090909091,0.0252,0.0124,0.022,0.057,0.016,0.341701035687554,0.284515389109914,0.385315457165817,269217.859988162,227728.857131842,273918.725602751,0.345541079796441,0.357228779298814,0.362999856540109,1,1,0,1,0.136363636363636,0.162064825930372,0.1390556222489
"HCR-A_Ftrgt-0.36_Btrigger-190000_TACconstr-FALSE_BB-FALSE.rds","base",0.36,190000,"A",FALSE,FALSE,107297,119368.011425949,106291.337048536,122076.884977326,116036,106407,118753,0.015952380952381,0.0135454545454545,0.025,0.0122,0.017,0.043,0.017,0.158787156570415,0.106516205663432,0.171120718826983,271945.402032804,231307.194321982,279605.012105098,0.355032024772109,0.363434955659182,0.356241028285461,1,1,0,3,0.167848699763593,0.176470588235294,0.183036607321464
"HCR-A_Ftrgt-0.36_Btrigger-190000_TACconstr-TRUE_BB-TRUE.rds","base",0.36,190000,"A",TRUE,TRUE,107297,117673.625222586,105060.880630756,125439.570684952,111833.35,96571.5,119480.85,0.0157142857142857,0.0133636363636364,0.025,0.0116,0.021,0.052,0.016,0.342111864327502,0.27510502651772,0.379584623730048,270703.397841087,230245.168993251,280260.407197217,0.34345302033321,0.350055700052988,0.361097206871727,1,1,0,3,0.16396871589669,0.183636727345469,0.177835567113423
"HCR-A_Ftrgt-0.36_Btrigger-210000_TACconstr-FALSE_BB-FALSE.rds","base",0.36,210000,"A",FALSE,FALSE,107297,119335.886824592,105068.682244136,123080.388638664,116284,106359,120116,0.0155714285714286,0.0134545454545455,0.0238,0.012,0.018,0.043,0.017,0.16529901232252,0.111361770023342,0.180625799091465,275553.872898536,232714.444961749,285290.017348892,0.351434465103504,0.357378082666295,0.35460372482727,1,1,0,3,0.230475497772525,0.243497398959584,0.287257451490298
"HCR-A_Ftrgt-0.36_Btrigger-210000_TACconstr-TRUE_BB-TRUE.rds","base",0.36,210000,"A",TRUE,TRUE,107297,117728.36737426,104115.98906,126031.763474578,111764.85,96399.45,119841.1,0.0153333333333333,0.0131818181818182,0.0232,0.0122,0.021,0.047,0.016,0.337670291480642,0.253538961899767,0.372558988468458,274143.214966757,232301.561564947,286846.912216793,0.3405814855616,0.345404975009534,0.357254101396989,1,1,0,2,0.228264823572208,0.246849369873975,0.288
"HCR-A_Ftrgt-0.36_Btrigger-220000_TACconstr-FALSE_BB-FALSE.rds","base",0.36,220000,"A",FALSE,FALSE,107297,119304.281561583,104340.080973078,123716.117980215,116437,104972.5,120817.5,0.0151904761904762,0.0139090909090909,0.0212,0.012,0.019,0.038,0.016,0.170229623650244,0.114595148327237,0.182686469726644,277629.677433969,234689.856994317,288368.257595825,0.350284610401892,0.351593763749218,0.354730901046525,1,1,0,3,0.264478588962633,0.270362217330398,0.551310262052411
"HCR-A_Ftrgt-0.36_Btrigger-230000_TACconstr-FALSE_BB-FALSE.rds","base",0.36,230000,"A",FALSE,FALSE,107297,119274.405810961,103587.3048,124350.676059988,116529.5,101352.5,121572.5,0.0138571428571429,0.0132727272727273,0.0172,0.0118,0.018,0.03,0.016,0.175157004089309,0.134010111057511,0.185850054865454,280272.327055673,239322.773993493,290736.364946947,0.348134926098101,0.343075787295585,0.355303108272198,1,1,0,2,0.296481498318029,0.291633306645316,0.612
"HCR-A_Ftrgt-0.36_Btrigger-240000_TACconstr-FALSE_BB-FALSE.rds","base",0.36,240000,"A",FALSE,FALSE,107297,119184.64894797,102709.9786,125183.768452608,116532,97885.5,122554.5,0.0126666666666667,0.0127272727272727,0.0136,0.0116,0.017,0.024,0.016,0.180763321785769,0.160782015033446,0.18766907586297,282531.737708412,243366.127191728,293360.131622152,0.345041362030446,0.334041767755963,0.356150547915055,1,1,0,2,0.329605382796872,0.31312525010004,0.6694
"HCR-A_Ftrgt-0.36_Btrigger-250000_TACconstr-FALSE_BB-FALSE.rds","base",0.36,250000,"A",FALSE,FALSE,107297,119109.723935247,101731.518390692,126083.544614166,116552.5,94666,123752,0.0122857142857143,0.0129090909090909,0.0112,0.012,0.019,0.021,0.017,0.18563361307723,0.187163812415382,0.19142037561435,284953.789019414,248397.082731904,295855.349064464,0.341715642899168,0.322811157529479,0.357041981857413,1,1,0,2,0.36452082196763,0.332266453290658,0.716143228645729
"HCR-A_Ftrgt-0.36_Btrigger-2e+05_TACconstr-FALSE_BB-FALSE.rds","base",0.36,2e+05,"A",FALSE,FALSE,107297,119359.240682475,105732.547648536,122524.246145313,116221,106375,119316.5,0.0158095238095238,0.0136363636363636,0.0244,0.012,0.017,0.043,0.017,0.161646852503687,0.108829594126843,0.177028531776349,273871.916828811,231721.527062143,282106.311976391,0.353349891608983,0.360652239510757,0.355552177537721,1,1,0,3,0.196909090909091,0.212327396437863,0.228645729145829
"HCR-A_Ftrgt-0.36_Btrigger-2e+05_TACconstr-TRUE_BB-TRUE.rds","base",0.36,2e+05,"A",TRUE,TRUE,107297,117701.762660636,104591.730390756,125741.044791163,111756.45,96492.15,119594.8,0.0154761904761905,0.013,0.0244,0.012,0.02,0.049,0.016,0.339283616663461,0.267973444881215,0.378705197052484,272225.241899522,230846.19081811,283953.363032528,0.34214268098242,0.34741612079301,0.359854667932425,1,1,0,3,0.196690006365372,0.211684673869548,0.227245449089818
"HCR-A_Ftrgt-0.363_Btrigger-149098_TACconstr-FALSE_BB-FALSE.rds","base",0.363,149098,"A*",FALSE,FALSE,107297,119355.373730964,108238.361615818,120842.747354957,115270,107192,116577,0.0172857142857143,0.014,0.0278,0.014,0.019,0.044,0.018,0.150562774976519,0.101669664708351,0.158116658924557,265531.154994623,228780.568577879,268913.364266866,0.360846438477116,0.372260665802369,0.361782829612633,1,1,0,3,0.0679276166227153,0.0794476686011607,0.0734146829365873
"HCR-A_Ftrgt-0.369_Btrigger-210000_TACconstr-TRUE_BB-TRUE.rds","base",0.369,210000,"A",TRUE,TRUE,107297,117788.630710318,105424.090607504,125545.454169734,111781.1,98333.1,119550.6,0.0183809523809524,0.0159090909090909,0.0268,0.0154,0.024,0.051,0.018,0.336647771848253,0.254886094179855,0.370513482096481,267908.05074573,227935.789084935,281003.046835652,0.346944007250265,0.356081556523024,0.362467485134559,1,1,0,6,0.25165924174925,0.275986380933307,0.291516606642657
"HCR-A_Ftrgt-0.37_Btrigger-140000_TACconstr-FALSE_BB-FALSE.rds","base",0.37,140000,"A",FALSE,FALSE,107297,119319.162752759,109515.646584907,120403.886872137,115139.5,108857.5,115901.5,0.0210952380952381,0.0178181818181818,0.0316,0.0178,0.024,0.046,0.026,0.150952579289946,0.101948902212783,0.157770886596656,258973.773161854,225338.058972719,262345.712247371,0.368020070377067,0.381780912818147,0.368229709448139,1,1,0,3,0.0596417856168743,0.0730438262957775,0.0588235294117647
"HCR-A_Ftrgt-0.37_Btrigger-150000_TACconstr-FALSE_BB-FALSE.rds","base",0.37,150000,"A",FALSE,FALSE,107297,119331.756480032,109281.173784907,120568.718857232,115311.5,108857,116454,0.021047619047619,0.0178181818181818,0.0314,0.0178,0.024,0.046,0.026,0.153148343318683,0.102575829229181,0.159997593333617,259783.018171849,225360.797043496,263565.581844155,0.367258507258074,0.381471871576715,0.368041315916423,1,1,0,3,0.0802800254568597,0.0940564338603162,0.0796318527410964
"HCR-A_Ftrgt-0.37_Btrigger-160000_TACconstr-FALSE_BB-FALSE.rds","base",0.37,160000,"A",FALSE,FALSE,107297,119340.506270183,108989.532984907,120786.812407289,115495.5,108845.5,116889.5,0.0207142857142857,0.0174545454545455,0.0312,0.0174,0.025,0.046,0.025,0.155121080923625,0.103612089552308,0.163625610648502,260811.412279603,225560.479919209,264796.894942384,0.366333354613058,0.380212090116358,0.366979383442426,1,1,0,3,0.103282116556051,0.118847539015606,0.0982392957182873
"HCR-A_Ftrgt-0.37_Btrigger-170000_TACconstr-FALSE_BB-FALSE.rds","base",0.37,170000,"A",FALSE,FALSE,107297,119347.507887919,108652.453184907,121033.294407289,115719.5,108843.5,117434,0.0206190476190476,0.0174545454545455,0.0308,0.0174,0.025,0.046,0.024,0.157535025201921,0.105426887893164,0.167088923149387,262074.436104284,225972.346837111,266542.6202772,0.366000056567326,0.379212359096918,0.366157772039962,1,1,0,4,0.127557050640967,0.143857543017207,0.120448179271709
"HCR-A_Ftrgt-0.37_Btrigger-170000_TACconstr-TRUE_BB-TRUE.rds","base",0.37,170000,"A",TRUE,TRUE,107297,117323.257388852,108149.575544636,123136.615484427,111409.6,98850.15,117215.1,0.0208571428571429,0.0178181818181818,0.0318,0.0166,0.027,0.065,0.023,0.341893256118752,0.28824530688792,0.384479536815531,260227.965624585,223648.157063318,263959.237809253,0.355258092428032,0.371805888080292,0.371976663264707,1,1,0,2,0.130090909090909,0.157431486297259,0.116646658663465
"HCR-A_Ftrgt-0.37_Btrigger-180000_TACconstr-TRUE_BB-TRUE.rds","base",0.37,180000,"A",TRUE,TRUE,107297,117369.565190566,107827.537424636,123273.015459218,111575.35,98815.5,117770.95,0.0206190476190476,0.0174545454545455,0.0314,0.0168,0.026,0.065,0.023,0.341629622672704,0.285412075861572,0.382578191114803,261814.426307249,223688.429170279,266567.629809302,0.354458482818485,0.370134948218636,0.370158507538395,1,1,0,2,0.157727272727273,0.190838167633527,0.14405762304922
"HCR-A_Ftrgt-0.37_Btrigger-190000_TACconstr-TRUE_BB-TRUE.rds","base",0.37,190000,"A",TRUE,TRUE,107297,117705.224429652,106615.62352,124870.429519309,111832.3,98715.15,118897.2,0.0191904761904762,0.0162727272727273,0.0292,0.0156,0.025,0.057,0.019,0.339751556478072,0.275778290564437,0.379322682434118,263686.728177137,225514.824331133,273538.978795622,0.35173311868341,0.362226242040184,0.369563607972684,1,1,0,5,0.18839789052555,0.21152691614969,0.184
"HCR-A_Ftrgt-0.37_Btrigger-210000_TACconstr-FALSE_BB-FALSE.rds","base",0.37,210000,"A",FALSE,FALSE,107297,119329.698215811,106538.629793002,122669.225310579,116337,108749,119777,0.0194285714285714,0.0166363636363636,0.0286,0.0164,0.024,0.046,0.023,0.173024679233587,0.113644001225189,0.184406311197888,268550.665549732,228286.777575033,278202.697156775,0.360254619585919,0.370252944176943,0.361859803289741,1,1,0,3,0.256683033278778,0.276766059635781,0.291458291658332
"HCR-A_Ftrgt-0.37_Btrigger-210000_TACconstr-TRUE_BB-TRUE.rds","base",0.37,210000,"A",TRUE,TRUE,107297,117758.02355539,105598.976721428,125537.614533639,111725.35,98546.4,119510.85,0.0187619047619048,0.0163636363636364,0.0272,0.0156,0.024,0.051,0.018,0.336583682988703,0.254866604188385,0.369561281165519,267174.013563275,227285.098201464,280051.620800223,0.347656984250785,0.357264693667663,0.363206282537386,1,1,0,5,0.254841349213565,0.280224179343475,0.292058411682336
"HCR-A_Ftrgt-0.37_Btrigger-220000_TACconstr-FALSE_BB-FALSE.rds","base",0.37,220000,"A",FALSE,FALSE,107297,119285.872302394,105781.892046448,123350.55636302,116545,107332.5,120607.5,0.0185238095238095,0.0164545454545455,0.0256,0.016,0.023,0.044,0.022,0.177306892123941,0.115991029509118,0.188947066775214,270902.073018304,230692.503374386,281435.701897351,0.358211995826688,0.36392006839617,0.362384170927944,1,1,0,5,0.288597926895799,0.302660532106421,0.556422569027611
"HCR-A_Ftrgt-0.37_Btrigger-220000_TACconstr-TRUE_BB-TRUE.rds","base",0.37,220000,"A",TRUE,TRUE,107297,117293.38375144,104731.998995802,125975.916226389,111450.5,106994,120292.6,0.0192857142857143,0.0174545454545455,0.0278,0.0148,0.025,0.052,0.017,0.335470881977722,0.200720887374818,0.358460906303942,269119.582569373,228006.975420843,279952.538223151,0.345300156726034,0.35954409270638,0.364891476963941,1,1,0,4,0.291624988633264,0.308861772354471,0.564312862572514
"HCR-A_Ftrgt-0.37_Btrigger-230000_TACconstr-FALSE_BB-FALSE.rds","base",0.37,230000,"A",FALSE,FALSE,107297,119257.528284898,105028.256846154,123980.985786711,116512,103648.5,121467,0.0174285714285714,0.0163636363636364,0.0208,0.0164,0.022,0.034,0.022,0.182186979524907,0.123001870366645,0.191262164626316,273502.279107273,235472.617399675,283426.912376458,0.354756653464639,0.354577129563262,0.362509148115697,1,1,0,6,0.323695217312239,0.32746549309862,0.617323464692939
"HCR-A_Ftrgt-0.37_Btrigger-230000_TACconstr-TRUE_BB-TRUE.rds","base",0.37,230000,"A",TRUE,TRUE,107297,117314.227006074,104088.498306244,126424.644540609,111537.55,103307,121132.55,0.017952380952381,0.0174545454545455,0.022,0.015,0.027,0.037,0.017,0.33269852408122,0.19615989851474,0.3529516642645,271505.85754964,232667.526588089,282147.67877677,0.343424808133125,0.349267647089497,0.363776672366369,1,1,0,4,0.3274231678487,0.3302,0.617847138855542
"HCR-A_Ftrgt-0.37_Btrigger-240000_TACconstr-FALSE_BB-FALSE.rds","base",0.37,240000,"A",FALSE,FALSE,107297,119214.159815893,104156.687294841,124719.799769686,116491.5,100131.5,122286,0.0166190476190476,0.0162727272727273,0.0166,0.0174,0.023,0.028,0.021,0.187029247284236,0.144502965312737,0.194826495793335,276252.335283745,239691.342356691,286125.522320739,0.351645517597642,0.345534751889275,0.362423941649812,1,1,0,4,0.358246953991635,0.349939975990396,0.676135227045409
"HCR-A_Ftrgt-0.37_Btrigger-2e+05_TACconstr-TRUE_BB-TRUE.rds","base",0.37,2e+05,"A",TRUE,TRUE,107297,117726.574161713,106134.67932,125193.062400799,111789.9,98661.5,119128,0.0192380952380952,0.0168181818181818,0.028,0.0158,0.025,0.053,0.019,0.338500795187871,0.268378809718996,0.375742977321361,265188.064485224,226260.267564919,276323.525178727,0.350433351726125,0.359641999885352,0.366162881524934,1,1,0,5,0.220312784142571,0.24624924984997,0.2318
"HCR-A_Ftrgt-0.38_Btrigger-170000_TACconstr-FALSE_BB-FALSE.rds","base",0.38,170000,"A",FALSE,FALSE,107297,119286.725456953,110165.0684,120552.839668013,115815,111223,117241,0.0253333333333333,0.0221818181818182,0.0352,0.0224,0.027,0.053,0.028,0.161800143733576,0.1074069411856,0.171920068833952,254970.963798619,222265.063280277,259593.307709453,0.374819347106892,0.392644153858744,0.374993851200093,1,1,0,5,0.151013728520775,0.167867146858743,0.1228
"HCR-A_Ftrgt-0.38_Btrigger-190000_TACconstr-FALSE_BB-FALSE.rds","base",0.38,190000,"A",FALSE,FALSE,107297,119317.287787142,109248.7362,121174.431352199,116137.5,111188,118287.5,0.0248095238095238,0.0218181818181818,0.0344,0.0218,0.028,0.053,0.027,0.170414664322832,0.110456719668741,0.181449741313289,258180.840641308,223321.480878274,265154.440476018,0.371839166697424,0.388391956242138,0.372101753579573,1,1,0,6,0.213201200109101,0.241144686812087,0.192
"HCR-A_Ftrgt-0.38_Btrigger-190000_TACconstr-TRUE_BB-TRUE.rds","base",0.38,190000,"A",TRUE,TRUE,107297,117668.951337133,108087.45914,124400.629142408,111811.7,100879.65,118256.05,0.0247142857142857,0.0210909090909091,0.0356,0.0218,0.031,0.071,0.027,0.337813791212715,0.276077445629664,0.376716147105526,256690.079824362,222080.088508963,266549.142627242,0.359984024258834,0.374403629782352,0.375509297398407,1,1,0,8,0.213363636363636,0.242848569713943,0.19
"HCR-A_Ftrgt-0.38_Btrigger-210000_TACconstr-FALSE_BB-FALSE.rds","base",0.38,210000,"A",FALSE,FALSE,107297,119302.497518559,107956.506,122213.944119524,116432,111120.5,119388.5,0.0240952380952381,0.0215454545454545,0.0326,0.0212,0.029,0.05,0.026,0.179616670945824,0.114300229439726,0.191027690984209,262363.407436088,224076.55833685,271813.608107124,0.368764483465231,0.383574146701046,0.368932797788054,1,1,0,7,0.279181818181818,0.305722288915566,0.298
"HCR-A_Ftrgt-0.38_Btrigger-210000_TACconstr-TRUE_BB-TRUE.rds","base",0.38,210000,"A",TRUE,TRUE,107297,117752.844352812,107042.624110805,125053.378237708,111951.35,100688.4,119054.35,0.0233809523809524,0.0206363636363636,0.032,0.0208,0.031,0.061,0.025,0.334704301445264,0.253188446480743,0.365889904581487,260449.34868184,223552.142598463,272711.300641634,0.355080187731929,0.368481993362411,0.368743001648851,1,1,0,7,0.281116465133194,0.312987792675605,0.297259451890378
"HCR-A_Ftrgt-0.38_Btrigger-220000_TACconstr-TRUE_BB-TRUE.rds","base",0.38,220000,"A",TRUE,TRUE,107297,117577.683380567,105288.619235567,127047.078679912,111633.4,109098,121212.85,0.0235714285714286,0.0209090909090909,0.033,0.02,0.034,0.056,0.023,0.333015012022042,0.202886209993204,0.362426766287837,263028.446750291,225061.322037978,278113.174118854,0.351952228059291,0.364417310314925,0.370229423082591,1,1,0,8,0.319392672061096,0.326130452180872,0.572314462892578
"HCR-A_Ftrgt-0.38_Btrigger-230000_TACconstr-FALSE_BB-FALSE.rds","base",0.38,230000,"A",FALSE,FALSE,107297,119253.708691406,106455.6682,123452.447423294,116473.5,105925.5,120867.5,0.0223333333333333,0.0209090909090909,0.0258,0.022,0.028,0.04,0.027,0.190190090350302,0.122858490427482,0.199253749722916,267006.022142775,231243.948277564,276406.865116939,0.361699027221787,0.36738603604282,0.367489816130629,1,1,0,5,0.350727272727273,0.364072814562913,0.6224
"HCR-A_Ftrgt-0.38_Btrigger-240000_TACconstr-FALSE_BB-FALSE.rds","base",0.38,240000,"A",FALSE,FALSE,107297,119197.743112428,105584.2762,124198.04889817,116502.5,102370,121787.5,0.020952380952381,0.0204545454545455,0.0208,0.0222,0.029,0.031,0.028,0.19629790943982,0.131253879042825,0.202645559020179,269702.093942217,235775.520776783,279253.895634951,0.358272318775738,0.356731276195595,0.368144989941732,1,1,0,9,0.385363636363636,0.379751900760304,0.6802
"HCR-A_Ftrgt-0.38_Btrigger-2e+05_TACconstr-TRUE_BB-TRUE.rds","base",0.38,2e+05,"A",TRUE,TRUE,107297,117728.291801041,107610.1429,124677.26853195,111686,100814.4,118527.45,0.024047619047619,0.0208181818181818,0.034,0.0212,0.03,0.068,0.026,0.336486599259164,0.270210131125373,0.373662612637596,258295.403577079,222822.501648253,269659.784345859,0.357953690617456,0.372300959476809,0.37162975320411,1,1,0,7,0.24584053095736,0.276055211042208,0.238
"HCR-A_Ftrgt-0.385_Btrigger-250000_TACconstr-FALSE_BB-FALSE.rds","base",0.385,250000,"A",FALSE,FALSE,107297,119119.696734089,105299.238527238,124789.728691373,115950.5,100068,122434,0.0222857142857143,0.0231818181818182,0.018,0.0246,0.033,0.027,0.031,0.205959856192523,0.146317495345149,0.209648293444569,269275.423930075,238156.653687876,278572.489670665,0.357741587882652,0.349980257925928,0.370261695975436,1,1,0,11,0.424895435533733,0.410328262610088,0.72754550910182
"HCR-A_Ftrgt-0.39_Btrigger-180000_TACconstr-FALSE_BB-FALSE.rds","base",0.39,180000,"A",FALSE,FALSE,107297,119254.42438625,111150.443764172,120282.250919402,116014,113552.5,117199,0.030952380952381,0.0274545454545455,0.0418,0.0278,0.033,0.064,0.033,0.17210098897697,0.108628327032456,0.182030039167816,249647.601730898,218988.169300691,255729.255522405,0.382689230744795,0.404167579962017,0.38098677370575,1,1,0,8,0.204636363636364,0.236188951160929,0.161
"HCR-A_Ftrgt-0.39_Btrigger-190000_TACconstr-TRUE_BB-TRUE.rds","base",0.39,190000,"A",TRUE,TRUE,107297,117389.418658679,110398.82632,122283.872621466,111542.95,103039.45,116300.35,0.0307142857142857,0.0263636363636364,0.0432,0.0278,0.037,0.089,0.037,0.335884211183836,0.279303437789605,0.374795552824228,250023.130063787,215948.790758812,256601.892278019,0.36833540753206,0.394163084661165,0.379806401014403,1,1,0,7,0.23893081189199,0.287257451490298,0.1926
"HCR-A_Ftrgt-0.39_Btrigger-210000_TACconstr-FALSE_BB-FALSE.rds","base",0.39,210000,"A",FALSE,FALSE,107297,119274.443352899,109299.774364172,121665.171242298,116358,113467,118724,0.0296666666666667,0.0272727272727273,0.039,0.0256,0.035,0.063,0.03,0.18722342271123,0.114790641196386,0.200121525556951,256150.503674402,220681.684067768,266019.799126972,0.375653511126609,0.396374445314676,0.374312952296818,1,1,0,9,0.304664060369124,0.340072057646117,0.3034
"HCR-A_Ftrgt-0.39_Btrigger-210000_TACconstr-TRUE_BB-TRUE.rds","base",0.39,210000,"A",TRUE,TRUE,107297,117491.480281588,109349.26626,122887.726567592,111567.15,102916,116870.9,0.0295714285714286,0.0266363636363636,0.04,0.0256,0.039,0.081,0.035,0.333508609888641,0.256745225734606,0.356491439860653,254604.643063529,217118.835008674,264927.049003459,0.363221823352864,0.386870088889635,0.371534117264786,1,1,0,11,0.304090909090909,0.3596,0.3066
"HCR-A_Ftrgt-0.39_Btrigger-220000_TACconstr-FALSE_BB-FALSE.rds","base",0.39,220000,"A",FALSE,FALSE,107297,119235.404059664,108537.742223784,122345.458283136,116429.5,111961,119703.5,0.0285238095238095,0.0269090909090909,0.0346,0.026,0.035,0.053,0.03,0.192858291707044,0.1184724855817,0.206202410291561,258195.325972167,223013.836878613,269314.242375346,0.372464910635877,0.389098321973095,0.373207422450824,1,1,0,11,0.341272727272727,0.369547819127651,0.569
"HCR-A_Ftrgt-0.39_Btrigger-240000_TACconstr-FALSE_BB-FALSE.rds","base",0.39,240000,"A",FALSE,FALSE,107297,119181.739224063,106938.854850131,123653.380947235,116135.5,104564,121353.5,0.026047619047619,0.0262727272727273,0.0246,0.027,0.037,0.037,0.032,0.204197417122463,0.130182894566054,0.211381442370146,263270.15590241,231562.635480611,273005.444724183,0.364856441145706,0.368402721465092,0.371127867905064,1,1,0,10,0.408165120931078,0.40748149629926,0.6864
"HCR-A_Ftrgt-0.39_Btrigger-2e+05_TACconstr-FALSE_BB-FALSE.rds","base",0.39,2e+05,"A",FALSE,FALSE,107297,119279.486252956,110022.893964172,121085.272732703,116490,113491.5,117950,0.0300952380952381,0.0274545454545455,0.0402,0.0258,0.033,0.064,0.03,0.181958137664775,0.112366461075776,0.192524291172307,253882.700656459,219884.936270781,262540.250257865,0.378927862010553,0.399463252608408,0.376682275789623,1,1,0,9,0.269776322967812,0.304182509505703,0.2444
"HCR-A_Ftrgt-0.39_Btrigger-2e+05_TACconstr-TRUE_BB-TRUE.rds","base",0.39,2e+05,"A",TRUE,TRUE,107297,117441.393604777,109911.19472,122556.228611626,111499.1,102986.1,116676.3,0.0303809523809524,0.0266363636363636,0.0424,0.0266,0.04,0.088,0.036,0.336179700991601,0.270783695007204,0.363699640605097,251767.368374002,216527.727965442,261049.371193475,0.366279982025109,0.390476509886249,0.374050321671068,1,1,0,9,0.270545454545455,0.3242,0.2456
"HCR-A_Ftrgt-0.4_Btrigger-170000_TACconstr-FALSE_BB-FALSE.rds","base",0.4,170000,"A",FALSE,FALSE,107297,119104.140603392,112929.100292697,119535.363977973,115794.5,115865,116463.5,0.0381904761904762,0.0348181818181818,0.0486,0.0352,0.045,0.077,0.043,0.17331961805243,0.108880451153632,0.182846659515674,241211.425146079,214229.429317561,247516.449483806,0.392638202211889,0.419294808736195,0.389408985122483,1,1,0,8,0.193199381761978,0.228291316526611,0.1338
"HCR-A_Ftrgt-0.4_Btrigger-170000_TACconstr-TRUE_BB-TRUE.rds","base",0.4,170000,"A",TRUE,TRUE,107297,117216.168228651,112516.594413064,121395.775269668,111289.35,105242.85,115680.4,0.0387619047619048,0.0348181818181818,0.0506,0.0356,0.05,0.097,0.046,0.339796809742545,0.288036503116654,0.380663727676137,239792.583245369,211638.92225514,244663.493637248,0.381263089909343,0.411161357330023,0.390858846580804,1,1,0,10,0.193090909090909,0.240448089617924,0.132252901160464
"HCR-A_Ftrgt-0.4_Btrigger-180000_TACconstr-TRUE_BB-TRUE.rds","base",0.4,180000,"A",TRUE,TRUE,107297,117285.785173962,112151.536293064,121527.313126737,111627.25,105196.05,115663.5,0.0377142857142857,0.0337272727272727,0.05,0.0342,0.048,0.097,0.044,0.336673969444077,0.284622265338205,0.376975045196189,241227.401256875,211899.608641972,247878.524162037,0.378575069283326,0.409373782772192,0.38735517685291,1,1,0,8,0.228727272727273,0.278255651130226,0.161864745898359
"HCR-A_Ftrgt-0.4_Btrigger-190000_TACconstr-FALSE_BB-FALSE.rds","base",0.4,190000,"A",FALSE,FALSE,107297,119156.435686756,111942.506492697,120161.203462255,116285.5,115835,116926,0.0376190476190476,0.0343636363636364,0.0478,0.0346,0.042,0.077,0.042,0.182382082550444,0.112712863928333,0.194506045499739,245536.75237588,215273.974621698,253189.091057406,0.388872405519294,0.416085451685506,0.384475387723708,1,1,0,10,0.259454545454545,0.304,0.2018
"HCR-A_Ftrgt-0.4_Btrigger-210000_TACconstr-FALSE_BB-FALSE.rds","base",0.4,210000,"A",FALSE,FALSE,107297,119164.935813476,110578.338492697,121196.595264194,116317.5,115767.5,118294.5,0.0362857142857143,0.0340909090909091,0.045,0.0324,0.041,0.075,0.039,0.195275886309507,0.116618250126792,0.207866878254308,250088.732560158,216661.533915346,260787.6026553,0.383472437839562,0.409610671591108,0.379437915772136,1,1,0,10,0.330484589508137,0.370348139255702,0.3108
"HCR-A_Ftrgt-0.4_Btrigger-210000_TACconstr-TRUE_BB-TRUE.rds","base",0.4,210000,"A",TRUE,TRUE,107297,117445.441215971,110630.63790271,122377.005888428,111756.35,105030,116312.45,0.0358095238095238,0.0333636363636364,0.0466,0.0304,0.047,0.088,0.042,0.333882744612679,0.257344896512533,0.355975828015337,248459.63856033,213989.008376926,259674.15923807,0.371013446451532,0.399218255895065,0.374581786926487,1,1,0,15,0.330787415893799,0.3922,0.309923969587835
"HCR-A_Ftrgt-0.4_Btrigger-220000_TACconstr-TRUE_BB-TRUE.rds","base",0.4,220000,"A",TRUE,TRUE,107297,117245.646350614,108792.879486822,124420.050944465,111080.8,113859.5,118579.45,0.0347142857142857,0.033,0.0444,0.0288,0.051,0.079,0.034,0.332414191188563,0.199283860102285,0.355733180898201,250522.852729368,215208.370972396,264994.771358621,0.367312555085924,0.396130998359041,0.376675860698445,1,1,0,14,0.365727272727273,0.400440264158495,0.578315663132627
"HCR-A_Ftrgt-0.4_Btrigger-230000_TACconstr-FALSE_BB-FALSE.rds","base",0.4,230000,"A",FALSE,FALSE,107297,119148.068367718,109076.796139846,122403.007046733,116259.5,110473,119605,0.033047619047619,0.033,0.0342,0.032,0.041,0.051,0.037,0.207292309718821,0.126051970996211,0.216412935550159,255008.150069145,222807.614554853,265952.948907763,0.375145392189143,0.391749202435924,0.375621346451218,1,1,0,11,0.400127284298573,0.420484096819364,0.631526305261052
"HCR-A_Ftrgt-0.4_Btrigger-230000_TACconstr-TRUE_BB-TRUE.rds","base",0.4,230000,"A",TRUE,TRUE,107297,117283.509573221,108212.922951228,124794.590146123,111333.65,110081.5,119065.6,0.0333333333333333,0.0332727272727273,0.0376,0.0292,0.052,0.064,0.033,0.333145524911182,0.199046437395399,0.347544331961399,253448.069374716,220094.031286196,266850.975330028,0.363127601638977,0.384951259442914,0.3738552475875,1,1,0,14,0.401454545454545,0.418683736747349,0.631326265253051
"HCR-A_Ftrgt-0.4_Btrigger-2e+05_TACconstr-TRUE_BB-TRUE.rds","base",0.4,2e+05,"A",TRUE,TRUE,107297,117396.421678264,111233.935893064,121974.50106075,111661.65,105085.35,116063.35,0.0373333333333333,0.0343636363636364,0.0486,0.0326,0.048,0.093,0.042,0.33459477419437,0.269049652907626,0.360217581593188,246194.825542467,212921.264285135,255599.942812009,0.373663153215218,0.402974499286654,0.379355120041525,1,1,0,10,0.292272727272727,0.356,0.251900760304122
"HCR-A_Ftrgt-0.41_Btrigger-170000_TACconstr-TRUE_BB-TRUE.rds","base",0.41,170000,"A",TRUE,TRUE,107297,117603.991192816,112072.775379878,122078.717052817,111292,107198.1,115640.85,0.0380952380952381,0.0343636363636364,0.054,0.0304,0.046,0.104,0.041,0.339948740997513,0.284622651031911,0.382789002165894,240601.420783312,208817.095436258,248171.794735435,0.390548599794417,0.426502510773402,0.399473367432903,1,1,0,14,0.190636363636364,0.243048609721944,0.138827765553111
"HCR-A_Ftrgt-0.41_Btrigger-180000_TACconstr-TRUE_BB-TRUE.rds","base",0.41,180000,"A",TRUE,TRUE,107297,117700.760184805,111698.661859878,122205.430574303,111573.95,107181,115972.4,0.0379047619047619,0.0346363636363636,0.0532,0.0298,0.046,0.104,0.039,0.337502340285493,0.279698379543568,0.376099245186549,242394.499580716,209319.689292048,251254.595319885,0.388522757412283,0.424774043356896,0.395129618898632,1,1,0,12,0.225656877897991,0.28505701140228,0.173234646929386
"HCR-A_Ftrgt-0.41_Btrigger-190000_TACconstr-TRUE_BB-TRUE.rds","base",0.41,190000,"A",TRUE,TRUE,107297,117745.988770963,111226.793419878,122489.315277613,111980.8,107127.9,116099.65,0.0375238095238095,0.0348181818181818,0.0522,0.0288,0.045,0.102,0.037,0.335476112557232,0.274669375270845,0.369811649235826,244432.282348694,209460.793752664,255131.708344145,0.385968924963043,0.422424562841694,0.391801317407076,1,1,0,8,0.258909090909091,0.317663532706541,0.209641928385677
"HCR-A_Ftrgt-0.41_Btrigger-210000_TACconstr-TRUE_BB-TRUE.rds","base",0.41,210000,"A",TRUE,TRUE,107297,117789.913799985,110101.825317358,123301.378767619,112249.7,106993.9,117008.8,0.0353809523809524,0.0331818181818182,0.048,0.0276,0.043,0.092,0.037,0.33511719084703,0.255488786316107,0.361304328098011,249213.303688028,211175.825077726,262906.834987707,0.380294486745945,0.415735375388982,0.385309562292339,1,1,0,15,0.325454545454545,0.3866,0.319063812762553
"HCR-A_Ftrgt-0.41_Btrigger-220000_TACconstr-TRUE_BB-TRUE.rds","base",0.41,220000,"A",TRUE,TRUE,107297,117621.090369231,108237.59724,125368.637463441,111641.45,115449,118636.95,0.0355238095238095,0.0333636363636364,0.0478,0.028,0.045,0.09,0.034,0.336711305041781,0.200632895347345,0.358690272157694,251256.581406545,212830.42442242,268361.599697309,0.37608987079132,0.412747810111609,0.387090580255254,1,1,0,15,0.362090909090909,0.396679335867173,0.5898
"HCR-A_Ftrgt-0.41_Btrigger-2e+05_TACconstr-TRUE_BB-TRUE.rds","base",0.41,2e+05,"A",TRUE,TRUE,107297,117774.65835487,110700.072292439,122852.474823043,112123.65,107079.3,116413.45,0.0367619047619048,0.0340909090909091,0.0508,0.0286,0.044,0.101,0.037,0.335678967574285,0.265323274098908,0.365874251115716,246811.327911868,210111.15091158,258863.532567546,0.383834300533233,0.417935540943664,0.388542454321545,1,1,0,14,0.291636363636364,0.355471094218844,0.259103641456583
"HCR-A_Ftrgt-0.42_Btrigger-180000_TACconstr-FALSE_BB-FALSE.rds","base",0.42,180000,"A",FALSE,FALSE,107297,118820.458316237,114967.070123319,118679.645664649,115997,120338,115541.5,0.0534761904761905,0.0509090909090909,0.0618,0.0508,0.063,0.097,0.063,0.191697571797936,0.115644243386868,0.204473757268367,231461.287010225,206248.026233002,239907.709999853,0.407051616301555,0.446439164928934,0.39794250241333,1,1,0,16,0.269751795617783,0.3258,0.1764
"HCR-A_Ftrgt-0.42_Btrigger-190000_TACconstr-TRUE_BB-TRUE.rds","base",0.42,190000,"A",TRUE,TRUE,107297,117344.932714299,113420.635513877,121866.456757314,111711.4,109278,115895.55,0.052,0.0481818181818182,0.0646,0.0478,0.067,0.12,0.062,0.337202466653135,0.276482510417305,0.370154950456771,233087.279671115,206545.716432735,244390.387332908,0.390098442535887,0.426810461034253,0.391733540703765,1,1,0,21,0.307181818181818,0.363818290974585,0.214242848569714
"HCR-A_Ftrgt-0.42_Btrigger-210000_TACconstr-TRUE_BB-TRUE.rds","base",0.42,210000,"A",TRUE,TRUE,107297,117417.09177465,112271.079484967,122708.619198669,111442.75,109151.1,116779.85,0.0507142857142857,0.0484545454545455,0.0616,0.0448,0.067,0.115,0.057,0.335710252120718,0.254848389791574,0.363219217197971,238430.422576878,208756.054846778,252414.072470932,0.382494822819224,0.418711263079465,0.382835933071679,1,1,0,21,0.374068012365885,0.432659595757454,0.318263652730546
"HCR-A_Ftrgt-0.42_Btrigger-220000_TACconstr-FALSE_BB-FALSE.rds","base",0.42,220000,"A",FALSE,FALSE,107297,118870.862977867,112188.604246552,120827.529216499,115669,118760,118043.5,0.0494761904761905,0.0487272727272727,0.0546,0.046,0.059,0.085,0.053,0.217986070516795,0.122851553506644,0.233413215285542,241768.342827929,210679.98339157,254576.393271437,0.392174994559219,0.427977356682389,0.384971267171106,1,1,0,20,0.406673333939449,0.4542,0.5814
"HCR-A_Ftrgt-0.42_Btrigger-220000_TACconstr-TRUE_BB-TRUE.rds","base",0.42,220000,"A",TRUE,TRUE,107297,117168.886151499,110319.375263321,125049.802325613,111078.9,117820.6,118706.75,0.0489047619047619,0.0473636363636364,0.059,0.0422,0.065,0.108,0.05,0.335406012690116,0.202059199311626,0.360589357041842,240584.650447415,210043.576996769,256710.955938582,0.378356198154529,0.416741885434097,0.385700612640363,1,1,0,21,0.412256773958902,0.439175670268107,0.591118223644729
"HCR-A_Ftrgt-0.42_Btrigger-240000_TACconstr-FALSE_BB-FALSE.rds","base",0.42,240000,"A",FALSE,FALSE,107297,118892.954793244,110668.409595978,121979.443682388,115282.5,111103,119154,0.0446666666666667,0.0468181818181818,0.0386,0.046,0.056,0.053,0.052,0.23194660145337,0.133278918215112,0.239008709704847,248499.929765894,219401.854888915,258576.3345646,0.383711180059628,0.402976855092183,0.382647148143389,1,1,0,22,0.469721767594108,0.4874974994999,0.698
"HCR-A_Ftrgt-0.42_Btrigger-2e+05_TACconstr-FALSE_BB-FALSE.rds","base",0.42,2e+05,"A",FALSE,FALSE,107297,118891.383527799,113730.366923319,119540.947723086,115916.5,120236,116361,0.0519047619047619,0.0504545454545455,0.0594,0.0476,0.059,0.096,0.055,0.205073672725521,0.118781977415078,0.218331883102484,236830.727391618,207795.570481274,247366.982873692,0.40048995775678,0.440698008406301,0.390852332002258,1,1,0,21,0.342212928448041,0.40128025605121,0.2618
"HCR-A_Ftrgt-0.42_Btrigger-2e+05_TACconstr-TRUE_BB-TRUE.rds","base",0.42,2e+05,"A",TRUE,TRUE,107297,117385.390209734,112872.432662485,122282.31710146,111517.6,109236.4,116164.1,0.0517142857142857,0.0485454545454545,0.0638,0.0466,0.065,0.12,0.061,0.337279353874882,0.269390414347538,0.365035072163246,235782.339015452,207676.415378283,248056.908272937,0.386424296050148,0.422465992701177,0.38650762832163,1,1,0,20,0.342122011091917,0.402641584950971,0.26125225045009
"HCR-A_Ftrgt-0.45_Btrigger-180000_TACconstr-FALSE_BB-FALSE.rds","base",0.45,180000,"A",FALSE,FALSE,107297,118025.041962377,118215.675033823,117018.841531538,114901,126641.5,114008,0.0821428571428571,0.0798181818181818,0.0952,0.0742,0.1,0.138,0.105,0.218620225482992,0.12321211036465,0.230604269492044,216255.722542315,194579.386684013,227212.326641121,0.429625908232403,0.489233478474693,0.410978700873705,1,1,0,40,0.336454545454545,0.409881976395279,0.197039407881576
"HCR-A_Ftrgt-0.45_Btrigger-220000_TACconstr-FALSE_BB-FALSE.rds","base",0.45,220000,"A",FALSE,FALSE,107297,118103.565004959,115315.761446486,119492.379101461,113997.5,125063,115996,0.0747619047619048,0.0758181818181818,0.0826,0.0646,0.097,0.124,0.093,0.247385697344343,0.131698181521528,0.263565813331507,227000.711313423,199348.489074056,243275.64142032,0.410108639930932,0.468624142758414,0.392777399622153,1,1,0,46,0.464454545454545,0.5216,0.597
"HCR-A_Ftrgt-0.45_Btrigger-240000_TACconstr-FALSE_BB-FALSE.rds","base",0.45,240000,"A",FALSE,FALSE,107297,118244.726561864,113918.649619865,120444.541769574,113302,117324.5,116267.5,0.068,0.0735454545454545,0.059,0.0648,0.092,0.084,0.081,0.262131761796199,0.140783318690396,0.271045302686763,233042.884237985,208922.799000734,248073.781872006,0.399565934384526,0.438535507111799,0.38806387155973,1,1,0,50,0.523774888626239,0.556,0.7104
"HCR-A_Ftrgt-0.45_Btrigger-2e+05_TACconstr-FALSE_BB-FALSE.rds","base",0.45,2e+05,"A",FALSE,FALSE,107297,118080.033830373,116881.131722525,118074.570653194,114779.5,126425,114525,0.0794285714285714,0.078,0.092,0.07,0.097,0.137,0.098,0.232781808955472,0.126328076319593,0.250325570989814,221097.902349742,195967.38940348,235803.396553055,0.419777038922326,0.481195104709105,0.401230613504555,1,1,0,45,0.401309209928175,0.47249449889978,0.280856171234247
"HCR-A_Ftrgt-0.451_Btrigger-210000_TACconstr-TRUE_BB-TRUE.rds","base",0.451,210000,"A",TRUE,TRUE,107297,116639.651641863,115668.012378489,121138.650061451,110654,115465.5,114393.95,0.0788095238095238,0.0792727272727273,0.0914,0.0652,0.11,0.152,0.091,0.344892999127037,0.257227318350247,0.364567474848645,222014.817199797,197506.55935099,240807.382440168,0.401565367541848,0.460065029902936,0.389336332481934,1,1,0,57,0.436818181818182,0.507101420284057,0.334666933386677
"HCR-A_Ftrgt-0.5_Btrigger-170000_TACconstr-FALSE_BB-FALSE.rds","base",0.5,170000,"A",FALSE,FALSE,107297,115495.867434375,123092.23461033,114407.587415765,112086,133334.5,110069,0.14552380952381,0.144636363636364,0.1634,0.1296,0.184,0.264,0.197,0.257928973525416,0.200522559759128,0.274645711550388,190993.281709879,176939.65761471,206231.610682448,0.464899473282894,0.566236431710677,0.435793053426063,1,1,0,141,0.394490408218929,0.4846,0.195878351340536
"HCR-A_Ftrgt-0.5_Btrigger-170000_TACconstr-TRUE_BB-TRUE.rds","base",0.5,170000,"A",TRUE,TRUE,107297,113954.791110335,123146.40551058,115726.360964028,108315,125347.5,108056.8,0.150238095238095,0.146181818181818,0.1798,0.1296,0.197,0.31,0.214,0.358637752639375,0.28656905332525,0.386295731826564,189695.258518084,175704.710604954,206408.33355867,0.450073876099687,0.553909262516647,0.428186539004289,1,1,0,157,0.398727272727273,0.499599839935974,0.191
"HCR-A_Ftrgt-0.5_Btrigger-180000_TACconstr-TRUE_BB-TRUE.rds","base",0.5,180000,"A",TRUE,TRUE,107297,114053.61454,122651.808712397,116074.41428418,108572.55,125320.05,107828.65,0.147333333333333,0.144545454545455,0.178,0.1228,0.198,0.301,0.208,0.36029383977558,0.28362331677035,0.38818498436643,192593.776457795,176068.574527517,211671.637398248,0.444542898433131,0.550597978374562,0.418525820197139,1,1,0,171,0.429363636363636,0.5306,0.2218
"HCR-A_Ftrgt-0.5_Btrigger-190000_TACconstr-FALSE_BB-FALSE.rds","base",0.5,190000,"A",FALSE,FALSE,107297,115623.367612222,121781.175138847,115517.176693774,111566.5,132908,110637,0.13952380952381,0.140727272727273,0.16,0.1164,0.187,0.261,0.184,0.275164677844116,0.201973139783463,0.29783900734356,196219.220020983,178020.093365776,215469.101163252,0.453886649769734,0.558663297548564,0.419661289412658,1,1,0,149,0.459405400490954,0.544708941788358,0.26530612244898
"HCR-A_Ftrgt-0.5_Btrigger-190000_TACconstr-TRUE_BB-TRUE.rds","base",0.5,190000,"A",TRUE,TRUE,107297,114182.848414319,122103.486532397,116489.01631272,107938.05,125284.95,108101.3,0.144428571428571,0.142545454545455,0.1756,0.1174,0.203,0.294,0.201,0.362774254867325,0.282305099152666,0.386716848362553,195211.67788984,176360.107742305,216016.860470752,0.439317879309429,0.54737745414536,0.40977617389851,1,1,0,168,0.458272727272727,0.562112422484497,0.2608
"HCR-A_Ftrgt-0.5_Btrigger-210000_TACconstr-FALSE_BB-FALSE.rds","base",0.5,210000,"A",FALSE,FALSE,107297,115684.350178975,120154.534082791,117172.674133538,110537.5,132459,111597.5,0.133857142857143,0.137,0.153,0.1078,0.189,0.244,0.17,0.289412916246707,0.203439177751554,0.319506348697368,201847.023047847,179975.206444993,225955.73845543,0.440268869008561,0.547210825212208,0.405884688835163,1,1,0,155,0.516912165848336,0.5922,0.363545418167267
"HCR-A_Ftrgt-0.5_Btrigger-210000_TACconstr-TRUE_BB-TRUE.rds","base",0.5,210000,"A",TRUE,TRUE,107297,114362.838990313,120778.347255257,117752.054219453,107208.676637553,125086.95,108340.746993028,0.136285714285714,0.136727272727273,0.1664,0.1052,0.2,0.263,0.187,0.365528152767306,0.271258414434495,0.389227773685681,201497.178550562,178339.373640478,225478.097108399,0.428788949064413,0.537304694991828,0.39116684507361,1,1,0,174,0.515865078643513,0.607,0.3582
"HCR-A_Ftrgt-0.5_Btrigger-220000_TACconstr-TRUE_BB-TRUE.rds","base",0.5,220000,"A",TRUE,TRUE,107297,114269.538618963,118500.016335872,120501.942542806,106794.3,127755.45,111066.15,0.13047619047619,0.134090909090909,0.1548,0.0982,0.194,0.229,0.157,0.366061901031259,0.211058012964326,0.383430102621015,204309.698208762,178505.414643477,231464.429206999,0.418203699696751,0.530692930276378,0.394482796556972,1,1,0,171,0.547363636363636,0.609043617446979,0.6272
"HCR-A_Ftrgt-0.5_Btrigger-230000_TACconstr-FALSE_BB-FALSE.rds","base",0.5,230000,"A",FALSE,FALSE,107297,116108.663180738,118936.922899352,118153.803365422,109720,131098,111555.5,0.124142857142857,0.133272727272727,0.1266,0.1016,0.186,0.193,0.16,0.306602987417287,0.159292968828899,0.328832542836029,207979.07657373,187144.735306232,232499.927784075,0.427333468226531,0.520328990658677,0.395337305624716,1,1,0,152,0.563545454545455,0.6324,0.674734946989398
"HCR-A_Ftrgt-0.5_Btrigger-230000_TACconstr-TRUE_BB-TRUE.rds","base",0.5,230000,"A",TRUE,TRUE,107297,114572.512438998,118231.197522244,120403.346802141,106552.5,126698.05,110299,0.124285714285714,0.131181818181818,0.1348,0.0986,0.191,0.199,0.156,0.368314307019917,0.20634312685565,0.377215701559169,208039.479003209,182524.116711283,233397.228931133,0.413559232788723,0.513968165050143,0.389434411605747,1,1,0,173,0.567324302209292,0.62872574514903,0.6786
"HCR-A_Ftrgt-0.5_Btrigger-2e+05_TACconstr-TRUE_BB-TRUE.rds","base",0.5,2e+05,"A",TRUE,TRUE,107297,114257.730259869,121441.870893851,117110.957052429,107381.9,125192.25,108868,0.14047619047619,0.139727272727273,0.1714,0.1112,0.199,0.278,0.194,0.363727171956562,0.277929823651191,0.387887551913532,198270.526397945,176959.876536813,220439.859888415,0.432125176088659,0.54127863502278,0.40137385440412,1,1,0,182,0.486727272727273,0.5858,0.3024
"HCR-A_Ftrgt-0.536_Btrigger-210000_TACconstr-TRUE_BB-TRUE.rds","base",0.536,210000,"A",TRUE,TRUE,107297,112170.331173419,122552.112908788,117893.850966253,103949.1,130509,107607.35,0.177238095238095,0.183272727272727,0.213,0.1282,0.265,0.347,0.224,0.386581667334203,0.275780209346409,0.409399531334722,187786.622632247,168793.584001213,217188.574543688,0.443285189544753,0.56996388822647,0.401547288686686,1,1,0,298,0.562323847622511,0.6434,0.371074214842969
"HCR-A_Ftrgt-0.536_Btrigger-250000_TACconstr-FALSE_BB-FALSE.rds","base",0.536,250000,"A",FALSE,FALSE,107297,114661.177520185,120043.530639401,118177.114339693,105512,130017.5,108711,0.149238095238095,0.166454545454545,0.1364,0.1242,0.224,0.215,0.188,0.358638004813588,0.16624173046797,0.369310880823789,201445.739938514,186001.464978128,230144.52279449,0.423718304122607,0.524596401845166,0.38562427403461,1,1,0,287,0.642090909090909,0.7002,0.783356671334267
"HCR-A1_Ftrgt-0.21_Btrigger-230000_TACconstr-TRUE_BB-TRUE.rds","base",0.21,230000,"A1",TRUE,TRUE,107297,113447.694256433,74910.7572079277,120392.411222004,108062.75,78681.19,114880.95,0.00128571428571429,0,0.0054,0,0,0.016,0,0.359717388489752,0.236966818445113,0.412364334624876,464403.259042805,286146.216642518,465418.535879481,0.205923185888992,0.196106578140024,0.221011419026814,1,1,0,0,0.00436442989634479,0.0348069613922785,0.587635054021609
"HCR-A1_Ftrgt-0.25_Btrigger-170000_TACconstr-TRUE_BB-TRUE.rds","base",0.25,170000,"A1",TRUE,TRUE,107297,115261.149718182,86238.570202009,122156.1362,109249.8,88746.12,116479.75,0.00195238095238095,0,0.0076,6e-04,0,0.016,0.001,0.358357883274785,0.237076276941802,0.407456694225353,392934.010172925,266561.604782029,394285.459518131,0.245306360383989,0.247731227981168,0.263018630232685,1,1,0,0,0.00290909090909091,0.017,0.0908181636327265
"HCR-A1_Ftrgt-0.25_Btrigger-180000_TACconstr-TRUE_BB-TRUE.rds","base",0.25,180000,"A1",TRUE,TRUE,107297,115262.794527273,85993.539102009,122388.58676,109244.2,88746.12,116800.7,0.00195238095238095,0,0.0076,6e-04,0,0.016,0.001,0.358192496488747,0.238161706513527,0.407084661194983,392913.438982483,266692.291001049,394718.030474671,0.245306360383989,0.247412798338841,0.263040217252992,1,1,0,0,0.005,0.0204,0.116423284656931
"HCR-A1_Ftrgt-0.25_Btrigger-190000_TACconstr-TRUE_BB-TRUE.rds","base",0.25,190000,"A1",TRUE,TRUE,107297,115265.038981818,85690.574942009,122678.49094,109288.85,88746.12,117006.05,0.00195238095238095,0,0.0076,6e-04,0,0.016,0.001,0.358317321579903,0.238379266466236,0.407487319365838,393108.439072731,267280.453344755,395440.885468223,0.245248585168383,0.246777351557118,0.262900358805582,1,1,0,0,0.00672727272727273,0.0268,0.154030806161232
"HCR-A1_Ftrgt-0.25_Btrigger-210000_TACconstr-TRUE_BB-TRUE.rds","base",0.25,210000,"A1",TRUE,TRUE,107297,115265.631190909,84836.984402009,123493.33646,109352.55,88746.12,117697.05,0.00185714285714286,0,0.0072,6e-04,0,0.016,0.001,0.357204156515376,0.242687271463409,0.406519502549153,393388.948723204,268511.21966931,398646.81969928,0.245145394646614,0.243082984572012,0.263517584440426,1,1,0,0,0.0154545454545455,0.044,0.260852170434087
"HCR-A1_Ftrgt-0.25_Btrigger-220000_TACconstr-TRUE_BB-TRUE.rds","base",0.25,220000,"A1",TRUE,TRUE,107297,115261.992109091,84262.939822009,124037.02018,109409.85,88746.12,118181.75,0.00171428571428571,0,0.0066,6e-04,0,0.016,0.001,0.356513251549113,0.244639209567146,0.40671160224069,393438.690802513,269738.038214877,401011.910035823,0.24497598943403,0.239610266946822,0.263663576733784,1,1,0,0,0.0204545454545455,0.0512,0.522304460892178
"HCR-A1_Ftrgt-0.25_Btrigger-230000_TACconstr-TRUE_BB-TRUE.rds","base",0.25,230000,"A1",TRUE,TRUE,107297,115251.780072727,83592.744922009,124667.463358888,109455.15,88746.12,118744.6,0.00171428571428571,0,0.0066,6e-04,0,0.016,0.001,0.356580975940975,0.246677601274369,0.406971349588417,393580.911110955,271039.672139476,403219.085032963,0.244908986465172,0.236665599714979,0.263795894914897,1,1,0,0,0.028,0.0646129225845169,0.588317663532707
"HCR-A1_Ftrgt-0.25_Btrigger-240000_TACconstr-TRUE_BB-TRUE.rds","base",0.25,240000,"A1",TRUE,TRUE,107297,115231.826554545,82829.409202009,125385.86702,109506.4,88746.12,119451.55,0.00166666666666667,0,0.0064,6e-04,0,0.016,0.001,0.356798738351077,0.248671244986062,0.406984828781999,393985.779557493,273020.957037454,405740.656979111,0.244728729071903,0.233104894828158,0.264282662096153,1,1,0,0,0.0381818181818182,0.0764,0.645929185837167
"HCR-A1_Ftrgt-0.25_Btrigger-2e+05_TACconstr-TRUE_BB-TRUE.rds","base",0.25,2e+05,"A1",TRUE,TRUE,107297,115266.391072727,85309.169182009,123043.40334,109320.4,88746.12,117376.4,0.0019047619047619,0,0.0074,6e-04,0,0.016,0.001,0.357843140586749,0.238946789934369,0.405642556850489,393169.317859097,267742.310349688,396772.227020936,0.245187518426745,0.245176915439093,0.263090561799579,1,1,0,0,0.00963636363636364,0.0352,0.201440288057612
"HCR-A1_Ftrgt-0.3_Btrigger-170000_TACconstr-TRUE_BB-TRUE.rds","base",0.3,170000,"A1",TRUE,TRUE,107297,116744.272646722,95949.64444,124829.780995932,110636.8,88746.12,119172.35,0.00347619047619048,0.001,0.0102,0.0022,0.003,0.022,0.003,0.352180732121136,0.274846414718175,0.404647479174909,325633.400357888,251711.330642202,330474.342286994,0.29257266199863,0.295227333983822,0.314726966494099,1,1,0,0,0.0250022729339031,0.0410082016403281,0.095
"HCR-A1_Ftrgt-0.3_Btrigger-180000_TACconstr-TRUE_BB-TRUE.rds","base",0.3,180000,"A1",TRUE,TRUE,107297,116737.09472854,95662.06556,125095.994155932,110652.95,88746.12,119357.45,0.00347619047619048,0.001,0.0102,0.0022,0.003,0.022,0.003,0.353156719736558,0.274313829709593,0.405668409317294,325879.231712584,252158.356752812,332053.683136501,0.292150299668112,0.294172203038062,0.314345655225021,1,1,0,0,0.0348213473952177,0.0526105221044209,0.1236
"HCR-A1_Ftrgt-0.3_Btrigger-190000_TACconstr-TRUE_BB-TRUE.rds","base",0.3,190000,"A1",TRUE,TRUE,107297,116727.438455813,95309.68564,125414.840995932,110673.1,88746.12,119694.7,0.00347619047619048,0.00109090909090909,0.01,0.0022,0.003,0.022,0.003,0.353683832139589,0.275567128637327,0.40639477897854,326239.343300045,252711.380450548,333333.467759533,0.292050184877769,0.293353419298628,0.313870647495109,1,1,0,0,0.0470042731157378,0.0672134426885377,0.1584
"HCR-A1_Ftrgt-0.3_Btrigger-210000_TACconstr-TRUE_BB-TRUE.rds","base",0.3,210000,"A1",TRUE,TRUE,107297,116690.619992177,94327.5309,126308.248468454,110909.55,88746.12,120556.35,0.0030952380952381,0.001,0.0088,0.002,0.003,0.018,0.003,0.354203833894691,0.277779499638286,0.407957265510194,327410.927343306,254035.434168918,336425.757648093,0.291178604463075,0.288181026905616,0.313091125109549,1,1,0,0,0.0807346122374761,0.101240496198479,0.2686
"HCR-A1_Ftrgt-0.3_Btrigger-220000_TACconstr-TRUE_BB-TRUE.rds","base",0.3,220000,"A1",TRUE,TRUE,107297,116652.545564904,93668.45932,126938.364416959,110910.45,88746.12,121109.55,0.00295238095238095,0.001,0.0084,0.0018,0.003,0.018,0.003,0.35519497684885,0.278578575405763,0.408377773898742,328225.245924219,255263.823980341,338449.609199218,0.290434606741991,0.285494657420281,0.313014774359048,1,1,0,0,0.102827529775434,0.117423484696939,0.5268
"HCR-A1_Ftrgt-0.3_Btrigger-230000_TACconstr-TRUE_BB-TRUE.rds","base",0.3,230000,"A1",TRUE,TRUE,107297,116605.377010359,92906.0829,127647.291010993,111007.1,88746.12,122028.2,0.00295238095238095,0.001,0.0084,0.0018,0.003,0.018,0.003,0.354802088517292,0.278253896079318,0.407798329394167,329093.310335497,256680.702103372,341706.882001865,0.28948240899974,0.281699103064474,0.312253659582405,1,1,0,1,0.127557050640967,0.137627525505101,0.596
"HCR-A1_Ftrgt-0.3_Btrigger-240000_TACconstr-TRUE_BB-TRUE.rds","base",0.3,240000,"A1",TRUE,TRUE,107297,116538.26112854,92031.3381,128473.343914284,111095.15,88746.12,122867.8,0.00280952380952381,0.001,0.0078,0.0018,0.003,0.016,0.003,0.355690825901297,0.275907085487974,0.409297964263409,330124.601952346,258607.758071679,345073.863192053,0.288463011894827,0.277443964460084,0.312555604451101,1,1,0,2,0.15337757977998,0.156831366273255,0.6556
"HCR-A1_Ftrgt-0.3_Btrigger-2e+05_TACconstr-TRUE_BB-TRUE.rds","base",0.3,2e+05,"A1",TRUE,TRUE,107297,116709.312392177,94868.95222,125821.894375932,110758.9,88746.12,120146.7,0.00338095238095238,0.000909090909090909,0.01,0.0022,0.003,0.022,0.003,0.354118373781215,0.276212802292531,0.407830645463699,326508.541552484,253310.7306127,334929.664007968,0.29154698636506,0.290015157353702,0.313394420116772,1,1,0,0,0.0628238930811892,0.0822164432886577,0.2072
"HCR-A1_Ftrgt-0.324_Btrigger-230000_TACconstr-TRUE_BB-TRUE.rds","base",0.324,230000,"A1",TRUE,TRUE,107297,117274.988963043,96187.5197770204,129268.8078353,111960,88746.12,123406.9,0.00557142857142857,0.00390909090909091,0.0112,0.0036,0.007,0.024,0.005,0.355337561416773,0.293866852757542,0.411612025765875,305582.404435638,250540.560894237,321097.912780083,0.308349607907219,0.296284623962238,0.335352545180142,1,1,0,1,0.193234518505047,0.187349879903923,0.604720944188838
"HCR-A1_Ftrgt-0.33_Btrigger-190000_TACconstr-TRUE_BB-TRUE.rds","base",0.33,190000,"A1",TRUE,TRUE,107297,117084.156218182,100598.758316361,125494.399060943,111296.45,90140.85,119537.85,0.00728571428571429,0.00527272727272727,0.0134,0.0056,0.011,0.027,0.008,0.352888749273653,0.296472207036595,0.406261153063171,295262.93204326,242670.523038804,301524.443785866,0.319061928631286,0.319203032253823,0.341916080010884,1,1,0,2,0.101272727272727,0.114822964592919,0.162432486497299
"HCR-A1_Ftrgt-0.33_Btrigger-210000_TACconstr-TRUE_BB-TRUE.rds","base",0.33,210000,"A1",TRUE,TRUE,107297,117036.825581818,99564.47194,126353.294004351,111542.75,89922.6,121087.9,0.00719047619047619,0.00527272727272727,0.0132,0.0054,0.011,0.026,0.007,0.355166913433133,0.299329615764002,0.408046132119132,297594.123661514,244350.343480131,306226.021936411,0.317190278410336,0.314952362244489,0.340130259845094,1,1,0,2,0.153727272727273,0.166033206641328,0.2714
"HCR-A1_Ftrgt-0.33_Btrigger-220000_TACconstr-TRUE_BB-TRUE.rds","base",0.33,220000,"A1",TRUE,TRUE,107297,117019.909783471,98868.12238,126921.07189078,111733.8,88747.11,121662.75,0.00680952380952381,0.00509090909090909,0.0122,0.0052,0.011,0.026,0.007,0.354372874662098,0.300477910093869,0.409859345308772,299183.179075392,246023.617603258,308765.754759286,0.316175599002208,0.310607315035316,0.339921740357911,1,1,0,0,0.181289208109828,0.189875950380152,0.5306
"HCR-A1_Ftrgt-0.33_Btrigger-230000_TACconstr-TRUE_BB-TRUE.rds","base",0.33,230000,"A1",TRUE,TRUE,107297,116952.443563636,98044.14802,127674.971936079,111708.2,88746.12,122444.5,0.00647619047619048,0.005,0.011,0.0052,0.011,0.022,0.007,0.356646089918664,0.298909976283749,0.410783423954444,300563.893703787,247611.995361173,311578.476323115,0.314464665610053,0.306387264209178,0.339413290632184,1,1,0,2,0.212,0.21624324864973,0.6014
"HCR-A1_Ftrgt-0.33_Btrigger-2e+05_TACconstr-TRUE_BB-TRUE.rds","base",0.33,2e+05,"A1",TRUE,TRUE,107297,117064.382981818,100148.76276,125857.308372911,111411.2,90037.8,120111.55,0.00728571428571429,0.00536363636363636,0.0134,0.0054,0.011,0.027,0.007,0.354309586037269,0.297848993319341,0.40737962987437,296230.102793113,243180.992694073,303600.202597055,0.318289196237473,0.317229759533848,0.340842830839524,1,1,0,2,0.125090909090909,0.138427685537107,0.211
"HCR-A1_Ftrgt-0.34_Btrigger-190000_TACconstr-TRUE_BB-TRUE.rds","base",0.34,190000,"A1",TRUE,TRUE,107297,117136.491941255,102294.39040196,125286.389476694,111546.5,92304.9,119467.1,0.00971428571428571,0.00745454545454545,0.0166,0.0078,0.013,0.036,0.01,0.35375206125834,0.301572608373031,0.407841648100988,286575.964419402,237682.241765708,292489.533233209,0.328155152819668,0.330768371440344,0.350276148132952,1,1,0,2,0.12264751341031,0.138627725545109,0.166833366673335
"HCR-A1_Ftrgt-0.34_Btrigger-210000_TACconstr-TRUE_BB-TRUE.rds","base",0.34,210000,"A1",TRUE,TRUE,107297,117100.335432164,101201.61928196,126155.344447813,111822.65,92114.1,120660.95,0.00933333333333333,0.00772727272727273,0.0148,0.0074,0.013,0.032,0.01,0.354676118584629,0.303311650063836,0.408830588297309,288809.446833761,239440.037147635,297216.839515,0.325828705917497,0.325660196180064,0.347902381723598,1,1,0,2,0.176288753523048,0.19243848769754,0.275655131026205
"HCR-A1_Ftrgt-0.34_Btrigger-220000_TACconstr-TRUE_BB-TRUE.rds","base",0.34,220000,"A1",TRUE,TRUE,107297,117076.24169447,100510.36102,126722.696902724,111988.45,90920.7,121201.5,0.00880952380952381,0.00745454545454545,0.0134,0.0072,0.013,0.027,0.01,0.356484268930328,0.306173208350434,0.412346141100104,290754.063949691,241759.564270475,299992.346592488,0.324427697027794,0.320820831343629,0.34730076356968,1,1,0,2,0.208382580234567,0.218843768753751,0.5356
"HCR-A1_Ftrgt-0.34_Btrigger-230000_TACconstr-TRUE_BB-TRUE.rds","base",0.34,230000,"A1",TRUE,TRUE,107297,117030.881736364,99655.6880063955,127459.540666391,112003.05,88746.12,122189.45,0.00838095238095238,0.00736363636363636,0.0122,0.0068,0.013,0.025,0.009,0.357856658418941,0.305861251988273,0.410863008382371,292488.690590121,244944.287096394,302983.909585385,0.322223771318988,0.314636120370052,0.347199909587277,1,1,0,0,0.240636363636364,0.240848169633927,0.603320664132827
"HCR-A1_Ftrgt-0.34_Btrigger-2e+05_TACconstr-TRUE_BB-TRUE.rds","base",0.34,2e+05,"A1",TRUE,TRUE,107297,117117.866623073,101800.70436196,125671.958231501,111715.35,92200.5,120185.9,0.00966666666666667,0.00772727272727273,0.016,0.0076,0.014,0.035,0.01,0.354363809841208,0.302846041506505,0.408255880647062,287716.289733816,238517.200332226,294830.418435284,0.327320220732146,0.328305367363505,0.349593501954789,1,1,0,2,0.14810437312483,0.164832966593319,0.218043608721744
"HCR-A1_Ftrgt-0.35_Btrigger-170000_TACconstr-TRUE_BB-TRUE.rds","base",0.35,170000,"A1",TRUE,TRUE,107297,117187.679885863,104670.140140374,124482.253103794,111475.55,94526.1,118262.6,0.0128095238095238,0.0107272727272727,0.0202,0.01,0.017,0.041,0.012,0.352267178162298,0.300423849281201,0.407322309623376,276048.453361582,232426.174421382,279932.800813793,0.33873169835884,0.345553797798358,0.360457941483334,1,1,0,2,0.0920992817528866,0.1116,0.107221444288858
"HCR-A1_Ftrgt-0.35_Btrigger-180000_TACconstr-TRUE_BB-TRUE.rds","base",0.35,180000,"A1",TRUE,TRUE,107297,117188.769213136,104330.467840374,124708.295703794,111614.45,94504.95,118823.5,0.0125714285714286,0.0104545454545455,0.0198,0.01,0.016,0.041,0.012,0.352761766669636,0.301487986565697,0.406535840619892,276956.726508298,232560.610364315,281628.265027153,0.337764124009571,0.343724384183232,0.35959029169286,1,1,0,2,0.117010637330666,0.1396,0.13502700540108
"HCR-A1_Ftrgt-0.35_Btrigger-190000_TACconstr-TRUE_BB-TRUE.rds","base",0.35,190000,"A1",TRUE,TRUE,107297,117180.682616259,103917.133160136,124996.693223794,111829,94443.75,119454.5,0.0121428571428571,0.00990909090909091,0.0194,0.0098,0.016,0.041,0.012,0.353292771554235,0.302254322546997,0.408687423795967,278053.010147645,233039.66496509,283678.656660133,0.336864103280464,0.342408981346778,0.358535070987828,1,1,0,2,0.143844335333697,0.1636,0.174034806961392
"HCR-A1_Ftrgt-0.35_Btrigger-210000_TACconstr-TRUE_BB-TRUE.rds","base",0.35,210000,"A1",TRUE,TRUE,107297,117158.402504045,102816.40398,125830.949759116,112189.7,94258.35,120377.65,0.0115238095238095,0.00972727272727273,0.0184,0.0086,0.016,0.039,0.011,0.357037400530322,0.302420624494505,0.413771278495893,281017.178849008,234512.276468029,289349.992510371,0.334346700782908,0.337481364099191,0.355706999104652,1,1,0,2,0.204200381852896,0.2256,0.2804
"HCR-A1_Ftrgt-0.35_Btrigger-220000_TACconstr-TRUE_BB-TRUE.rds","base",0.35,220000,"A1",TRUE,TRUE,107297,117131.201401273,102084.31206,126419.946902224,112284.15,93091.5,120866.15,0.010952380952381,0.00972727272727273,0.0162,0.0084,0.017,0.034,0.011,0.358950662569105,0.306003790474237,0.413852872984967,282838.804825547,236687.075321813,292441.645700466,0.331883418068288,0.331902153420674,0.355362442924442,1,1,0,1,0.237657968906264,0.249299719887955,0.5414
"HCR-A1_Ftrgt-0.35_Btrigger-230000_TACconstr-TRUE_BB-TRUE.rds","base",0.35,230000,"A1",TRUE,TRUE,107297,117082.0214,101255.900272519,127120.591720469,111978.8,89998.45,122075.95,0.0103333333333333,0.00972727272727273,0.0138,0.0082,0.017,0.027,0.011,0.360401698478303,0.311128065969437,0.412108719743268,284929.666362411,241222.430350682,294009.048005601,0.329643274451261,0.32194852422305,0.354218842069667,1,1,0,2,0.270454545454545,0.2706,0.605321064212843
"HCR-A1_Ftrgt-0.35_Btrigger-240000_TACconstr-TRUE_BB-TRUE.rds","base",0.35,240000,"A1",TRUE,TRUE,107297,117015.12997904,100321.96036,127937.80776955,112032.55,88746.12,122883.9,0.00980952380952381,0.00945454545454546,0.0122,0.0082,0.016,0.023,0.011,0.361247842701063,0.307904058684084,0.41405440595564,287112.385391218,243733.167375639,297734.838933353,0.327340513536414,0.316543044703162,0.354911583160106,1,1,0,1,0.302027457041549,0.294458891778356,0.6616
"HCR-A1_Ftrgt-0.35_Btrigger-2e+05_TACconstr-TRUE_BB-TRUE.rds","base",0.35,2e+05,"A1",TRUE,TRUE,107297,117174.805131318,103431.51694,125354.304443794,111961.2,94367.25,120213.2,0.0118095238095238,0.00981818181818182,0.0188,0.0092,0.016,0.04,0.011,0.354792732106611,0.302473524840871,0.411135466287645,279416.87174857,233532.820746543,286744.425870608,0.335314518353599,0.339983612609315,0.356787144610011,1,1,0,2,0.17165196836076,0.194,0.222
"HCR-A1_Ftrgt-0.36_Btrigger-170000_TACconstr-TRUE_BB-TRUE.rds","base",0.36,170000,"A1",TRUE,TRUE,107297,117185.618818182,106301.95952,124092.723374263,111647.25,96724.95,118361.15,0.0164761904761905,0.0139090909090909,0.0256,0.013,0.021,0.057,0.017,0.351054801259383,0.302162222369273,0.405610532575202,267709.789923982,227767.15984439,271811.637165504,0.347880968553265,0.357611651034118,0.36925014817984,1,1,0,2,0.111545454545455,0.135254101640656,0.1122
"HCR-A1_Ftrgt-0.36_Btrigger-180000_TACconstr-TRUE_BB-TRUE.rds","base",0.36,180000,"A1",TRUE,TRUE,107297,117191.825145455,105947.39228,124314.058196252,111814.5,96696.9,118868.35,0.0162380952380952,0.0135454545454545,0.0254,0.013,0.021,0.057,0.017,0.352693108504666,0.302788314705284,0.409274977567957,269023.684578961,227837.858944035,273325.52118037,0.346697841053987,0.356272178377149,0.367504047188741,1,1,0,2,0.136727272727273,0.160064025610244,0.1402
"HCR-A1_Ftrgt-0.36_Btrigger-210000_TACconstr-TRUE_BB-TRUE.rds","base",0.36,210000,"A1",TRUE,TRUE,107297,117611.268763636,102633.922755146,126287.224569937,112184.9,96313.5,120304.65,0.0131428571428571,0.00990909090909091,0.0236,0.0098,0.015,0.054,0.012,0.355291915496493,0.299427314340721,0.412860115387398,280490.290508788,231373.635741657,291278.699499962,0.342947810492973,0.350304444264037,0.365317131259664,1,1,0,1,0.202090909090909,0.232646529305861,0.292658531706341
"HCR-A1_Ftrgt-0.36_Btrigger-220000_TACconstr-TRUE_BB-TRUE.rds","base",0.36,220000,"A1",TRUE,TRUE,107297,117573.046831514,101901.388828557,126932.285481248,112281,95034.15,121147.5,0.0124761904761905,0.00981818181818182,0.0216,0.0092,0.015,0.049,0.012,0.358036595205855,0.30309422037608,0.414980531595563,282668.244278631,233824.921461355,293732.786512675,0.340727361438009,0.344843771572125,0.364150472439218,1,1,0,1,0.236566960632785,0.2582,0.550910182036407
"HCR-A1_Ftrgt-0.36_Btrigger-230000_TACconstr-TRUE_BB-TRUE.rds","base",0.36,230000,"A1",TRUE,TRUE,107297,117541.2425,101122.75558,127566.765998532,112377.25,91833.3,122049.9,0.0111904761904762,0.00963636363636364,0.0166,0.0092,0.015,0.037,0.012,0.359789934665878,0.30855169673694,0.413969351758046,284997.098108808,238535.221943092,295801.486773146,0.338870815689524,0.335967192804586,0.364340386357515,1,1,0,2,0.270272727272727,0.2798,0.6082
"HCR-A1_Ftrgt-0.36_Btrigger-240000_TACconstr-TRUE_BB-TRUE.rds","base",0.36,240000,"A1",TRUE,TRUE,107297,117361.038099392,100988.592073265,129097.264852764,112196.05,88951.95,123697.95,0.0126666666666667,0.0119090909090909,0.0148,0.0122,0.022,0.029,0.014,0.362051192515806,0.312788542356045,0.413158498423284,280307.932473564,242224.292753373,293729.387809611,0.333166201181423,0.320174679399157,0.363121025382979,1,1,0,2,0.335151845790144,0.31452581032413,0.671334266853371
"HCR-A1_Ftrgt-0.36_Btrigger-250000_TACconstr-TRUE_BB-TRUE.rds","base",0.36,250000,"A1",TRUE,TRUE,107297,117322.814857075,100010.772175472,129875.608782629,112195.4,88746.12,124659,0.0121428571428571,0.0118181818181818,0.0126,0.0124,0.02,0.022,0.015,0.364964097955056,0.316712412349946,0.41370910062026,283183.699775868,247639.049213597,295790.37663158,0.330592746849745,0.308891599854826,0.36321488479514,1,1,0,2,0.368339698126932,0.330598359015409,0.715143028605721
"HCR-A1_Ftrgt-0.37_Btrigger-170000_TACconstr-TRUE_BB-TRUE.rds","base",0.37,170000,"A1",TRUE,TRUE,107297,117162.884655872,107841.101282692,123693.508892881,111625.65,98820.45,118299.7,0.021,0.0177272727272727,0.0328,0.0164,0.025,0.067,0.022,0.351642789033769,0.302082087164386,0.408219356609921,260016.878494691,223413.984197796,264017.541417002,0.356918038252957,0.370325095321264,0.377048288254343,1,1,0,2,0.129272727272727,0.156431286257251,0.116023204640928
"HCR-A1_Ftrgt-0.37_Btrigger-180000_TACconstr-TRUE_BB-TRUE.rds","base",0.37,180000,"A1",TRUE,TRUE,107297,117175.882960716,107470.154282692,123912.452847643,111667.8,98785.35,118583.1,0.0208095238095238,0.0177272727272727,0.0322,0.0162,0.026,0.067,0.022,0.353431365618738,0.302704236426571,0.412777786814654,261543.704860158,223605.690190002,266681.625766789,0.35566595215135,0.369351470228381,0.374810178228391,1,1,0,2,0.159181818181818,0.188837767553511,0.14502900580116
"HCR-A1_Ftrgt-0.37_Btrigger-190000_TACconstr-TRUE_BB-TRUE.rds","base",0.37,190000,"A1",TRUE,TRUE,107297,117185.716573893,107020.701802692,124191.964261882,111845.3,98741.9,119060.3,0.0203333333333333,0.0172727272727273,0.0314,0.016,0.024,0.067,0.022,0.35573689887263,0.302664768924728,0.415286989059461,262841.625133402,224010.923764231,268826.599382623,0.354150969533545,0.367617467540937,0.373500583599126,1,1,0,2,0.188818181818182,0.219843968793759,0.181836367273455
"HCR-A1_Ftrgt-0.37_Btrigger-210000_TACconstr-TRUE_BB-TRUE.rds","base",0.37,210000,"A1",TRUE,TRUE,107297,117160.966153136,105795.832035647,125099.085379331,112119.05,98631.35,119765.15,0.0196666666666667,0.0169090909090909,0.0298,0.0156,0.023,0.064,0.02,0.359193915719332,0.303893587926048,0.419207081691822,266412.869881953,225688.568034159,275072.449200991,0.349277362034203,0.360983349172121,0.369032992441911,1,1,0,2,0.255272727272727,0.287257451490298,0.296118447378952
"HCR-A1_Ftrgt-0.37_Btrigger-220000_TACconstr-TRUE_BB-TRUE.rds","base",0.37,220000,"A1",TRUE,TRUE,107297,117137.4304517,105066.288420809,125679.496814841,112058.3,97349.4,120221.1,0.0187142857142857,0.017,0.026,0.0152,0.023,0.055,0.019,0.360356167978659,0.30826061070762,0.421242447853085,268404.303938665,227818.520838113,278236.088950264,0.346932486522582,0.353917688253294,0.36769840222593,1,1,0,3,0.289454545454545,0.316,0.55371074214843
"HCR-A1_Ftrgt-0.37_Btrigger-230000_TACconstr-TRUE_BB-TRUE.rds","base",0.37,230000,"A1",TRUE,TRUE,107297,117115.026038302,104248.804267252,126314.670749718,111985.45,94042.75,120843.2,0.0172380952380952,0.0166363636363636,0.021,0.0148,0.024,0.042,0.019,0.362793345553237,0.31495158920728,0.422168550977307,271171.949086698,232425.250135459,280368.30899902,0.344534627677756,0.344092277971528,0.367816852305394,1,1,0,1,0.326818181818182,0.340268053610722,0.613322664532907
"HCR-A1_Ftrgt-0.37_Btrigger-240000_TACconstr-TRUE_BB-TRUE.rds","base",0.37,240000,"A1",TRUE,TRUE,107297,117081.350222642,103368.51136,127002.294917028,111916.95,91118.9,121246.95,0.0163333333333333,0.0165454545454545,0.0168,0.0154,0.024,0.029,0.019,0.365454937415974,0.317534673247797,0.421534041645623,273610.879351935,236589.093967167,283697.353932732,0.341734185534423,0.333877970800113,0.36861505957402,1,1,0,6,0.360909090909091,0.3574,0.6664
"HCR-A1_Ftrgt-0.37_Btrigger-2e+05_TACconstr-TRUE_BB-TRUE.rds","base",0.37,2e+05,"A1",TRUE,TRUE,107297,117182.260880486,106480.342332882,124566.732496903,111961.8,98703,119264.5,0.020047619047619,0.0169090909090909,0.031,0.016,0.023,0.067,0.021,0.357338188463466,0.304108058631643,0.418648756193384,264551.834972457,224617.925099702,271672.16972447,0.351894985988949,0.365203594902016,0.371465382527461,1,1,0,1,0.224545454545455,0.251050210042008,0.23244648929786
"HCR-A1_Ftrgt-0.38_Btrigger-190000_TACconstr-TRUE_BB-TRUE.rds","base",0.38,190000,"A1",TRUE,TRUE,107297,117168.409451649,108456.170860923,123706.320941272,111942.25,100900.8,118443.35,0.0250952380952381,0.0216363636363636,0.037,0.0208,0.029,0.077,0.028,0.356992357485981,0.301958676894747,0.417402450681935,255981.413776268,219990.779733034,261802.149786192,0.362050629254192,0.380415470517433,0.379881037702942,1,1,0,7,0.214928629875443,0.249599679743795,0.186674669867947
"HCR-A1_Ftrgt-0.38_Btrigger-210000_TACconstr-TRUE_BB-TRUE.rds","base",0.38,210000,"A1",TRUE,TRUE,107297,117419.427985206,106369.62386,126142.915099008,111955.8,100762.2,120259,0.023,0.0192727272727273,0.033,0.0212,0.029,0.069,0.026,0.36075373628039,0.30159183462805,0.422347549684863,260659.509465154,223526.414943839,271928.559591578,0.355345782048883,0.368454184871632,0.375892592921898,1,1,0,6,0.283207564324029,0.307322929171669,0.2996
"HCR-A1_Ftrgt-0.38_Btrigger-220000_TACconstr-TRUE_BB-TRUE.rds","base",0.38,220000,"A1",TRUE,TRUE,107297,117389.381065152,105613.73626,126780.369893625,111986.75,99419.85,121169.6,0.0223809523809524,0.0194545454545455,0.0298,0.0214,0.03,0.064,0.025,0.362733250308587,0.305068643419332,0.422727559674372,263223.044613265,225191.984107344,274971.243274346,0.352608215238541,0.361803736445024,0.375000465099724,1,1,0,8,0.317181818181818,0.333466693338668,0.5622
"HCR-A1_Ftrgt-0.38_Btrigger-2e+05_TACconstr-TRUE_BB-TRUE.rds","base",0.38,2e+05,"A1",TRUE,TRUE,107297,117419.814890982,107042.46556,125639.006969228,111850.9,100824.3,119972.95,0.0237619047619048,0.0200909090909091,0.0342,0.0214,0.029,0.072,0.026,0.358325365887364,0.300916378428464,0.420053913248086,258367.298580838,222792.572248058,269494.073276889,0.357612972471639,0.372044413543948,0.378728748314456,1,1,0,6,0.247909090909091,0.273309323729492,0.2392
"HCR-A1_Ftrgt-0.39_Btrigger-190000_TACconstr-TRUE_BB-TRUE.rds","base",0.39,190000,"A1",TRUE,TRUE,107297,117083.842766941,109882.18966,123215.607406614,111936.5,103033.35,117896,0.0310952380952381,0.027,0.044,0.0272,0.038,0.09,0.038,0.357871719537642,0.300263313081169,0.418966993751731,249491.905839533,215801.653106637,255802.002058735,0.369614779321079,0.393099706801566,0.386589206891364,1,1,0,6,0.238545454545455,0.283113245298119,0.194
"HCR-A1_Ftrgt-0.39_Btrigger-210000_TACconstr-TRUE_BB-TRUE.rds","base",0.39,210000,"A1",TRUE,TRUE,107297,117370.490019297,107723.01904,125621.80045216,111981.75,102903.75,120077.85,0.0294761904761905,0.0264545454545455,0.0396,0.026,0.041,0.08,0.032,0.363232795830232,0.301384197664258,0.427210707924463,254439.207444835,219643.83082731,266261.589267412,0.363102793512695,0.380251136385734,0.381530894481139,1,1,0,9,0.307664333121193,0.33706965572458,0.3038
"HCR-A1_Ftrgt-0.39_Btrigger-220000_TACconstr-TRUE_BB-TRUE.rds","base",0.39,220000,"A1",TRUE,TRUE,107297,117333.676877512,106948.509535162,126293.633861226,112025,101532.95,120758.95,0.027952380952381,0.0258181818181818,0.0354,0.0252,0.041,0.07,0.03,0.363797152661932,0.304751629080821,0.428906740110135,256858.643255342,221572.490443289,269239.697977305,0.359976706821995,0.374024439621436,0.379807804188894,1,1,0,9,0.342394763160287,0.365746298519408,0.565913182636527
"HCR-A1_Ftrgt-0.39_Btrigger-2e+05_TACconstr-TRUE_BB-TRUE.rds","base",0.39,2e+05,"A1",TRUE,TRUE,107297,117362.951323905,108413.7292,125099.126295606,111811.05,102975.3,119447.05,0.0303333333333333,0.027,0.041,0.027,0.038,0.081,0.034,0.360979837841603,0.300476224532544,0.423166719626783,252246.578832781,218793.579857188,262820.319801269,0.365567684710818,0.384351530876978,0.38379882265607,1,1,0,7,0.27047913446677,0.307384430658395,0.2452
"HCR-A1_Ftrgt-0.396_Btrigger-230000_TACconstr-TRUE_BB-TRUE.rds","base",0.396,230000,"A1",TRUE,TRUE,107297,117285.977186443,106943.12474,126607.625970953,112003.35,99233.55,120936.4,0.0296666666666667,0.029,0.0332,0.0276,0.043,0.066,0.034,0.367864012261188,0.312961804758823,0.431885261226652,256261.241665901,223323.411940614,267938.391235876,0.360757529409264,0.369357630005287,0.381552323408251,1,1,0,12,0.389489953632148,0.405962384953982,0.6318
"HCR-A1_Ftrgt-0.4_Btrigger-170000_TACconstr-TRUE_BB-TRUE.rds","base",0.4,170000,"A1",TRUE,TRUE,107297,116931.000335859,112101.066023354,122225.574284913,111617.05,105197.7,116645.6,0.0387142857142857,0.0345454545454545,0.05,0.0366,0.047,0.098,0.049,0.355818322660947,0.300551321384376,0.414910311031286,239253.907794761,211281.682424557,244461.499677989,0.381571479622649,0.41017330511185,0.39685553207391,1,1,0,10,0.194181818181818,0.236894757903161,0.131679007404443
"HCR-A1_Ftrgt-0.4_Btrigger-180000_TACconstr-TRUE_BB-TRUE.rds","base",0.4,180000,"A1",TRUE,TRUE,107297,116988.312151736,111683.896823354,122398.016800204,111818.15,105191.5,116633.5,0.0383333333333333,0.0345454545454545,0.0496,0.0354,0.048,0.098,0.046,0.357965885169766,0.300737325604324,0.416633576001987,241107.304326605,211392.044205552,247417.772511328,0.379214305868199,0.408408086264614,0.394946288071237,1,1,0,13,0.228566233293936,0.274964978987392,0.161496898138883
"HCR-A1_Ftrgt-0.4_Btrigger-190000_TACconstr-TRUE_BB-TRUE.rds","base",0.4,190000,"A1",TRUE,TRUE,107297,117027.486103205,111183.97328711,122656.02864106,111844.05,105154.65,117013.45,0.0377619047619048,0.0340909090909091,0.0494,0.0342,0.047,0.097,0.045,0.360123639390697,0.300783565098581,0.423043642228092,243039.610087297,211965.330145447,250033.272095969,0.377036565141746,0.40571116512157,0.391008825609146,1,1,0,12,0.261727272727273,0.318254603682946,0.202121272763658
"HCR-A1_Ftrgt-0.4_Btrigger-210000_TACconstr-TRUE_BB-TRUE.rds","base",0.4,210000,"A1",TRUE,TRUE,107297,116977.252668748,109864.942485861,123702.548173382,111911.5,105044.4,118125.4,0.0363809523809524,0.0337272727272727,0.047,0.0316,0.048,0.095,0.043,0.362890974115317,0.303799244395393,0.430274637323566,247973.885360641,213570.010733756,258816.75473377,0.371793880707979,0.397133686376779,0.383591255551862,1,1,0,14,0.33,0.384676935387077,0.310386231739043
"HCR-A1_Ftrgt-0.4_Btrigger-220000_TACconstr-TRUE_BB-TRUE.rds","base",0.4,220000,"A1",TRUE,TRUE,107297,116963.980224411,109121.262379222,124267.457125955,111779.15,103682.25,118421.8,0.0346190476190476,0.0324545454545455,0.0432,0.0308,0.048,0.089,0.04,0.36557437023021,0.306584112882567,0.43385892202937,250895.100594617,215575.881489401,262165.57071666,0.368534722436283,0.388693070719771,0.38068941869702,1,1,0,14,0.364578598054369,0.414565826330532,0.5682
"HCR-A1_Ftrgt-0.4_Btrigger-230000_TACconstr-TRUE_BB-TRUE.rds","base",0.4,230000,"A1",TRUE,TRUE,107297,117008.814527339,108340.08318,124758.955679179,111541.8,100094.85,118901.05,0.0327142857142857,0.0314545454545455,0.037,0.0312,0.047,0.075,0.04,0.368264912978626,0.314312970819506,0.435377798926912,253873.501979119,220098.426686,264794.36103513,0.365068897303973,0.378509002292022,0.379534017020034,1,1,0,13,0.398636363636364,0.429657794676806,0.6276
"HCR-A1_Ftrgt-0.4_Btrigger-2e+05_TACconstr-TRUE_BB-TRUE.rds","base",0.4,2e+05,"A1",TRUE,TRUE,107297,117032.163801355,110579.568136198,123070.115055144,111948.25,105092.35,117479.6,0.0370952380952381,0.0336363636363636,0.0484,0.0334,0.047,0.097,0.045,0.361389947288148,0.301761378108854,0.426237066563068,245856.878521078,212482.830924374,254795.262857016,0.37462962645019,0.402387921636841,0.386590130441873,1,1,0,14,0.29457223383944,0.351281024819856,0.252551530918551
"HCR-A1_Ftrgt-0.5_Btrigger-170000_TACconstr-TRUE_BB-TRUE.rds","base",0.5,170000,"A1",TRUE,TRUE,107297,113652.821699922,122953.000301548,116546.678970245,108289.05,120068.28,109476.85,0.14852380952381,0.148454545454545,0.1654,0.1318,0.195,0.302,0.204,0.382742149640076,0.310804904546519,0.452639363230172,189695.496652328,179227.556508213,204297.629285157,0.452692316984291,0.54156950053626,0.438211846168043,1,1,0,140,0.399272727272727,0.497099419883977,0.1814
"HCR-A1_Ftrgt-0.5_Btrigger-180000_TACconstr-TRUE_BB-TRUE.rds","base",0.5,180000,"A1",TRUE,TRUE,107297,113769.477972184,122411.022261548,116896.549785317,107878.45,120068.28,109375.3,0.144809523809524,0.144727272727273,0.1638,0.126,0.196,0.296,0.198,0.388005184117265,0.311861634063551,0.460456591214838,192335.462048732,179375.662667269,209094.606570956,0.446431932720994,0.538345168379774,0.427922201082042,1,1,0,149,0.430545454545455,0.526810724289716,0.2096
"HCR-A1_Ftrgt-0.5_Btrigger-190000_TACconstr-TRUE_BB-TRUE.rds","base",0.5,190000,"A1",TRUE,TRUE,107297,113848.809618011,121797.110401548,117406.33443234,107639.35,120068.28,108881.2,0.141285714285714,0.141090909090909,0.1614,0.1216,0.192,0.29,0.191,0.392995840571747,0.312239732921588,0.469809796054518,195201.406461219,179657.046944091,213319.278037893,0.440367736061214,0.533707491816341,0.419002223237704,1,1,0,156,0.458181818181818,0.557711542308462,0.2482
"HCR-A1_Ftrgt-0.5_Btrigger-210000_TACconstr-TRUE_BB-TRUE.rds","base",0.5,210000,"A1",TRUE,TRUE,107297,113980.174503692,120265.60525702,118817.772892056,106837,120068.28,109808.45,0.132904761904762,0.134,0.1522,0.1112,0.191,0.262,0.178,0.401731896635012,0.313536838554296,0.48332318484037,201350.407960991,181099.097267768,222298.972734908,0.427530168339821,0.520679999764694,0.40696137043713,1,1,0,161,0.517272727272727,0.603120624124825,0.3518
"HCR-A1_Ftrgt-0.5_Btrigger-220000_TACconstr-TRUE_BB-TRUE.rds","base",0.5,220000,"A1",TRUE,TRUE,107297,114027.869923009,119359.148631936,119722.067971471,106332.65,120068.28,110152.3,0.128571428571429,0.131090909090909,0.1476,0.104,0.191,0.252,0.166,0.406914909976644,0.313287264633433,0.48705762223298,204267.540233585,182321.406241511,227158.860491728,0.421089416195963,0.511639137061715,0.400490644551084,1,1,0,170,0.543867624329485,0.622448979591837,0.608
"HCR-A1_Ftrgt-0.5_Btrigger-230000_TACconstr-TRUE_BB-TRUE.rds","base",0.5,230000,"A1",TRUE,TRUE,107297,114067.570871645,118397.935743794,120685.113173695,105842.95,119481.3,111062.45,0.123380952380952,0.128,0.1376,0.099,0.189,0.232,0.154,0.410935950054409,0.310955690688138,0.487755718056819,207635.914938646,184534.781524751,231525.257549262,0.414000307991498,0.499552152896045,0.394742425771187,1,1,0,179,0.568506227838894,0.6378,0.669733946789358
"HCR-A1_Ftrgt-0.5_Btrigger-2e+05_TACconstr-TRUE_BB-TRUE.rds","base",0.5,2e+05,"A1",TRUE,TRUE,107297,113934.251183157,121076.859398364,118032.286149591,107346.75,120068.28,109303.85,0.137619047619048,0.137727272727273,0.1574,0.1176,0.196,0.277,0.188,0.397372276834029,0.313823480914457,0.477236978282598,197902.870216119,179956.695846964,217416.651650831,0.43443464940903,0.526859849757651,0.412253314248595,1,1,0,158,0.488363636363636,0.583833533413365,0.2978
"HCR-A1_Ftrgt-0.536_Btrigger-230000_TACconstr-TRUE_BB-TRUE.rds","base",0.536,230000,"A1",TRUE,TRUE,107297,112432.011707398,120681.491980898,120289.337386289,103360.7,120068.28,108785.008838658,0.158,0.17,0.1672,0.1224,0.248,0.303,0.196,0.431355967528063,0.318520240695046,0.511563710078801,194569.121678357,178850.967585578,222639.82068421,0.424611659769059,0.523907651178253,0.40186114587425,1,1,0,295,0.608873533957633,0.677871148459384,0.677
"HCR-B_Ftrgt-0.1_Btrigger-170000_TACconstr-FALSE_BB-FALSE.rds","base",0.1,170000,"B",FALSE,FALSE,107297,91650.4230214898,44774.4792,82748.1790776066,88977,39527,79606.5,0.000285714285714286,0,0.0012,0,0,0.006,0,0.107445812319473,0.278216417420963,0.136688188347993,799201.318041593,370097.118779001,705085.1746213,0.102215051702999,0.0905349708395883,0.101374848173807,1,1,0,0,0,0,0.0438
"HCR-B_Ftrgt-0.1_Btrigger-190000_TACconstr-FALSE_BB-FALSE.rds","base",0.1,190000,"B",FALSE,FALSE,107297,91652.0900214898,44596.1336,82888.7636557233,89029.5,39396.5,79687,0.000285714285714286,0,0.0012,0,0,0.006,0,0.107440795586642,0.283303252832711,0.136920837718562,799397.085325928,370874.483448175,705924.999426831,0.102248230696785,0.0901200637753028,0.101437271818773,1,1,0,0,0,0,0.0918
"HCR-B_Ftrgt-0.1_Btrigger-210000_TACconstr-FALSE_BB-FALSE.rds","base",0.1,210000,"B",FALSE,FALSE,107297,91667.9972942171,44278.5938,83083.6999892648,89032.5,39032,79843.5,0.000285714285714286,0,0.0012,0,0,0.006,0,0.10752383878907,0.290097879098099,0.136952553779817,799345.986400799,371308.885624144,707501.812731288,0.102289965033482,0.0895130170566154,0.101539833869682,1,1,0,0,0,0.000200080032012805,0.1728
"HCR-B_Ftrgt-0.1_Btrigger-230000_TACconstr-FALSE_BB-FALSE.rds","base",0.1,230000,"B",FALSE,FALSE,107297,91705.1186363636,43687.3542,83426.7234229341,89062,38279.5,80163,0.000285714285714286,0,0.0012,0,0,0.006,0,0.108522194442365,0.312067690246957,0.137072088355157,799273.329346773,374764.538370137,710075.101550827,0.102282397568226,0.0877495741137849,0.101780005386023,1,1,0,0,0,0.001000200040008,0.4776
"HCR-B_Ftrgt-0.2_Btrigger-170000_TACconstr-FALSE_BB-FALSE.rds","base",0.2,170000,"B",FALSE,FALSE,107297,114285.93408175,74434.2940560319,114298.89886872,110801.5,66557,109852.5,0.000428571428571429,0,0.0018,0,0,0.006,0,0.118101841774394,0.216896104619646,0.137099169403121,487160.803899892,311254.132196761,477912.277228283,0.202206500741635,0.183190865788712,0.20296803664569,1,1,0,0,0.000181834712246568,0.0028005601120224,0.0632126425285057
"HCR-B_Ftrgt-0.2_Btrigger-190000_TACconstr-FALSE_BB-FALSE.rds","base",0.2,190000,"B",FALSE,FALSE,107297,114282.752744995,74067.6600560319,114649.62806872,110801.5,66332,110547,0.000428571428571429,0,0.0018,0,0,0.006,0,0.118734574762099,0.224457911563793,0.137874119795444,487163.310472674,312063.284676012,479493.600803751,0.20221087879266,0.182273373642157,0.203130115247207,1,1,0,0,0.000363702491362066,0.00440088017603521,0.118223644728946
"HCR-B_Ftrgt-0.2_Btrigger-210000_TACconstr-FALSE_BB-FALSE.rds","base",0.2,210000,"B",FALSE,FALSE,107297,114283.482354477,73446.168081746,115237.17186872,110778,65690.5,111107,0.000428571428571429,0,0.0018,0,0,0.006,0,0.118904599896718,0.237529532160028,0.138899921603386,487108.960211709,314093.163912193,481485.112108355,0.202224361969972,0.180632270769483,0.203560807867144,1,1,0,0,0.00118192562960269,0.00840168033606721,0.214842968593719
"HCR-B_Ftrgt-0.2_Btrigger-230000_TACconstr-FALSE_BB-FALSE.rds","base",0.2,230000,"B",FALSE,FALSE,107297,114281.865415037,72475.0628,116115.1024,110726,64378.5,112158.5,0.000428571428571429,0,0.0018,0,0,0.006,0,0.119477257341146,0.263525383967204,0.13879485581017,487026.931209913,319368.650741816,484009.53572935,0.202151897245384,0.17589814797342,0.204437189871169,1,1,0,0,0.00236406619385343,0.0124,0.534
"HCR-B_Ftrgt-0.21_Btrigger-220000_TACconstr-TRUE_BB-TRUE.rds","base",0.21,220000,"B",TRUE,TRUE,107297,113454.949290909,75095.876805618,120171.232495574,108041.35,79971.59,114523.65,0.00114285714285714,0,0.0048,0,0,0.013,0,0.360911074665458,0.28,0.414381440590498,464201.717607237,289120.674783678,464755.352125638,0.206038617464637,0.196593526083932,0.221587768969691,1,1,0,0,0.003,0.0274274274274274,0.51500600240096
"HCR-B_Ftrgt-0.21_Btrigger-2e+05_TACconstr-FALSE_BB-FALSE.rds","base",0.21,2e+05,"B",FALSE,FALSE,107297,115206.144744758,76257.6918,116539.049012641,111595,68262,112444,0.000571428571428571,0,0.0022,2e-04,0,0.006,0.001,0.119756623527994,0.22341233076153,0.138091340346265,466061.066553646,307062.857301345,463000.529827774,0.212115787747257,0.191714205572683,0.213830426749386,1,1,0,0,0.00136388434260775,0.00840336134453781,0.1612
"HCR-B_Ftrgt-0.25_Btrigger-170000_TACconstr-TRUE_BB-TRUE.rds","base",0.25,170000,"B",TRUE,TRUE,107297,115264.562332792,85869.6799360218,122510.78206,109248.9,83525.76,116906.4,0.00166666666666667,0,0.0064,6e-04,0,0.013,0.001,0.357897318890148,0.28,0.406781818228527,393084.826348982,270953.367717204,394849.220126372,0.245288313551634,0.243793946030417,0.264055348839531,1,1,0,0,0.00281869430805601,0.015,0.0824164832966593
"HCR-B_Ftrgt-0.25_Btrigger-180000_TACconstr-TRUE_BB-TRUE.rds","base",0.25,180000,"B",TRUE,TRUE,107297,115265.684632792,85649.7959760218,122717.42622,109258,83525.76,117350.4,0.00166666666666667,0,0.0064,6e-04,0,0.013,0.001,0.357835419379958,0.28,0.406939315771028,393109.281934721,271253.187336217,395389.747958637,0.245288313551634,0.243183368393607,0.263904065679643,1,1,0,0,0.00509183487906892,0.0192,0.111622324464893
"HCR-B_Ftrgt-0.25_Btrigger-190000_TACconstr-TRUE_BB-TRUE.rds","base",0.25,190000,"B",TRUE,TRUE,107297,115265.168141883,85365.4225160218,122993.04418,109263.55,83525.76,117568.2,0.00161904761904762,0,0.0062,6e-04,0,0.013,0.001,0.357940267807466,0.28,0.406939315771028,393104.188600676,271754.143134162,396204.393471534,0.245270466591856,0.242408467925432,0.264046979304143,1,1,0,0,0.00700127295871977,0.0236,0.146829365873175
"HCR-B_Ftrgt-0.25_Btrigger-210000_TACconstr-TRUE_BB-TRUE.rds","base",0.25,210000,"B",TRUE,TRUE,107297,115264.107732792,84550.1970760218,123767.52192,109346.9,83525.76,118252.3,0.00147619047619048,0,0.0056,6e-04,0,0.013,0.001,0.356849560524524,0.28,0.406155791729121,393290.325292745,273292.990960692,398695.843464252,0.245104621711427,0.239497089775168,0.264363649033493,1,1,0,0,0.0155482815057283,0.0392,0.254250850170034
"HCR-B_Ftrgt-0.25_Btrigger-220000_TACconstr-TRUE_BB-TRUE.rds","base",0.25,220000,"B",TRUE,TRUE,107297,115259.620496429,83971.9807008801,124315.8125,109394.85,83525.76,118642.7,0.00147619047619048,0,0.0056,6e-04,0,0.013,0.001,0.356234314929645,0.28,0.405267459696111,393510.901786825,274590.168115548,401044.931234403,0.244983938415837,0.236989616287543,0.264340700542338,1,1,0,0,0.0204582651391162,0.0468,0.512404961984794
"HCR-B_Ftrgt-0.25_Btrigger-230000_TACconstr-TRUE_BB-TRUE.rds","base",0.25,230000,"B",TRUE,TRUE,107297,115242.610241883,83339.5115560218,124918.28299071,109371.9,83525.76,119077.85,0.00138095238095238,0,0.0052,6e-04,0,0.013,0.001,0.356376444828713,0.28,0.405497190429015,393634.58771228,275669.075862168,402965.390489915,0.244823564968024,0.234076200165516,0.265789491665105,1,1,0,0,0.0277323149663575,0.0562112422484497,0.580716143228646
"HCR-B_Ftrgt-0.25_Btrigger-240000_TACconstr-TRUE_BB-TRUE.rds","base",0.25,240000,"B",TRUE,TRUE,107297,115226.841178247,82586.3460760218,125621.06700847,109515.9,83525.76,120005,0.00138095238095238,0,0.0052,6e-04,0,0.013,0.001,0.356842835264211,0.28,0.406772567619318,393785.004518882,277520.643476326,405137.400471823,0.244700153695843,0.230948024278387,0.26589763514558,1,1,0,0,0.0379159847244954,0.0686137227445489,0.636727345469094
"HCR-B_Ftrgt-0.25_Btrigger-2e+05_TACconstr-TRUE_BB-TRUE.rds","base",0.25,2e+05,"B",TRUE,TRUE,107297,115272.163132792,85001.9833360218,123323.750788944,109343.3,83525.76,117880.8,0.00161904761904762,0,0.0062,6e-04,0,0.013,0.001,0.357749899964464,0.28,0.405735334347448,393169.210128038,272274.109330825,397438.836445234,0.24513984926529,0.241148800243199,0.263999060110958,1,1,0,0,0.0100018185124568,0.0314062812562513,0.194038807761552
"HCR-B_Ftrgt-0.3_Btrigger-170000_TACconstr-FALSE_BB-FALSE.rds","base",0.3,170000,"B",FALSE,FALSE,107297,119116.157814575,96514.8158624042,122436.359476629,115057.5,91547.5,118115.5,0.00314285714285714,0.00136363636363636,0.008,0.0022,0.003,0.018,0.003,0.134315347506681,0.189797915108546,0.144990356224371,327138.861746693,258752.005133923,333619.883855104,0.300575023658344,0.291927057210613,0.303232933295946,1,1,0,1,0.0259114464951359,0.0366293034427542,0.0922184436887377
"HCR-B_Ftrgt-0.3_Btrigger-170000_TACconstr-TRUE_BB-TRUE.rds","base",0.3,170000,"B",TRUE,TRUE,107297,116754.458357711,95686.26678,125119.76368,110633.1,85230.9,119303.55,0.003,0.001,0.0082,0.0022,0.003,0.017,0.003,0.352317224904222,0.288186287896933,0.404569972152377,325674.760715391,256180.152587491,330390.913001287,0.292512789252357,0.289082952537437,0.315917656332539,1,1,0,0,0.024822695035461,0.0358,0.0866
"HCR-B_Ftrgt-0.3_Btrigger-180000_TACconstr-FALSE_BB-FALSE.rds","base",0.3,180000,"B",FALSE,FALSE,107297,119105.217632756,96230.7038624042,122713.080851518,115081,91521,118466,0.00314285714285714,0.00136363636363636,0.008,0.0022,0.003,0.018,0.003,0.135051154667297,0.191517990534759,0.146308538818718,327531.896559739,258984.130348887,335060.925432172,0.300347945069632,0.291218650895147,0.303311860858252,1,1,0,1,0.0363669424493136,0.0486389111289031,0.122424484896979
"HCR-B_Ftrgt-0.3_Btrigger-180000_TACconstr-TRUE_BB-TRUE.rds","base",0.3,180000,"B",TRUE,TRUE,107297,116749.118103165,95430.58192,125346.94046,110661.5,85186.15,119407.4,0.003,0.001,0.0082,0.0022,0.003,0.017,0.003,0.352426685264835,0.288820611107825,0.405786053246966,326012.315312487,256505.000480558,331195.391415249,0.292164159121374,0.28818964840364,0.315857881967314,1,1,0,0,0.0342789598108747,0.048,0.1174
"HCR-B_Ftrgt-0.3_Btrigger-190000_TACconstr-FALSE_BB-FALSE.rds","base",0.3,190000,"B",FALSE,FALSE,107297,119087.381456281,95874.6158624042,123057.279563515,115160,91505,118877.5,0.00314285714285714,0.00136363636363636,0.008,0.0022,0.003,0.018,0.003,0.135643175967046,0.193970198253011,0.147973968888393,327903.684572905,259328.294573681,336720.034066746,0.300178282079006,0.28989578498535,0.303425093138394,1,1,0,1,0.0485542825968358,0.061048839071257,0.154830966193239
"HCR-B_Ftrgt-0.3_Btrigger-190000_TACconstr-TRUE_BB-TRUE.rds","base",0.3,190000,"B",TRUE,TRUE,107297,116738.396312256,95101.1392,125641.18402,110741.25,84778.4,119734.75,0.00285714285714286,0.001,0.0076,0.0022,0.003,0.016,0.003,0.353008478787611,0.289021897533638,0.406806881195486,326218.657026719,257006.898316788,332974.646856458,0.292100559520546,0.287079997145198,0.315673042106633,1,1,0,0,0.046826695762866,0.0614,0.1514
"HCR-B_Ftrgt-0.3_Btrigger-210000_TACconstr-FALSE_BB-FALSE.rds","base",0.3,210000,"B",FALSE,FALSE,107297,119004.669450938,94904.9828586613,124060.100852606,115367.5,91427,120196,0.00304761904761905,0.00136363636363636,0.0078,0.002,0.003,0.018,0.003,0.139161000824505,0.203169532509511,0.152242845375705,328620.259485588,261530.038002591,340623.506288218,0.299168827017086,0.285820631226213,0.303914289482194,1,1,0,1,0.0844622238385308,0.0906362545018007,0.260852170434087
"HCR-B_Ftrgt-0.3_Btrigger-210000_TACconstr-TRUE_BB-TRUE.rds","base",0.3,210000,"B",TRUE,TRUE,107297,116697.147630438,94169.87248,126494.22508,110975.25,83685.67,120821.65,0.00276190476190476,0.001,0.0074,0.002,0.003,0.016,0.003,0.353767661403322,0.290487268049937,0.406254129562887,327445.402131174,258334.419528714,335782.331978417,0.291141169954576,0.282879072630185,0.315001574500672,1,1,0,0,0.0817421349336243,0.0932,0.2612
"HCR-B_Ftrgt-0.3_Btrigger-220000_TACconstr-FALSE_BB-FALSE.rds","base",0.3,220000,"B",FALSE,FALSE,107297,118932.639355706,94265.0474539237,124723.279012385,115416.5,90194.5,120956.5,0.0029047619047619,0.00136363636363636,0.007,0.0022,0.003,0.017,0.003,0.141645782154611,0.213580097924281,0.154527450702975,329597.865693246,263598.973822931,342495.818957755,0.298507065465106,0.282300002897487,0.304811999941075,1,1,0,1,0.106009637239749,0.102641056422569,0.521504300860172
"HCR-B_Ftrgt-0.3_Btrigger-220000_TACconstr-TRUE_BB-TRUE.rds","base",0.3,220000,"B",TRUE,TRUE,107297,116663.267739529,93511.1372301364,127097.245081274,110973.15,83525.76,121363.35,0.00257142857142857,0.001,0.0068,0.0018,0.003,0.014,0.003,0.354162681101418,0.293145190124489,0.406071199334501,328124.296280449,259421.917175916,337574.954782085,0.290534636308149,0.279636729205236,0.314866303989459,1,1,0,0,0.102927805055465,0.1112,0.518503700740148
"HCR-B_Ftrgt-0.3_Btrigger-230000_TACconstr-FALSE_BB-FALSE.rds","base",0.3,230000,"B",FALSE,FALSE,107297,118897.385367446,93539.688,125369.726044322,115605.5,87052.5,121872,0.00242857142857143,0.00136363636363636,0.005,0.0022,0.003,0.014,0.003,0.143509624019507,0.226411767460169,0.156588309893588,330679.337712451,267914.681903154,344660.258092226,0.297743681413201,0.275368851773744,0.305722992235422,1,1,0,0,0.131478450627387,0.113913913913914,0.5834
"HCR-B_Ftrgt-0.3_Btrigger-230000_TACconstr-TRUE_BB-TRUE.rds","base",0.3,230000,"B",TRUE,TRUE,107297,116613.620294074,92794.6282,127758.174542286,111000.05,83525.76,122214.9,0.00247619047619048,0.000909090909090909,0.0066,0.0018,0.003,0.013,0.003,0.355100035020304,0.291852031098392,0.405007448199982,329114.055204627,261056.471131939,340677.178101413,0.289452655641821,0.276143441654091,0.314429192709758,1,1,0,1,0.128023276959447,0.128425685137027,0.5866
"HCR-B_Ftrgt-0.3_Btrigger-240000_TACconstr-FALSE_BB-FALSE.rds","base",0.3,240000,"B",FALSE,FALSE,107297,118809.910113613,92710.9427149576,126218.455602844,115720.5,84069,122922.5,0.00228571428571429,0.00136363636363636,0.0046,0.002,0.003,0.013,0.003,0.145575658738971,0.23722667749159,0.159667945873013,331824.724412768,272345.715556306,346422.573116137,0.296928880235813,0.268273797116291,0.306399199214722,1,1,0,1,0.155832348395309,0.131931931931932,0.640928185637127
"HCR-B_Ftrgt-0.3_Btrigger-240000_TACconstr-TRUE_BB-TRUE.rds","base",0.3,240000,"B",TRUE,TRUE,107297,116546.583494074,91937.53838,128561.720763761,111137.25,83525.76,122999.95,0.00242857142857143,0.001,0.0062,0.0018,0.003,0.013,0.003,0.355799568134025,0.28844746406684,0.407303008931013,330165.714625514,263041.588503202,343628.613629733,0.288537771268835,0.27218024823152,0.314116795518122,1,1,0,0,0.154028005091835,0.147029405881176,0.6454
"HCR-B_Ftrgt-0.3_Btrigger-2e+05_TACconstr-FALSE_BB-FALSE.rds","base",0.3,2e+05,"B",FALSE,FALSE,107297,119043.639541847,95437.4560411912,123522.662168812,115274,91462.5,119578.5,0.00314285714285714,0.00136363636363636,0.008,0.0022,0.003,0.018,0.003,0.137099246888048,0.198007199956298,0.149818841521374,328237.033860471,260403.481839778,338586.198083791,0.300017214115619,0.288702571559959,0.303539068087866,1,1,0,1,0.0658241658332576,0.0746447868721233,0.198839767953591
"HCR-B_Ftrgt-0.3_Btrigger-2e+05_TACconstr-TRUE_BB-TRUE.rds","base",0.3,2e+05,"B",TRUE,TRUE,107297,116718.775503165,94689.1997,126018.27482,110856.45,84297.2,120234.85,0.00276190476190476,0.000818181818181818,0.0076,0.0022,0.003,0.016,0.003,0.35328539361803,0.29189672334454,0.406232547415472,326680.354562472,257782.149737265,334400.854187845,0.29154385952057,0.285826347391106,0.315740872926175,1,1,0,0,0.0628296053827969,0.0776,0.1992
"HCR-B_Ftrgt-0.32_Btrigger-170000_TACconstr-FALSE_BB-FALSE.rds","base",0.32,170000,"B",FALSE,FALSE,107297,119317.472227417,100171.394689412,122581.388570698,115255.5,96626,118076,0.00576190476190476,0.00363636363636364,0.0128,0.0034,0.005,0.023,0.004,0.13960215970721,0.164523136335425,0.150424705269517,305234.607579034,248533.431627632,312520.009888156,0.319819256124807,0.316060098648225,0.322477594597628,1,1,0,1,0.0467357701400255,0.0586234493797519,0.101440576230492
"HCR-B_Ftrgt-0.32_Btrigger-190000_TACconstr-FALSE_BB-FALSE.rds","base",0.32,190000,"B",FALSE,FALSE,107297,119289.536865142,99486.6220894118,123206.609170698,115533,96599.5,119329,0.00561904761904762,0.00363636363636364,0.0122,0.0034,0.005,0.023,0.004,0.142549013268404,0.165669608992483,0.153284240137039,306680.484130142,249354.851705358,315268.155633524,0.319148061392466,0.313857142507829,0.322399899247538,1,1,0,1,0.0826513911620295,0.0898359343737495,0.162665066026411
"HCR-B_Ftrgt-0.32_Btrigger-210000_TACconstr-FALSE_BB-FALSE.rds","base",0.32,210000,"B",FALSE,FALSE,107297,119205.594808022,98437.0680276481,124208.567544846,115799,96532,120433,0.00538095238095238,0.00363636363636364,0.011,0.0036,0.006,0.023,0.005,0.146407168726144,0.166859182125371,0.159147521451921,308667.40154661,250614.655574787,319495.389294392,0.317599885313144,0.309571354515318,0.322178742655245,1,1,0,1,0.1284662242022,0.127050820328131,0.269907963185274
"HCR-B_Ftrgt-0.32_Btrigger-230000_TACconstr-FALSE_BB-FALSE.rds","base",0.32,230000,"B",FALSE,FALSE,107297,119083.571272727,97064.7738050997,125516.726695045,116009.5,91913.5,122375,0.00457142857142857,0.00336363636363636,0.0082,0.0036,0.006,0.019,0.007,0.151190884290273,0.205279902686691,0.163892769442874,310936.562794738,257480.636474563,323914.555233322,0.315843807418584,0.297754700941305,0.324171943081634,1,1,0,1,0.184090909090909,0.168935148118495,0.592718543708742
"HCR-B_Ftrgt-0.33_Btrigger-180000_TACconstr-FALSE_BB-FALSE.rds","base",0.33,180000,"B",FALSE,FALSE,107297,119361.687818182,101603.621038653,122781.83362249,115522,99125.5,118589,0.00785714285714286,0.00518181818181818,0.016,0.0056,0.008,0.026,0.009,0.144708554969905,0.145834770015861,0.153862952027799,296596.02020024,243979.409249396,304313.569595057,0.328864419231017,0.327671456371256,0.331679188695638,1,1,0,0,0.0803636363636364,0.0874174834966993,0.131052420968387
"HCR-B_Ftrgt-0.33_Btrigger-190000_TACconstr-TRUE_BB-TRUE.rds","base",0.33,190000,"B",TRUE,TRUE,107297,117091.44561296,100427.27239345,125672.435216504,111337.25,90104.75,119797.05,0.00752380952380952,0.00536363636363636,0.0138,0.006,0.011,0.028,0.008,0.353683869410446,0.299362396479611,0.408643178132063,295672.050708836,242943.705090036,302051.879197535,0.319295388760048,0.318971213466085,0.342126999818229,1,1,0,0,0.101281934721338,0.112622524504901,0.163032606521304
"HCR-B_Ftrgt-0.33_Btrigger-210000_TACconstr-TRUE_BB-TRUE.rds","base",0.33,210000,"B",TRUE,TRUE,107297,117042.279867506,99426.30372,126494.00691786,111544.6,89918,121141.75,0.00714285714285714,0.00518181818181818,0.013,0.0056,0.011,0.026,0.007,0.354647388459686,0.301769923674676,0.410092133457267,297796.060439251,244409.297597346,306887.528874128,0.317290031507051,0.314420528153395,0.340582522412564,1,1,0,0,0.152377488862624,0.165233046609322,0.2714
"HCR-B_Ftrgt-0.33_Btrigger-220000_TACconstr-FALSE_BB-FALSE.rds","base",0.33,220000,"B",FALSE,FALSE,107297,119210.959146728,99469.6439300224,124749.460099954,116080,97675.5,121745,0.00704761904761905,0.00536363636363636,0.0124,0.0054,0.008,0.024,0.007,0.153612466623613,0.158868353906627,0.166939628764593,300839.887445019,248458.015473145,313113.266272884,0.325679024193481,0.315768600906539,0.331374097575595,1,1,0,1,0.180652786616965,0.179471788715486,0.535507101420284
"HCR-B_Ftrgt-0.33_Btrigger-220000_TACconstr-TRUE_BB-TRUE.rds","base",0.33,220000,"B",TRUE,TRUE,107297,117003.931149757,98752.68924,127071.228162265,111537.7,88795.35,121720.85,0.00661904761904762,0.005,0.0114,0.0054,0.01,0.023,0.007,0.355911690442459,0.305510063512727,0.410615103022871,299192.702410862,246922.974522488,308861.656043595,0.315893657065893,0.3096781986506,0.340560705607587,1,1,0,1,0.180321905974357,0.1868,0.5298
"HCR-B_Ftrgt-0.33_Btrigger-230000_TACconstr-TRUE_BB-TRUE.rds","base",0.33,230000,"B",TRUE,TRUE,107297,116967.025327966,98004.58778,127696.623813249,111668.45,86467.55,122609.85,0.0060952380952381,0.00481818181818182,0.0096,0.0054,0.01,0.02,0.008,0.3574752961892,0.312583615514523,0.408896966935739,300986.958566927,250701.403925701,310860.696431374,0.314521994346854,0.301044574431978,0.339982903828439,1,1,0,0,0.212967172865327,0.206082432973189,0.5914
"HCR-B_Ftrgt-0.33_Btrigger-240000_TACconstr-FALSE_BB-FALSE.rds","base",0.33,240000,"B",FALSE,FALSE,107297,119082.030905324,97901.7450209769,126199.129665924,116399,91066.5,123138.5,0.00595238095238095,0.00527272727272727,0.0082,0.0052,0.008,0.017,0.008,0.159680175246115,0.213920591683332,0.17181231866476,305125.873861087,257099.653670024,316262.73617293,0.322837281836958,0.300562617138633,0.333416947383608,1,1,0,1,0.245135479178032,0.215172137710168,0.655331066213243
"HCR-B_Ftrgt-0.33_Btrigger-2e+05_TACconstr-FALSE_BB-FALSE.rds","base",0.33,2e+05,"B",FALSE,FALSE,107297,119304.612909091,100728.278782193,123576.776530808,115799.5,99074,119763,0.00766666666666667,0.00527272727272727,0.0152,0.0054,0.008,0.026,0.008,0.148388251432363,0.146636438866285,0.159670262216162,298503.334255395,245024.060417741,307820.519675982,0.32773180227871,0.323362037783722,0.331100154192103,1,1,0,0,0.124727272727273,0.128651460584234,0.213485394157663
"HCR-B_Ftrgt-0.33_Btrigger-2e+05_TACconstr-TRUE_BB-TRUE.rds","base",0.33,2e+05,"B",TRUE,TRUE,107297,117071.133603869,99967.7524222718,126046.031445499,111492.15,90006.3,120454,0.00738095238095238,0.00536363636363636,0.0136,0.0056,0.011,0.028,0.007,0.354417241947953,0.301618409214594,0.408920365837132,296523.807539949,243511.876063265,304181.778267216,0.318206528454036,0.316888997644368,0.341186363656401,1,1,0,0,0.125375034094009,0.13765506202481,0.212842568513703
"HCR-B_Ftrgt-0.34_Btrigger-170000_TACconstr-FALSE_BB-FALSE.rds","base",0.34,170000,"B",FALSE,FALSE,107297,119427.743457853,103640.44014267,122246.886343562,115591.5,101609,118078,0.0100952380952381,0.00772727272727273,0.018,0.0074,0.01,0.03,0.011,0.147118435330416,0.127297255361699,0.155195719987658,286912.123162292,239284.937116075,292922.390070588,0.338483909390972,0.341074981041124,0.34149241026142,1,1,0,1,0.0760138206946718,0.0846169233846769,0.109421884376875
"HCR-B_Ftrgt-0.34_Btrigger-190000_TACconstr-FALSE_BB-FALSE.rds","base",0.34,190000,"B",FALSE,FALSE,107297,119369.392711975,102902.33994267,122914.876543562,115974.5,101585,119015,0.01,0.00781818181818182,0.0176,0.0072,0.01,0.03,0.01,0.150714187757001,0.128249775877526,0.161848334463843,288811.691362496,240052.073181791,296477.774046715,0.337088018891756,0.338175431243029,0.340227488892078,1,1,0,1,0.120465496863351,0.128425685137027,0.172834566913383
"HCR-B_Ftrgt-0.34_Btrigger-190000_TACconstr-TRUE_BB-TRUE.rds","base",0.34,190000,"B",TRUE,TRUE,107297,117143.641704892,102114.30592196,125456.869196694,111552.85,92307.55,119783.15,0.00971428571428571,0.00745454545454545,0.0166,0.0078,0.013,0.036,0.01,0.353836845734499,0.302262651834777,0.409863632100771,286850.090691495,237682.241765708,292943.692714076,0.328197806947127,0.330618661536135,0.350700904253482,1,1,0,2,0.122011091917447,0.138027605521104,0.166833366673335
"HCR-B_Ftrgt-0.34_Btrigger-210000_TACconstr-FALSE_BB-FALSE.rds","base",0.34,210000,"B",FALSE,FALSE,107297,119300.356454545,101789.048188661,123912.762113409,116151,101519.5,120598,0.00957142857142857,0.00754545454545455,0.0166,0.007,0.01,0.03,0.009,0.155288877022139,0.129223846631267,0.169214841100118,291167.172474144,241754.859153947,301567.329950864,0.33575762218308,0.332794449713886,0.339030519828097,1,1,0,1,0.176818181818182,0.182472989195678,0.279055811162232
"HCR-B_Ftrgt-0.34_Btrigger-210000_TACconstr-TRUE_BB-TRUE.rds","base",0.34,210000,"B",TRUE,TRUE,107297,117103.991050346,101052.93086196,126295.440707813,111822.65,92114.1,120846.15,0.00928571428571429,0.00763636363636364,0.0148,0.0074,0.013,0.032,0.01,0.354546168419437,0.303725197379593,0.412637850911593,289175.29792965,239495.08142005,297879.475246665,0.325934167500867,0.325660196180064,0.348316994329269,1,1,0,2,0.175652332030185,0.192238447689538,0.275655131026205
"HCR-B_Ftrgt-0.34_Btrigger-220000_TACconstr-TRUE_BB-TRUE.rds","base",0.34,220000,"B",TRUE,TRUE,107297,117082.015339924,100365.8622,126859.580222724,111952.5,90917.65,121481.85,0.00871428571428571,0.00745454545454545,0.0132,0.007,0.013,0.027,0.01,0.356739478123235,0.306731087515302,0.412961679621973,290756.191126114,241809.424962664,300819.443132869,0.324610943828662,0.320703329763145,0.34730076356968,1,1,0,2,0.208382580234567,0.219043808761752,0.5352
"HCR-B_Ftrgt-0.34_Btrigger-230000_TACconstr-FALSE_BB-FALSE.rds","base",0.34,230000,"B",FALSE,FALSE,107297,119180.072454545,100370.0596,125221.324581483,116401.5,96639.5,122127,0.00852380952380952,0.00736363636363636,0.0122,0.0074,0.01,0.023,0.011,0.161925264151686,0.168883058730938,0.17534442887188,294568.364102938,247881.512063699,305757.956728903,0.33273789697411,0.320036966180196,0.340099926503381,1,1,0,0,0.241727272727273,0.228491396558623,0.6022
"HCR-B_Ftrgt-0.34_Btrigger-230000_TACconstr-TRUE_BB-TRUE.rds","base",0.34,230000,"B",TRUE,TRUE,107297,117039.4975,99580.0320108663,127512.934813754,111871.25,88087.35,122331.15,0.00823809523809524,0.00727272727272727,0.0114,0.0072,0.013,0.022,0.01,0.358780312735299,0.311853473190235,0.413595903235112,292508.53365364,245972.369184733,302941.056195533,0.322371789018572,0.311703265691035,0.347577046207175,1,1,0,2,0.242090909090909,0.240448089617924,0.598519703940788
"HCR-B_Ftrgt-0.34_Btrigger-2e+05_TACconstr-TRUE_BB-TRUE.rds","base",0.34,2e+05,"B",TRUE,TRUE,107297,117125.919777619,101635.91990196,125823.464111501,111681.15,92200.5,120375.05,0.00966666666666667,0.00772727272727273,0.016,0.0076,0.014,0.035,0.01,0.354134657578146,0.303917305045995,0.410468628236673,287899.585996634,238517.200332226,295192.212527844,0.327320220732146,0.328305367363505,0.34994995763119,1,1,0,2,0.147195199563597,0.164632926585317,0.218043608721744
"HCR-B_Ftrgt-0.35_Btrigger-170000_TACconstr-TRUE_BB-TRUE.rds","base",0.35,170000,"B",TRUE,TRUE,107297,117221.725694954,104434.095060374,124671.033463794,111493.65,94530.15,118745.4,0.0128095238095238,0.0107272727272727,0.0202,0.01,0.017,0.041,0.012,0.352572677168168,0.301622720464666,0.408709554063006,276654.889895253,232560.610364315,280220.398366204,0.339158394764047,0.345655023504706,0.360932411629058,1,1,0,2,0.0919174470406401,0.1104,0.107221444288858
"HCR-B_Ftrgt-0.35_Btrigger-180000_TACconstr-TRUE_BB-TRUE.rds","base",0.35,180000,"B",TRUE,TRUE,107297,117209.1155495,104117.447440374,124894.616943794,111725.4,94505.65,119225.35,0.0125714285714286,0.0104545454545455,0.0198,0.01,0.016,0.041,0.012,0.353201839576202,0.30230885584023,0.410348863215289,277363.606178592,232630.148086225,282515.630674907,0.338061316851249,0.343695839311557,0.359924806753208,1,1,0,2,0.11655605055005,0.1382,0.13502700540108
"HCR-B_Ftrgt-0.35_Btrigger-190000_TACconstr-TRUE_BB-TRUE.rds","base",0.35,190000,"B",TRUE,TRUE,107297,117194.617698077,103724.203220136,125169.355963794,111937.65,94443.75,120029.8,0.0121428571428571,0.00990909090909091,0.0194,0.0098,0.016,0.041,0.012,0.354030814367814,0.302859512385087,0.411891727489243,278493.722674524,233082.146149375,284634.144617035,0.336962379929268,0.342395021205709,0.358629150113414,1,1,0,2,0.143207855973813,0.1628,0.174034806961392
"HCR-B_Ftrgt-0.35_Btrigger-210000_TACconstr-TRUE_BB-TRUE.rds","base",0.35,210000,"B",TRUE,TRUE,107297,117166.595485863,102657.9457,125969.492819116,112226.6,94258.35,120557.7,0.0115238095238095,0.00972727272727273,0.0184,0.0086,0.016,0.039,0.011,0.356641355899641,0.302892540630927,0.416503544641946,281326.70464082,234559.439101547,290228.373522842,0.334219775451147,0.337481364099191,0.356045613588785,1,1,0,2,0.203382125647786,0.2246,0.2804
"HCR-B_Ftrgt-0.35_Btrigger-220000_TACconstr-TRUE_BB-TRUE.rds","base",0.35,220000,"B",TRUE,TRUE,107297,117136.612237637,101938.03,126553.971802224,112290.1,93091.5,121122.75,0.010952380952381,0.00972727272727273,0.0162,0.0084,0.017,0.034,0.011,0.358789444581387,0.306729932133872,0.416623665819293,283163.732941235,236735.692524543,292912.346115186,0.332353060645634,0.331902153420674,0.355530924821483,1,1,0,1,0.237476134194018,0.248299319727891,0.5414
"HCR-B_Ftrgt-0.35_Btrigger-230000_TACconstr-TRUE_BB-TRUE.rds","base",0.35,230000,"B",TRUE,TRUE,107297,117081.933127273,101167.1909,127200.67815802,112167.7,89988.35,122099,0.0104761904761905,0.00972727272727273,0.0138,0.0088,0.017,0.027,0.011,0.360724728417386,0.313093827078307,0.416465367553496,285195.605833875,241617.109552332,294817.279731923,0.329416741924682,0.322043235311818,0.355701918759638,1,1,0,1,0.269272727272727,0.27005401080216,0.6046
"HCR-B_Ftrgt-0.35_Btrigger-240000_TACconstr-TRUE_BB-TRUE.rds","base",0.35,240000,"B",TRUE,TRUE,107297,117033.660557474,100299.19954,127903.092197645,112030.1,87637.8,122927.55,0.00976190476190476,0.00954545454545455,0.011,0.009,0.017,0.022,0.012,0.361835630007346,0.315768554422713,0.415781272528818,287175.668967299,246024.855421127,297193.117509048,0.327232008644508,0.312465996611101,0.355342051883608,1,1,0,1,0.304209473588508,0.289857971594319,0.657
"HCR-B_Ftrgt-0.35_Btrigger-2e+05_TACconstr-TRUE_BB-TRUE.rds","base",0.35,2e+05,"B",TRUE,TRUE,107297,117184.243531318,103255.69448,125511.799523794,112030.2,94367.25,120424.75,0.0118095238095238,0.00981818181818182,0.0188,0.0092,0.016,0.04,0.011,0.354653281846781,0.303012350966413,0.413771278495893,279859.448619097,233570.111589209,287710.835607948,0.335333292264011,0.339983612609315,0.357181716936629,1,1,0,2,0.171833803073007,0.1926,0.222
"HCR-B_Ftrgt-0.351_Btrigger-220000_TACconstr-TRUE_BB-TRUE.rds","base",0.351,220000,"B",TRUE,TRUE,107297,117477.462118157,101219.695972984,128000.022398805,112213.7,93257.1,122410.8,0.0115714285714286,0.00954545454545455,0.0178,0.0098,0.014,0.037,0.011,0.358009183756673,0.304521241113541,0.415858281683726,282357.764969311,238649.405452558,295423.177831089,0.331457971457686,0.327996374387475,0.357342937420964,1,1,0,1,0.238086576937068,0.237590072057646,0.547109421884377
"HCR-B_Ftrgt-0.351_Btrigger-2e+05_TACconstr-FALSE_BB-FALSE.rds","base",0.351,2e+05,"B",FALSE,FALSE,107297,119349.747357953,104157.6534,123047.243397593,116146.5,104209.5,119555,0.0123333333333333,0.00981818181818182,0.0202,0.01,0.013,0.037,0.014,0.158627923171949,0.111731012355423,0.171840755667636,280862.107653323,235739.359012675,289849.28910996,0.346085359214069,0.349204282840379,0.348156591216874,1,1,0,0,0.174818181818182,0.183436687337467,0.2244
"HCR-B_Ftrgt-0.36_Btrigger-170000_TACconstr-FALSE_BB-FALSE.rds","base",0.36,170000,"B",FALSE,FALSE,107297,119393.249653381,106815.961248536,121671.543626446,115762.5,106442,117919,0.0162857142857143,0.0138181818181818,0.0254,0.0126,0.018,0.043,0.017,0.156121121571799,0.104327087524795,0.163244732459399,270234.035847252,230934.705372494,275805.887187296,0.356768151453606,0.366497231202278,0.358222815643792,1,1,0,3,0.108747044917258,0.121848739495798,0.116623324664933
"HCR-B_Ftrgt-0.36_Btrigger-170000_TACconstr-TRUE_BB-TRUE.rds","base",0.36,170000,"B",TRUE,TRUE,107297,117234.271034926,106038.2973,124288.325754263,111794.1,96727.95,118925.45,0.0166190476190476,0.0140909090909091,0.0256,0.0132,0.021,0.057,0.017,0.352708624213714,0.303959818379994,0.408952272438588,268391.86168786,227840.287902837,272601.670500298,0.347890713956425,0.357611651034118,0.369411800658667,1,1,0,3,0.110727272727273,0.133853541416567,0.1122
"HCR-B_Ftrgt-0.36_Btrigger-180000_TACconstr-FALSE_BB-FALSE.rds","base",0.36,180000,"B",FALSE,FALSE,107297,119389.861474356,106468.550448536,121934.00669511,115906,106424.5,118223.5,0.0162380952380952,0.014,0.0248,0.0126,0.018,0.043,0.017,0.157667954435414,0.106201419807744,0.167903196766308,271375.032984521,231158.856633217,277989.852397808,0.356352863704012,0.364959978126312,0.357200319014381,1,1,0,3,0.135466860623693,0.148059223689476,0.142828565713143
"HCR-B_Ftrgt-0.36_Btrigger-180000_TACconstr-TRUE_BB-TRUE.rds","base",0.36,180000,"B",TRUE,TRUE,107297,117229.435162199,105716.84006,124489.067236252,111943.3,96696.9,119369.15,0.0162380952380952,0.0135454545454545,0.0252,0.0132,0.02,0.057,0.017,0.353701920067904,0.304351206045209,0.41093533678295,269575.104966795,227874.068819649,275037.658795098,0.346814498527028,0.356245169191271,0.367504047188741,1,1,0,3,0.136272727272727,0.15906362545018,0.1402
"HCR-B_Ftrgt-0.36_Btrigger-190000_TACconstr-FALSE_BB-FALSE.rds","base",0.36,190000,"B",FALSE,FALSE,107297,119374.032632744,106025.642248536,122296.054977326,116093,106407,118954.5,0.016,0.0137272727272727,0.0248,0.0122,0.018,0.043,0.017,0.160465589792836,0.10743882678551,0.172594582027938,272806.011996483,231386.022512372,280479.764219479,0.355120614353816,0.363372044687932,0.356611591161441,1,1,0,3,0.165924174924993,0.175870348139256,0.183036607321464
"HCR-B_Ftrgt-0.36_Btrigger-190000_TACconstr-TRUE_BB-TRUE.rds","base",0.36,190000,"B",TRUE,TRUE,107297,117545.982143282,104425.95352,126186.755747895,112025.8,96590.7,120235.95,0.0153333333333333,0.0125454545454545,0.0244,0.0124,0.019,0.052,0.016,0.354595238548747,0.300236329430865,0.412746326302434,270669.955953169,230386.209553696,280535.149099021,0.34450277539867,0.350091782096372,0.367075409840019,1,1,0,3,0.162014728611692,0.180344275420336,0.1768
"HCR-B_Ftrgt-0.36_Btrigger-210000_TACconstr-FALSE_BB-FALSE.rds","base",0.36,210000,"B",FALSE,FALSE,107297,119325.966672166,104850.921044136,123275.120438664,116397.5,106359,120354,0.0155714285714286,0.0135454545454545,0.0236,0.012,0.018,0.043,0.017,0.166332481343119,0.112200890229871,0.18157756562676,276043.80045277,232982.032866569,285759.336988338,0.351739879117992,0.357378082666295,0.354795507419544,1,1,0,3,0.229909090909091,0.243097238895558,0.287257451490298
"HCR-B_Ftrgt-0.36_Btrigger-210000_TACconstr-TRUE_BB-TRUE.rds","base",0.36,210000,"B",TRUE,TRUE,107297,117496.130099703,103311.7909,127096.774134729,112299.6,96453.45,121735.5,0.0149047619047619,0.0126363636363636,0.0228,0.012,0.021,0.049,0.015,0.357240769358757,0.302314691723076,0.417879620540647,273800.973015771,231950.548193701,286395.227550269,0.340234987411826,0.343875528076022,0.363301578408598,1,1,0,2,0.228314238952537,0.240344206523914,0.2882
"HCR-B_Ftrgt-0.36_Btrigger-220000_TACconstr-FALSE_BB-FALSE.rds","base",0.36,220000,"B",FALSE,FALSE,107297,119299.78892522,104149.131773078,123875.525780215,116484,104972.5,120937,0.0151904761904762,0.0139090909090909,0.0212,0.012,0.019,0.038,0.016,0.171981287501495,0.116143461085792,0.184037203944198,277826.019907154,234785.260337087,289023.423747778,0.350534087042047,0.351593763749218,0.354730901046525,1,1,0,3,0.26302391126466,0.270162097258355,0.551310262052411
"HCR-B_Ftrgt-0.36_Btrigger-220000_TACconstr-TRUE_BB-TRUE.rds","base",0.36,220000,"B",TRUE,TRUE,107297,117442.494879277,102577.277110764,127764.662231349,112031.65,95153.85,122333.25,0.0145714285714286,0.0125454545454545,0.0212,0.0124,0.021,0.045,0.015,0.358988303309878,0.304478844816799,0.419891195739909,276166.032695665,234477.145596287,288922.62081833,0.338270083196124,0.338304687009226,0.36363615873262,1,1,0,2,0.262865975631933,0.268253650730146,0.550910182036407
"HCR-B_Ftrgt-0.36_Btrigger-230000_TACconstr-FALSE_BB-FALSE.rds","base",0.36,230000,"B",FALSE,FALSE,107297,119276.393174597,103447.5942,124456.902859988,116625.5,101352.5,121821,0.0138571428571429,0.0132727272727273,0.0172,0.0118,0.018,0.03,0.016,0.176949698192182,0.134404523825943,0.188167086636302,280574.411450232,239490.901140975,291056.552595493,0.348134926098101,0.343075787295585,0.355330467694396,1,1,0,2,0.295208655332303,0.290832666132906,0.612
"HCR-B_Ftrgt-0.36_Btrigger-230000_TACconstr-TRUE_BB-TRUE.rds","base",0.36,230000,"B",TRUE,TRUE,107297,117429.754564875,101783.496585973,128371.143641967,112154.6,91944.9,122984.25,0.0133333333333333,0.0122727272727273,0.0166,0.0124,0.021,0.033,0.015,0.362212474266618,0.312331778341496,0.418343335394755,278340.334506077,239193.41168385,291297.852265329,0.336218915708483,0.328512036450717,0.363436934998525,1,1,0,4,0.298272727272727,0.29157494496698,0.611722344468894
"HCR-B_Ftrgt-0.36_Btrigger-240000_TACconstr-FALSE_BB-FALSE.rds","base",0.36,240000,"B",FALSE,FALSE,107297,119191.134857061,102590.0046,125265.095252608,116678.5,97885.5,122644.5,0.0126666666666667,0.0127272727272727,0.0136,0.0116,0.018,0.024,0.016,0.181939456484428,0.161105268602165,0.189412471926462,282664.567880967,243442.140453072,293448.027859912,0.344888987989911,0.334041767755963,0.356150547915055,1,1,0,2,0.328423349699945,0.312925170068027,0.6694
"HCR-B_Ftrgt-0.36_Btrigger-2e+05_TACconstr-FALSE_BB-FALSE.rds","base",0.36,2e+05,"B",FALSE,FALSE,107297,119360.287500657,105491.181048536,122730.673945313,116285.5,106375,119628.5,0.0159047619047619,0.0139090909090909,0.0242,0.012,0.019,0.043,0.017,0.162974741870994,0.109450992993324,0.178109628637501,274290.595771139,231811.584168689,282803.596220893,0.353211539065352,0.360652239510757,0.355717622902433,1,1,0,3,0.196,0.212327396437863,0.228645729145829
"HCR-B_Ftrgt-0.36_Btrigger-2e+05_TACconstr-TRUE_BB-TRUE.rds","base",0.36,2e+05,"B",TRUE,TRUE,107297,117515.59641051,103915.54614,126615.02706205,112159.75,96531.75,121041.3,0.0153333333333333,0.0129090909090909,0.0238,0.0122,0.021,0.052,0.016,0.356173086737922,0.301201933095192,0.416114299786214,272074.832582382,231087.837010775,283585.566291317,0.342615775223281,0.347939634370244,0.365435973794922,1,1,0,4,0.195199563596691,0.209325595357214,0.227
"HCR-B_Ftrgt-0.37_Btrigger-170000_TACconstr-TRUE_BB-TRUE.rds","base",0.37,170000,"B",TRUE,TRUE,107297,117218.27642638,107523.862562692,123884.373432881,111790.15,98821.35,118827.1,0.021,0.0177272727272727,0.0324,0.0168,0.025,0.067,0.022,0.353306896891398,0.303921129085671,0.410865954508157,260892.990884271,223543.197146294,265767.800331656,0.356749188732689,0.370129439524587,0.376605555089581,1,1,0,2,0.129102645695063,0.15503100620124,0.116023204640928
"HCR-B_Ftrgt-0.37_Btrigger-180000_TACconstr-TRUE_BB-TRUE.rds","base",0.37,180000,"B",TRUE,TRUE,107297,117222.063649319,107183.228022692,124097.192887643,111786,98785.35,119190.95,0.0207142857142857,0.0175454545454545,0.0318,0.0166,0.023,0.067,0.022,0.354878584787269,0.303784696636874,0.415022696628747,262234.742377353,223733.312025691,267990.294721393,0.355698047702264,0.369204868579285,0.375096706137208,1,1,0,2,0.158090909090909,0.187437487497499,0.14502900580116
"HCR-B_Ftrgt-0.37_Btrigger-190000_TACconstr-FALSE_BB-FALSE.rds","base",0.37,190000,"B",FALSE,FALSE,107297,119354.588328736,107484.352509801,121907.010502926,116220,108825,118611,0.0200952380952381,0.0170909090909091,0.0294,0.0174,0.025,0.046,0.023,0.166619604594769,0.108930648969569,0.177766829781059,265612.055546955,227029.569446026,272371.52969051,0.363407862424431,0.375405790550395,0.365507822422768,1,1,0,4,0.189108100736431,0.208883553421369,0.187074829931973
"HCR-B_Ftrgt-0.37_Btrigger-190000_TACconstr-TRUE_BB-TRUE.rds","base",0.37,190000,"B",TRUE,TRUE,107297,117223.033301049,106761.417802692,124360.705781882,112119.35,98741.9,119502.7,0.0202857142857143,0.0170909090909091,0.0314,0.0162,0.023,0.067,0.022,0.356947158392883,0.303315099505297,0.415835862294004,263440.198170705,224095.673612688,270020.339246094,0.354103525748995,0.367581560675842,0.373840489727382,1,1,0,2,0.188363636363636,0.218643728745749,0.181836367273455
"HCR-B_Ftrgt-0.37_Btrigger-210000_TACconstr-FALSE_BB-FALSE.rds","base",0.37,210000,"B",FALSE,FALSE,107297,119339.812000131,106296.364193002,122846.872710579,116478.5,108749,120008,0.0194761904761905,0.0167272727272727,0.0284,0.0166,0.024,0.046,0.023,0.175933282797842,0.114802806809153,0.186978276781501,269019.878543575,228391.265764965,278559.751397909,0.360182239824975,0.370252944176943,0.362625707939915,1,1,0,3,0.255932357487044,0.276165699419652,0.291458291658332
"HCR-B_Ftrgt-0.37_Btrigger-210000_TACconstr-TRUE_BB-TRUE.rds","base",0.37,210000,"B",TRUE,TRUE,107297,117176.187512013,105582.571955647,125265.285659331,112347.1,98631.35,120123.5,0.0196190476190476,0.0168181818181818,0.0296,0.0158,0.024,0.064,0.02,0.360663322093595,0.304554438806396,0.421036693994372,266772.86206516,225688.568034159,276326.095407488,0.349414555454124,0.360983349172121,0.369231475074175,1,1,0,4,0.253909090909091,0.285857171434287,0.296118447378952
"HCR-B_Ftrgt-0.37_Btrigger-220000_TACconstr-TRUE_BB-TRUE.rds","base",0.37,220000,"B",TRUE,TRUE,107297,117145.64716365,104908.234980809,125794.014694841,112215.85,97349.4,120547.75,0.0186666666666667,0.0169090909090909,0.026,0.0152,0.024,0.055,0.019,0.361535452618375,0.308954550718659,0.423456890445322,268777.312270479,227851.055859637,278832.308163887,0.347042532967619,0.353917688253294,0.368067284016487,1,1,0,4,0.288909090909091,0.3148,0.55371074214843
"HCR-B_Ftrgt-0.37_Btrigger-230000_TACconstr-TRUE_BB-TRUE.rds","base",0.37,230000,"B",TRUE,TRUE,107297,117119.018421537,104112.359207252,126416.481869718,112013.5,94042.75,121172.25,0.0173333333333333,0.0167272727272727,0.021,0.015,0.025,0.042,0.019,0.363685614617482,0.315200258672517,0.423118121974496,271474.157199876,232461.914083269,280661.132444039,0.344506357752948,0.344092277971528,0.368575386821739,1,1,0,2,0.324636363636364,0.339267853570714,0.613322664532907
"HCR-B_Ftrgt-0.37_Btrigger-2e+05_TACconstr-FALSE_BB-FALSE.rds","base",0.37,2e+05,"B",FALSE,FALSE,107297,119359.842341317,106933.08590889,122322.140586848,116369,108785,119352,0.0199047619047619,0.0170909090909091,0.029,0.017,0.024,0.046,0.023,0.170589602069407,0.11167140369186,0.182488836017383,267405.439392012,227584.655175429,275309.017243402,0.361665744194809,0.373593284513993,0.364416446002039,1,1,0,2,0.221090909090909,0.24194516710026,0.232693077230892
"HCR-B_Ftrgt-0.37_Btrigger-2e+05_TACconstr-TRUE_BB-TRUE.rds","base",0.37,2e+05,"B",TRUE,TRUE,107297,117208.53702974,106240.426152882,124739.998016903,112280.25,98703,119710.1,0.02,0.0169090909090909,0.0308,0.016,0.023,0.067,0.021,0.35897660573158,0.304642563309259,0.419486757341852,265012.193790473,224655.977318505,272730.578022101,0.351895690168865,0.365203594902016,0.37236257494167,1,1,0,3,0.224454545454545,0.250050010002,0.23244648929786
"HCR-B_Ftrgt-0.38_Btrigger-170000_TACconstr-FALSE_BB-FALSE.rds","base",0.38,170000,"B",FALSE,FALSE,107297,119312.741167386,109780.5656,120812.214564727,116203.5,111223,117507,0.0256666666666667,0.0228181818181818,0.035,0.0226,0.028,0.053,0.028,0.164933494938084,0.108794342225726,0.175287219108097,256138.90923164,222772.6114775,261105.339718343,0.374942062340322,0.392497198793671,0.375793297148171,1,1,0,7,0.150286389671788,0.166666666666667,0.1228
"HCR-B_Ftrgt-0.38_Btrigger-190000_TACconstr-FALSE_BB-FALSE.rds","base",0.38,190000,"B",FALSE,FALSE,107297,119342.558805296,108936.2956,121385.701701259,116344,111188,118433,0.024952380952381,0.022,0.0344,0.022,0.028,0.053,0.028,0.173287982318497,0.111712649006348,0.184357382036402,258970.259166497,223441.838539234,266023.232214955,0.371527623455058,0.388391956242138,0.37321488039011,1,1,0,7,0.211837439767252,0.240344206523914,0.192
"HCR-B_Ftrgt-0.38_Btrigger-190000_TACconstr-TRUE_BB-TRUE.rds","base",0.38,190000,"B",TRUE,TRUE,107297,117206.708403978,108139.031440923,123915.600341272,112223.25,100900.8,118936.75,0.0251428571428571,0.0217272727272727,0.0368,0.021,0.03,0.077,0.028,0.358510786977335,0.303250573749925,0.418943699322694,256510.429373448,220073.07791051,262984.55452104,0.362050629254192,0.380415470517433,0.380643963954158,1,1,0,6,0.213564869533594,0.248598879103283,0.186674669867947
"HCR-B_Ftrgt-0.38_Btrigger-210000_TACconstr-FALSE_BB-FALSE.rds","base",0.38,210000,"B",FALSE,FALSE,107297,119322.990955354,107699.0554,122377.603569819,116649,111120.5,119620.5,0.0241428571428571,0.0216363636363636,0.0326,0.0212,0.029,0.05,0.026,0.182827533028551,0.115244010220434,0.194074380020152,262704.112800795,224138.418940595,272077.591416955,0.36878033946052,0.383574146701046,0.369873035330924,1,1,0,10,0.278545454545455,0.304321728691477,0.298
"HCR-B_Ftrgt-0.38_Btrigger-210000_TACconstr-TRUE_BB-TRUE.rds","base",0.38,210000,"B",TRUE,TRUE,107297,117635.043958294,105254.31376,125849.317290864,112210.85,100674.45,120291.6,0.0203333333333333,0.0168181818181818,0.0334,0.015,0.024,0.072,0.02,0.360818541428658,0.301474508089168,0.423548981659906,267131.456748285,222221.553455086,278463.951494809,0.359352201341224,0.375407718138167,0.377495812197476,1,1,0,5,0.254,0.292658531706341,0.3026
"HCR-B_Ftrgt-0.38_Btrigger-220000_TACconstr-FALSE_BB-FALSE.rds","base",0.38,220000,"B",FALSE,FALSE,107297,119288.406958068,106974.5304,123008.912743201,116617.5,109671.5,120470.5,0.0233809523809524,0.0211818181818182,0.0306,0.021,0.029,0.047,0.025,0.188598370500183,0.117884425274916,0.199999108096183,265027.243344488,226350.953691052,275508.400993999,0.365024218747161,0.376685555691842,0.368919763509791,1,1,0,8,0.314028548049823,0.335667133426685,0.5652
"HCR-B_Ftrgt-0.38_Btrigger-220000_TACconstr-TRUE_BB-TRUE.rds","base",0.38,220000,"B",TRUE,TRUE,107297,117600.685257179,104534.4909,126456.447048404,112330,99351,121030,0.0195714285714286,0.0168181818181818,0.03,0.0152,0.025,0.065,0.02,0.362886005781078,0.305415552483135,0.424137194976223,269295.516945991,224108.692836906,281766.336853448,0.356944017115408,0.368551495225868,0.376827270094005,1,1,0,5,0.287272727272727,0.3188,0.5618
"HCR-B_Ftrgt-0.38_Btrigger-230000_TACconstr-FALSE_BB-FALSE.rds","base",0.38,230000,"B",FALSE,FALSE,107297,119266.791061091,106270.2062,123574.346763452,116581.5,105925.5,121095,0.0221904761904762,0.0206363636363636,0.0258,0.022,0.028,0.04,0.027,0.193971301889194,0.124498805990009,0.203550735132984,267205.021039922,231369.980702457,277049.142710806,0.361545356223948,0.36738603604282,0.368103120191805,1,1,0,7,0.349,0.362272454490898,0.6224
"HCR-B_Ftrgt-0.38_Btrigger-230000_TACconstr-TRUE_BB-TRUE.rds","base",0.38,230000,"B",TRUE,TRUE,107297,117398.69245589,104658.86984,127484.559808139,112248.45,96057,122249.25,0.0212380952380952,0.0198181818181818,0.0246,0.021,0.032,0.047,0.026,0.365633976180343,0.312579235161262,0.424462562910494,265823.082661518,229509.889691621,277047.548506716,0.350384338779457,0.351213791398317,0.374479234927004,1,1,0,6,0.351363636363636,0.353541416566627,0.621
"HCR-B_Ftrgt-0.38_Btrigger-2e+05_TACconstr-FALSE_BB-FALSE.rds","base",0.38,2e+05,"B",FALSE,FALSE,107297,119333.970046117,108377.0724,121828.131102078,116504,111173,118994.5,0.0247142857142857,0.0220909090909091,0.0334,0.0218,0.029,0.053,0.027,0.177890978566635,0.113522348348173,0.188321731026083,260668.605945293,223765.748631567,268616.923951636,0.37033528664876,0.386473346854667,0.371418934275177,1,1,0,7,0.246636363636364,0.275910364145658,0.238
"HCR-B_Ftrgt-0.38_Btrigger-2e+05_TACconstr-TRUE_BB-TRUE.rds","base",0.38,2e+05,"B",TRUE,TRUE,107297,117670.410150511,105905.3519,125310.6082446,112105.8,100711.8,119538.35,0.0205238095238095,0.0168181818181818,0.034,0.0152,0.025,0.073,0.021,0.3580376982046,0.302140701904175,0.420238692629626,265339.343894391,221665.0385501,276277.132434292,0.360512989363476,0.379318353188063,0.378828126567404,1,1,0,4,0.222181818181818,0.259155493295978,0.243
"HCR-B_Ftrgt-0.39_Btrigger-180000_TACconstr-FALSE_BB-FALSE.rds","base",0.39,180000,"B",FALSE,FALSE,107297,119282.337821715,110747.700364172,120561.672145613,116413.5,113552.5,117527.5,0.030952380952381,0.0273636363636364,0.0416,0.0282,0.033,0.064,0.033,0.176960064136294,0.11089827634688,0.186548708317334,250558.428934848,219299.682498623,257486.329613034,0.382518114327559,0.404167579962017,0.381733774010794,1,1,0,9,0.201927447949814,0.235588470776621,0.161
"HCR-B_Ftrgt-0.39_Btrigger-190000_TACconstr-FALSE_BB-FALSE.rds","base",0.39,190000,"B",FALSE,FALSE,107297,119309.101192411,110264.798764172,120880.611015386,116561.5,113513,118016,0.0304285714285714,0.0271818181818182,0.041,0.027,0.034,0.064,0.032,0.180483934992634,0.112163481815858,0.191297878453796,252454.779725831,219709.565638029,259716.652817777,0.380999801580279,0.402247364230829,0.379159492386982,1,1,0,10,0.234112192017456,0.271871871871872,0.1964
"HCR-B_Ftrgt-0.39_Btrigger-190000_TACconstr-TRUE_BB-TRUE.rds","base",0.39,190000,"B",TRUE,TRUE,107297,117160.370942856,109568.8077,123371.217906614,112215.15,103035.15,118492.2,0.0313809523809524,0.0275454545454545,0.0438,0.0274,0.039,0.09,0.038,0.360425132814471,0.30147636291141,0.422361107372785,250155.920308344,215824.596446826,257336.971208677,0.369255905308103,0.393099706801566,0.387238156600836,1,1,0,7,0.237567051550141,0.281112444977991,0.194
"HCR-B_Ftrgt-0.39_Btrigger-210000_TACconstr-FALSE_BB-FALSE.rds","base",0.39,210000,"B",FALSE,FALSE,107297,119297.166957791,109002.870164172,121866.159787483,116659.5,113467,119262,0.0297619047619048,0.0271818181818182,0.039,0.0262,0.034,0.063,0.032,0.191496544423428,0.116316848675324,0.20372062212638,256579.596033101,221077.553145373,266924.094265828,0.37571435516725,0.396374445314676,0.374847823485623,1,1,0,10,0.303,0.338470776621297,0.3036
"HCR-B_Ftrgt-0.39_Btrigger-210000_TACconstr-TRUE_BB-TRUE.rds","base",0.39,210000,"B",TRUE,TRUE,107297,117577.46513082,106552.360763148,125555.734555393,112370.55,102807.9,119908.1,0.0241904761904762,0.0200909090909091,0.0382,0.0192,0.032,0.079,0.026,0.362837318296903,0.30222215944089,0.426713850549485,260980.960620605,218605.08282272,272946.600110136,0.366514247544241,0.388034431256384,0.384091389118167,1,1,0,5,0.278363636363636,0.3244,0.307661532306461
"HCR-B_Ftrgt-0.39_Btrigger-220000_TACconstr-FALSE_BB-FALSE.rds","base",0.39,220000,"B",FALSE,FALSE,107297,119259.698185588,108291.054423784,122490.101708541,116663,111961,120061.5,0.0285238095238095,0.0269090909090909,0.0344,0.0262,0.035,0.053,0.03,0.196894168808485,0.119417299892133,0.210102270396221,258592.22755572,223089.692715215,270129.340552085,0.37202288449876,0.389098321973095,0.37395829997347,1,1,0,10,0.339363636363636,0.368147258903561,0.569
"HCR-B_Ftrgt-0.39_Btrigger-220000_TACconstr-TRUE_BB-TRUE.rds","base",0.39,220000,"B",TRUE,TRUE,107297,117560.946660182,105837.912528682,126117.178398454,112562.25,101447.75,120358.2,0.0237619047619048,0.02,0.0366,0.0192,0.032,0.075,0.027,0.364250794114681,0.305058373867331,0.428724911441764,263268.225040942,220310.203726157,275878.134377477,0.36428238543816,0.380477229454506,0.382852083013204,1,1,0,8,0.312090909090909,0.3506,0.569713942788558
"HCR-B_Ftrgt-0.39_Btrigger-230000_TACconstr-TRUE_BB-TRUE.rds","base",0.39,230000,"B",TRUE,TRUE,107297,117367.894150644,105960.292545203,127004.68978611,112106.9,98031.2,121508.85,0.0265238095238095,0.0259090909090909,0.0288,0.0256,0.04,0.056,0.031,0.368496545396158,0.314519760454996,0.42897376134858,260187.13816049,225199.354507181,271536.691088186,0.357600915682492,0.362565396508812,0.37889821529282,1,1,0,11,0.37376125102282,0.387032219331599,0.628651460584234
"HCR-B_Ftrgt-0.39_Btrigger-240000_TACconstr-FALSE_BB-FALSE.rds","base",0.39,240000,"B",FALSE,FALSE,107297,119191.339437708,106772.639850131,123747.319507515,116264.5,104564,121469.5,0.026047619047619,0.0262727272727273,0.0246,0.027,0.037,0.037,0.032,0.208657023895244,0.130853627662069,0.215266453062623,263708.241192932,231619.87266888,273403.532110099,0.364665142915152,0.368402721465092,0.37164121115847,1,1,0,12,0.406892162211311,0.407081416283257,0.6864
"HCR-B_Ftrgt-0.39_Btrigger-2e+05_TACconstr-FALSE_BB-FALSE.rds","base",0.39,2e+05,"B",FALSE,FALSE,107297,119305.292715231,109691.665164172,121308.248732945,116835,113491.5,118751.5,0.0301904761904762,0.0273636363636364,0.0402,0.0264,0.034,0.064,0.032,0.185939573680307,0.114213696087646,0.197281091396343,254513.212477229,219953.568866402,263398.214928715,0.379008358118037,0.399463252608408,0.377282446397782,1,1,0,11,0.268660787344304,0.30338202921753,0.2444
"HCR-B_Ftrgt-0.39_Btrigger-2e+05_TACconstr-TRUE_BB-TRUE.rds","base",0.39,2e+05,"B",TRUE,TRUE,107297,117608.575097855,107213.258670035,125017.463950021,112102.6,102867.75,119476.05,0.0246190476190476,0.0202727272727273,0.0388,0.02,0.031,0.08,0.028,0.359466935933076,0.302183704893947,0.421994510699655,259136.080581142,217731.96673493,270530.040755107,0.36910339802914,0.392065612169015,0.384931371623731,1,1,0,7,0.244909090909091,0.2914,0.247699079631853
"HCR-B_Ftrgt-0.4_Btrigger-170000_TACconstr-FALSE_BB-FALSE.rds","base",0.4,170000,"B",FALSE,FALSE,107297,119147.707737244,112456.806292697,119842.228687761,116402.5,115865,116882,0.0382857142857143,0.0348181818181818,0.0484,0.0358,0.042,0.077,0.043,0.178967313715451,0.109845969431993,0.188580692080289,242688.45426039,214427.740453414,249350.795792318,0.393259125124449,0.419135448365264,0.391071801931826,1,1,0,9,0.191471951995636,0.226490596238495,0.1338
"HCR-B_Ftrgt-0.4_Btrigger-170000_TACconstr-TRUE_BB-TRUE.rds","base",0.4,170000,"B",TRUE,TRUE,107297,117055.277012915,111709.001003354,122375.589548452,112097.15,105197.7,117595.3,0.039,0.0351818181818182,0.0498,0.0366,0.047,0.098,0.048,0.359506713065348,0.303072562847965,0.421276548251598,240811.336743208,211332.3289966,246426.438269318,0.381678062167265,0.410006609117033,0.398959441964577,1,1,0,13,0.192636363636364,0.234093637454982,0.131679007404443
"HCR-B_Ftrgt-0.4_Btrigger-180000_TACconstr-TRUE_BB-TRUE.rds","base",0.4,180000,"B",TRUE,TRUE,107297,117078.512679258,111332.099683354,122552.231523045,112306.2,105191.5,117606.25,0.0386190476190476,0.0352727272727273,0.0492,0.0354,0.047,0.098,0.045,0.361263874764894,0.302516413252057,0.423515294536778,242383.499549897,211556.174514408,248954.764929549,0.379336912454081,0.408338886092547,0.39632658168996,1,1,0,12,0.226859428987089,0.27236341805083,0.161496898138883
"HCR-B_Ftrgt-0.4_Btrigger-190000_TACconstr-FALSE_BB-FALSE.rds","base",0.4,190000,"B",FALSE,FALSE,107297,119186.052470171,111554.092092697,120434.96413942,116659.5,115835,117496,0.0374761904761905,0.0343636363636364,0.0474,0.0344,0.041,0.077,0.042,0.187996936929831,0.114050018434722,0.200401745803731,246287.88493511,215474.930793562,255146.918115747,0.389405201873243,0.416085451685506,0.385601897666706,1,1,0,12,0.257387035185017,0.302,0.2018
"HCR-B_Ftrgt-0.4_Btrigger-190000_TACconstr-TRUE_BB-TRUE.rds","base",0.4,190000,"B",TRUE,TRUE,107297,117095.966686255,110860.26244711,122810.527616816,112217.3,105155.1,117864.3,0.0381428571428571,0.035,0.049,0.0342,0.047,0.097,0.044,0.363332460543315,0.302371404189785,0.428381493639687,244481.124680665,212033.362306691,252282.863934557,0.377199340188386,0.40571116512157,0.391862136734611,1,1,0,14,0.260727272727273,0.316653322658127,0.202121272763658
"HCR-B_Ftrgt-0.4_Btrigger-210000_TACconstr-FALSE_BB-FALSE.rds","base",0.4,210000,"B",FALSE,FALSE,107297,119179.878700105,110249.947292697,121451.267127017,116555,115767.5,118772,0.0363809523809524,0.0342727272727273,0.045,0.0324,0.041,0.075,0.039,0.20139667460719,0.118119973698725,0.212296955771135,250783.689292306,216703.468917909,261630.285544273,0.383376839328259,0.409610671591108,0.380277584747153,1,1,0,12,0.328029820892808,0.368147258903561,0.3108
"HCR-B_Ftrgt-0.4_Btrigger-210000_TACconstr-TRUE_BB-TRUE.rds","base",0.4,210000,"B",TRUE,TRUE,107297,117038.505188537,109591.895845861,123837.579125287,112082.95,105044.4,118745,0.0362857142857143,0.0337272727272727,0.0468,0.0314,0.048,0.095,0.042,0.365476763914289,0.305129682530049,0.435962603335137,249003.676090061,213570.010733756,260363.943653522,0.372169470897114,0.397133686376779,0.384338193523026,1,1,0,15,0.329090909090909,0.382876575315063,0.310386231739043
"HCR-B_Ftrgt-0.4_Btrigger-220000_TACconstr-FALSE_BB-FALSE.rds","base",0.4,220000,"B",FALSE,FALSE,107297,119148.859109045,109533.679313561,122066.252439462,116505,114272.5,119250.5,0.035,0.034,0.0406,0.0316,0.041,0.065,0.037,0.20766314872719,0.120629895596864,0.216663288743478,253053.897807132,218711.925361396,264783.060931491,0.379698895746927,0.401381792006158,0.378237404690741,1,1,0,13,0.36452082196763,0.396079215843169,0.573
"HCR-B_Ftrgt-0.4_Btrigger-220000_TACconstr-TRUE_BB-TRUE.rds","base",0.4,220000,"B",TRUE,TRUE,107297,117034.729340374,108877.788199222,124374.677300336,111988.7,103682.25,119006.05,0.0348571428571429,0.0327272727272727,0.0432,0.0312,0.048,0.089,0.04,0.367567861387769,0.308190174050226,0.437182094342712,251724.933646187,215575.881489401,263163.110788324,0.368751485704121,0.388693070719771,0.38105637441511,1,1,0,19,0.363851259205382,0.413365346138455,0.5682
"HCR-B_Ftrgt-0.4_Btrigger-230000_TACconstr-FALSE_BB-FALSE.rds","base",0.4,230000,"B",FALSE,FALSE,107297,119164.389500928,108861.264139846,122534.318681542,116530.5,110473,120127.5,0.0332857142857143,0.0334545454545455,0.034,0.0322,0.042,0.051,0.037,0.212625301223479,0.127322812813292,0.219764266810026,255732.328038256,222856.116934265,266557.097718141,0.375277036347174,0.391749202435924,0.37611467553798,1,1,0,16,0.397945267751614,0.419283856771354,0.631526305261052
"HCR-B_Ftrgt-0.4_Btrigger-230000_TACconstr-TRUE_BB-TRUE.rds","base",0.4,230000,"B",TRUE,TRUE,107297,117071.187100412,108148.17006,124816.806639101,111728.4,100098.9,119334.3,0.033047619047619,0.0320909090909091,0.0368,0.0314,0.047,0.075,0.04,0.369514979263117,0.315002764997305,0.438135382851785,254626.421825393,220124.174911044,265994.066582501,0.365074914006866,0.378509002292022,0.380300469829884,1,1,0,14,0.396181818181818,0.428857314388633,0.6276
"HCR-B_Ftrgt-0.4_Btrigger-2e+05_TACconstr-FALSE_BB-FALSE.rds","base",0.4,2e+05,"B",FALSE,FALSE,107297,119214.864337408,110951.194092697,120855.192662033,116690,115806.5,117933,0.0367142857142857,0.0339090909090909,0.0466,0.033,0.04,0.077,0.04,0.194443433652459,0.116148338513028,0.206811182978631,248686.568421728,215938.312708055,258184.17368666,0.386106705521716,0.413245922401864,0.382850564890559,1,1,0,11,0.292299299936358,0.334933973589436,0.2516
"HCR-B_Ftrgt-0.4_Btrigger-2e+05_TACconstr-TRUE_BB-TRUE.rds","base",0.4,2e+05,"B",TRUE,TRUE,107297,117106.687830277,110282.500336198,123201.872616931,112160.9,105092.35,118004.45,0.0374761904761905,0.0344545454545455,0.048,0.0336,0.047,0.097,0.044,0.363623289864213,0.304116246071723,0.431092712556388,246677.931010274,212482.830924374,256557.741984269,0.374551514352252,0.402387921636841,0.387734901889628,1,1,0,15,0.293390308209837,0.351080864691753,0.252551530918551
"HCR-B_Ftrgt-0.41_Btrigger-180000_TACconstr-TRUE_BB-TRUE.rds","base",0.41,180000,"B",TRUE,TRUE,107297,117154.344988419,111689.549491588,123537.452739955,112269.85,107255.7,118786.8,0.0454285714285714,0.0422727272727273,0.0564,0.0414,0.06,0.106,0.056,0.363332778916072,0.301005878934456,0.427350646058532,236762.664442527,209738.996871162,247463.216012514,0.386765526302871,0.414591785254068,0.402422352589717,1,1,0,14,0.244022183834894,0.291458291658332,0.168867547018808
"HCR-B_Ftrgt-0.41_Btrigger-190000_TACconstr-FALSE_BB-FALSE.rds","base",0.41,190000,"B",FALSE,FALSE,107297,119108.265095015,112777.756980661,119854.918921802,116624,118092.5,117027,0.0440476190476191,0.0412727272727273,0.0534,0.0408,0.052,0.082,0.048,0.1975354324797,0.116639217122184,0.208963983936537,240495.423511498,211059.861351955,250221.404172409,0.397124345633536,0.429599063357069,0.390397146713883,1,1,0,18,0.281090909090909,0.3312,0.208
"HCR-B_Ftrgt-0.41_Btrigger-190000_TACconstr-TRUE_BB-TRUE.rds","base",0.41,190000,"B",TRUE,TRUE,107297,117180.134159223,111208.800211588,123861.767830788,112258.1,107231.85,118817,0.0446666666666667,0.0412727272727273,0.0562,0.0406,0.057,0.106,0.055,0.365830260048802,0.301054136363637,0.432194761394541,238808.545682684,210208.179124697,250140.491599671,0.38420832676742,0.412329888184469,0.398536757957464,1,1,0,15,0.281207382489317,0.330798479087452,0.208683473389356
"HCR-B_Ftrgt-0.41_Btrigger-210000_TACconstr-FALSE_BB-FALSE.rds","base",0.41,210000,"B",FALSE,FALSE,107297,119085.396445714,111448.967180661,120956.279839603,116510,118008.5,118329.5,0.0428571428571429,0.0409090909090909,0.0516,0.0384,0.051,0.081,0.046,0.209727174633339,0.12035358174999,0.22153655481303,245101.860998986,212373.117041625,257571.832397344,0.390604384543109,0.423588582971096,0.385135923402965,1,1,0,20,0.349154391707583,0.399,0.3188
"HCR-B_Ftrgt-0.41_Btrigger-2e+05_TACconstr-FALSE_BB-FALSE.rds","base",0.41,2e+05,"B",FALSE,FALSE,107297,119108.464100133,112171.268780661,120338.134911304,116438.5,118061.5,117539.5,0.0434761904761905,0.0410909090909091,0.0528,0.0394,0.051,0.082,0.047,0.203454840730989,0.11801156614896,0.215286393650715,242600.653677327,211311.935248306,253433.839408374,0.393433183456773,0.426468493721938,0.387821459930092,1,1,0,18,0.316665151377398,0.3678,0.257
"HCR-B_Ftrgt-0.41_Btrigger-2e+05_TACconstr-TRUE_BB-TRUE.rds","base",0.41,2e+05,"B",TRUE,TRUE,107297,117170.930838788,110628.181679549,124313.940864496,112427.5,107176.5,119332.3,0.0435714285714286,0.04,0.0552,0.0398,0.056,0.105,0.053,0.367475975131336,0.30149924637469,0.435276515212542,241757.964678803,210725.391557006,253756.031320705,0.380484576985892,0.409355305292852,0.393975210090422,1,1,0,16,0.315937812528412,0.362617570542325,0.256502601040416
"HCR-B_Ftrgt-0.42_Btrigger-180000_TACconstr-FALSE_BB-FALSE.rds","base",0.42,180000,"B",FALSE,FALSE,107297,118953.509691782,114452.368123319,118958.952642551,116435,120338,116422,0.0532857142857143,0.0508181818181818,0.0616,0.0504,0.061,0.097,0.062,0.201048170762093,0.1172984266099,0.21229714288336,233174.817877813,206726.898466555,242816.867240808,0.408178786293074,0.446391196534477,0.399398265026876,1,1,0,21,0.26577559556283,0.3222,0.1764
"HCR-B_Ftrgt-0.42_Btrigger-220000_TACconstr-FALSE_BB-FALSE.rds","base",0.42,220000,"B",FALSE,FALSE,107297,118916.16118254,111856.062246552,121069.732579487,116212,118760,118621.5,0.0498095238095238,0.0495454545454545,0.0544,0.0458,0.06,0.085,0.053,0.225583006219978,0.124471980857079,0.239425641276353,242826.82392405,210778.900551807,256000.831499977,0.39262462067986,0.427977356682389,0.386245614132527,1,1,0,22,0.404582234748613,0.45,0.5814
"HCR-B_Ftrgt-0.42_Btrigger-240000_TACconstr-FALSE_BB-FALSE.rds","base",0.42,240000,"B",FALSE,FALSE,107297,118957.470431051,110467.870995978,122055.629656539,115428,111103,119214,0.044952380952381,0.0473636363636364,0.0384,0.0462,0.059,0.053,0.052,0.237522022932548,0.134883619838937,0.244064480299176,248669.518304062,219565.156600338,258904.791207938,0.383985019458306,0.402976855092183,0.382811190980025,1,1,0,20,0.467175850154574,0.485297059411882,0.698
"HCR-B_Ftrgt-0.42_Btrigger-2e+05_TACconstr-FALSE_BB-FALSE.rds","base",0.42,2e+05,"B",FALSE,FALSE,107297,118962.826495465,113313.562923319,119806.041817582,116362,120236,117263,0.0520476190476191,0.0509090909090909,0.0592,0.0474,0.062,0.096,0.055,0.213368140492965,0.121036340325127,0.224699263134418,237866.678361184,207907.654613359,249340.496843518,0.401001121069742,0.440685689975548,0.392500091461422,1,1,0,21,0.338667151559233,0.39747949589918,0.2618
"HCR-B_Ftrgt-0.429_Btrigger-220000_TACconstr-TRUE_BB-TRUE.rds","base",0.429,220000,"B",TRUE,TRUE,107297,116758.751028586,111361.937142849,124601.847078913,111413.2,109598.45,118708.75,0.0556666666666667,0.0555454545454545,0.0634,0.0482,0.079,0.12,0.06,0.378342939497289,0.302012578833833,0.455338293641906,236340.688266808,207128.538501811,252672.130297519,0.385433520292085,0.422219273615384,0.394068210893328,1,1,0,34,0.421947449768161,0.469787915166066,0.5876
"HCR-B_Ftrgt-0.429_Btrigger-2e+05_TACconstr-FALSE_BB-FALSE.rds","base",0.429,2e+05,"B",FALSE,FALSE,107297,118764.040736233,114328.171182604,119336.020309963,116200,122190,116681,0.0595238095238095,0.0582727272727273,0.0672,0.0546,0.072,0.105,0.068,0.223088266540661,0.122603617391087,0.233529004418552,233125.878777571,204246.55755994,245201.847028072,0.407019647503061,0.452316176750611,0.397069401758573,1,1,0,27,0.35733769776323,0.4182,0.2676
"HCR-B_Ftrgt-0.45_Btrigger-180000_TACconstr-FALSE_BB-FALSE.rds","base",0.45,180000,"B",FALSE,FALSE,107297,118122.167265187,117556.645233823,117587.839681094,115763.5,126641.5,115372.5,0.083,0.0813636363636364,0.0948,0.0748,0.103,0.138,0.104,0.235295234593718,0.124409095610861,0.245334553400633,218514.398612524,194923.036307235,230033.45795051,0.430421137570341,0.489233478474693,0.414455894267746,1,1,0,42,0.33057550686426,0.403280656131226,0.197239447889578
"HCR-B_Ftrgt-0.45_Btrigger-220000_TACconstr-FALSE_BB-FALSE.rds","base",0.45,220000,"B",FALSE,FALSE,107297,118140.589128273,114911.197846486,119913.348639314,114426,125063,116774.5,0.0747142857142857,0.0757272727272727,0.0824,0.0648,0.1,0.124,0.093,0.259982856162083,0.133572963357865,0.273753482682107,228204.980004644,199591.624912039,245987.577598498,0.41101827930699,0.468624142758414,0.395489981173776,1,1,0,44,0.459545454545455,0.5178,0.597
"HCR-B_Ftrgt-0.45_Btrigger-240000_TACconstr-FALSE_BB-FALSE.rds","base",0.45,240000,"B",FALSE,FALSE,107297,118294.114655816,113649.796219865,120676.493167159,113570,117324.5,116594,0.0682380952380952,0.0739090909090909,0.059,0.065,0.092,0.084,0.081,0.271436955432123,0.14306239770198,0.279328953028747,233583.162447848,209181.207282052,248959.930475931,0.400584059659706,0.438535507111799,0.388600811145478,1,1,0,52,0.519047186107828,0.5528,0.7104
"HCR-B_Ftrgt-0.45_Btrigger-2e+05_TACconstr-FALSE_BB-FALSE.rds","base",0.45,2e+05,"B",FALSE,FALSE,107297,118138.042229051,116359.252122525,118580.438405142,115349.5,126425,115747,0.0796190476190476,0.0783636363636364,0.0914,0.0706,0.101,0.137,0.097,0.248085170294839,0.128422076325996,0.26507604776727,222909.241865305,196180.323956027,237367.191686697,0.420863744600764,0.481195104709105,0.406375802503007,1,1,0,47,0.396617566830333,0.4654,0.280856171234247
"HCR-B_Ftrgt-0.5_Btrigger-170000_TACconstr-FALSE_BB-FALSE.rds","base",0.5,170000,"B",FALSE,FALSE,107297,115639.227328561,122106.44741033,115255.761412703,112696.5,133352.5,112713,0.14747619047619,0.148545454545455,0.1628,0.1298,0.191,0.264,0.196,0.290282164955634,0.201043873614293,0.312473429783768,193957.079098142,177439.834572608,212032.229064116,0.469287430537956,0.566187147267047,0.439002044485344,1,1,0,155,0.384944085825984,0.4712,0.195878351340536
"HCR-B_Ftrgt-0.5_Btrigger-170000_TACconstr-TRUE_BB-TRUE.rds","base",0.5,170000,"B",TRUE,TRUE,107297,113486.197797784,121635.971494762,117916.407672986,108970.5,125357.85,112309.25,0.151333333333333,0.149545454545455,0.1798,0.1268,0.201,0.317,0.2,0.40499824230973,0.302434433954708,0.499778817643646,192880.402598963,175818.48619001,211729.334583877,0.452843306664121,0.552923438782775,0.438360406405322,1,1,0,189,0.387272727272727,0.482296459291858,0.191
"HCR-B_Ftrgt-0.5_Btrigger-180000_TACconstr-TRUE_BB-TRUE.rds","base",0.5,180000,"B",TRUE,TRUE,107297,113503.90587677,121178.635454762,118377.52656233,108606.25,125334,112000.85,0.148380952380952,0.147636363636364,0.177,0.1214,0.2,0.304,0.193,0.408192154536462,0.302158924747272,0.505812797743622,194895.589505756,175990.500172615,215487.010215722,0.447271589330286,0.546835588068069,0.431151504706408,1,1,0,185,0.420636363636364,0.514,0.2218
"HCR-B_Ftrgt-0.5_Btrigger-190000_TACconstr-FALSE_BB-FALSE.rds","base",0.5,190000,"B",FALSE,FALSE,107297,115697.054820402,121002.879738847,116288.04842316,111722.5,132938.5,113194,0.141,0.143636363636364,0.1594,0.1168,0.188,0.261,0.18,0.305968112216765,0.20270584787256,0.333531891389814,197875.76136815,178565.649104268,219678.051680265,0.455890749887478,0.558535504806353,0.424031892082261,1,1,0,170,0.452041094644968,0.535107021404281,0.26530612244898
"HCR-B_Ftrgt-0.5_Btrigger-190000_TACconstr-TRUE_BB-TRUE.rds","base",0.5,190000,"B",TRUE,TRUE,107297,113569.262720272,120628.413154762,118842.644213493,107823.65,125306.65,111753.3,0.145095238095238,0.143727272727273,0.1762,0.117,0.199,0.3,0.19,0.410510010486169,0.302032835120295,0.511152461117945,197230.558842831,176302.012465251,219666.874990737,0.441446890058224,0.543031101716716,0.424206283996955,1,1,0,175,0.449636363636364,0.547,0.2622
"HCR-B_Ftrgt-0.5_Btrigger-210000_TACconstr-FALSE_BB-FALSE.rds","base",0.5,210000,"B",FALSE,FALSE,107297,115736.268733015,119538.519682791,117859.078009786,110905,132475.5,113705.5,0.135380952380952,0.139363636363636,0.1528,0.1092,0.19,0.244,0.167,0.315718212979254,0.204072132956348,0.347648635008412,202398.648656433,180556.201958571,229564.075195777,0.442818866464618,0.547210825212208,0.408039133817198,1,1,0,162,0.511410128193472,0.583,0.363545418167267
"HCR-B_Ftrgt-0.5_Btrigger-210000_TACconstr-TRUE_BB-TRUE.rds","base",0.5,210000,"B",TRUE,TRUE,107297,113622.591010448,119218.420466116,120242.178249394,106862,125187.85,111586.65,0.13647619047619,0.136545454545455,0.1656,0.1072,0.197,0.269,0.176,0.416587864336977,0.304334406074006,0.512594514120694,201700.610110672,178096.889374536,228578.939286941,0.429532485291795,0.530666239466195,0.408627062375046,1,1,0,175,0.510909090909091,0.593318663732747,0.359071814362873
"HCR-B_Ftrgt-0.5_Btrigger-220000_TACconstr-TRUE_BB-TRUE.rds","base",0.5,220000,"B",TRUE,TRUE,107297,113715.539547176,118546.858175199,120949.064720189,106134.45,123557.85,112091.6,0.132285714285714,0.134818181818182,0.1574,0.1016,0.195,0.256,0.162,0.420822304668649,0.307342757823746,0.51087240713565,204600.596501202,180160.495609499,232485.276820758,0.421697198049303,0.519933554217734,0.402626610645218,1,1,0,182,0.535636363636364,0.6136,0.6136
"HCR-B_Ftrgt-0.5_Btrigger-230000_TACconstr-FALSE_BB-FALSE.rds","base",0.5,230000,"B",FALSE,FALSE,107297,116145.4145293,118487.277699352,118628.699964049,109508.5,131098,112668,0.125190476190476,0.134818181818182,0.1262,0.103,0.186,0.192,0.16,0.323604719374004,0.160444364498849,0.35065828958067,208453.704372683,187305.854654658,234764.911166431,0.426857013081602,0.520328990658677,0.39741600606085,1,1,0,151,0.559909090909091,0.6262,0.674734946989398
"HCR-B_Ftrgt-0.5_Btrigger-230000_TACconstr-TRUE_BB-TRUE.rds","base",0.5,230000,"B",TRUE,TRUE,107297,113984.536582657,118007.189808549,121253.889188962,105382.8,119486.7,112160.7,0.125238095238095,0.131454545454545,0.1376,0.0992,0.194,0.23,0.154,0.424491051400243,0.312796535420449,0.503133010818617,207839.293153415,184203.94649181,235286.938350857,0.414681386262348,0.501759780584027,0.398203246573664,1,1,0,170,0.562454545454545,0.631326265253051,0.669
"HCR-B_Ftrgt-0.5_Btrigger-2e+05_TACconstr-TRUE_BB-TRUE.rds","base",0.5,2e+05,"B",TRUE,TRUE,107297,113620.128885419,119990.303711817,119457.746291712,107353.35,125262.45,111491.2,0.140904761904762,0.139727272727273,0.172,0.1124,0.197,0.287,0.184,0.413069655669624,0.30392949164429,0.512182211193896,199498.666723774,176800.918763558,224087.873168341,0.43478546058562,0.538304974488242,0.415487503772415,1,1,0,195,0.479134466769706,0.572314462892578,0.3052
"HCR-B_Ftrgt-0.536_Btrigger-220000_TACconstr-TRUE_BB-TRUE.rds","base",0.536,220000,"B",TRUE,TRUE,107297,111519.549486062,120123.474160674,121521.383300337,103026.65,130138.25,111740.25,0.172190476190476,0.180181818181818,0.2044,0.1224,0.255,0.336,0.195,0.446329194740241,0.303609636664784,0.534472720624111,190757.967873483,170765.650776564,225351.222170968,0.432971857430157,0.555995824051389,0.412174598189008,1,1,0,307,0.581469358065103,0.648259303721489,0.628451380552221
"HCR-B_Ftrgt-0.536_Btrigger-2e+05_TACconstr-FALSE_BB-FALSE.rds","base",0.536,2e+05,"B",FALSE,FALSE,107297,113106.593141005,122513.146222602,116301.036502373,107044.5,136359.5,110075.5,0.182904761904762,0.188636363636364,0.2156,0.1376,0.258,0.371,0.23,0.358102542835166,0.262329968791535,0.408091302295018,185709.453786247,167824.951832361,215685.738461444,0.463521312133813,0.607481947507446,0.418722200253119,1,1,0,309,0.52809601745772,0.613322664532907,0.325065013002601
"HCR-C_Ftrgt-0.1_Btrigger-170000_TACconstr-FALSE_BB-FALSE.rds","base",0.1,170000,"C",FALSE,FALSE,107297,91649.7714760352,44780.5298,82740.6850776066,88977,39527,79606.5,0.000285714285714286,0,0.0012,0,0,0.006,0,0.107437397973834,0.278001731034411,0.136688188347993,799354.697628973,370097.118779001,705085.1746213,0.102211396724291,0.090526657636516,0.101366191443291,1,1,0,0,0,0,0.0438
"HCR-C_Ftrgt-0.1_Btrigger-190000_TACconstr-FALSE_BB-FALSE.rds","base",0.1,190000,"C",FALSE,FALSE,107297,91651.644203308,44601.1188,82882.5386557233,89036,39396.5,79687,0.000285714285714286,0,0.0012,0,0,0.006,0,0.107413691097847,0.283052585162209,0.136920837718562,799303.245515374,370874.483448175,705796.362491206,0.10224629874103,0.0901123189884803,0.101431565297202,1,1,0,0,0,0,0.0918
"HCR-C_Ftrgt-0.1_Btrigger-210000_TACconstr-FALSE_BB-FALSE.rds","base",0.1,210000,"C",FALSE,FALSE,107297,91667.5840214898,44282.7452,83078.2105892648,89038,39032,79839,0.000285714285714286,0,0.0012,0,0,0.006,0,0.107514451645189,0.289373767772875,0.136960529080593,799345.986400799,371308.885624144,707501.812731288,0.102286055960729,0.0895130170566154,0.101520913479384,1,1,0,0,0,0.000200080032012805,0.1728
"HCR-C_Ftrgt-0.1_Btrigger-230000_TACconstr-FALSE_BB-FALSE.rds","base",0.1,230000,"C",FALSE,FALSE,107297,91704.4585454545,43690.9274,83422.4626229341,89062,38279.5,80156,0.000285714285714286,0,0.0012,0,0,0.006,0,0.108522194442365,0.311887448986532,0.137154437110373,799273.329346773,374764.538370137,710075.101550827,0.102269593748769,0.0877495741137849,0.101780005386023,1,1,0,0,0,0.001000200040008,0.4776
"HCR-C_Ftrgt-0.2_Btrigger-170000_TACconstr-FALSE_BB-FALSE.rds","base",0.2,170000,"C",FALSE,FALSE,107297,114284.626536296,74455.6718560319,114277.33566872,110810.5,66557,109844,0.000428571428571429,0,0.0018,0,0,0.006,0,0.118063197863155,0.216593293569161,0.13699039220849,487195.539776794,311152.965746961,477882.384327259,0.202159532484501,0.183190865788712,0.203014956908577,1,1,0,0,0.000181834712246568,0.0028005601120224,0.0632126425285057
"HCR-C_Ftrgt-0.2_Btrigger-190000_TACconstr-FALSE_BB-FALSE.rds","base",0.2,190000,"C",FALSE,FALSE,107297,114281.465108631,74085.3468560319,114632.55646872,110810.5,66332,110421.5,0.000428571428571429,0,0.0018,0,0,0.006,0,0.11866940210846,0.223786805162969,0.137838119367695,487163.310472674,311879.299995309,479450.508222489,0.202198881048169,0.182273373642157,0.203198603441726,1,1,0,0,0.000363702491362066,0.00440088017603521,0.118223644728946
"HCR-C_Ftrgt-0.2_Btrigger-210000_TACconstr-FALSE_BB-FALSE.rds","base",0.2,210000,"C",FALSE,FALSE,107297,114282.588263568,73461.073081746,115222.47126872,110791,65690.5,111100.5,0.000428571428571429,0,0.0018,0,0,0.006,0,0.118870173384367,0.236438827486603,0.138816546548864,487145.026273474,314093.163912193,481485.112108355,0.202224361969972,0.180632270769483,0.203560807867144,1,1,0,0,0.00118192562960269,0.00840168033606721,0.214842968593719
"HCR-C_Ftrgt-0.2_Btrigger-230000_TACconstr-FALSE_BB-FALSE.rds","base",0.2,230000,"C",FALSE,FALSE,107297,114281.576960491,72483.9058,116105.65,110730.5,64378.5,112158.5,0.000428571428571429,0,0.0018,0,0,0.006,0,0.119491561297689,0.262620526659254,0.13879485581017,487040.991010779,319368.650741816,484009.53572935,0.202139986657295,0.17589814797342,0.204437189871169,1,1,0,0,0.00236406619385343,0.0124,0.5338
"HCR-C_Ftrgt-0.21_Btrigger-230000_TACconstr-TRUE_BB-TRUE.rds","base",0.21,230000,"C",TRUE,TRUE,107297,113436.523202437,74564.5584886201,120682.405052016,108058.55,79642.47,115115.65,0.0010952380952381,0,0.0046,0,0,0.013,0,0.360441193246921,0.28,0.412939644736403,464352.979879695,290487.873089351,466116.582852453,0.205968991481379,0.195223515922064,0.221818257465571,1,1,0,0,0.00436442989634479,0.0306244995996797,0.580316063212643
"HCR-C_Ftrgt-0.21_Btrigger-250000_TACconstr-FALSE_BB-FALSE.rds","base",0.21,250000,"C",FALSE,FALSE,107297,115202.982160024,73555.0182558701,118988.891683009,111552.5,64241,115112.5,0.000523809523809524,0,0.0018,4e-04,0,0.006,0.001,0.12272403690618,0.29131905555345,0.141450703825997,466706.694578538,320469.777735215,470809.273069056,0.211923069119371,0.177435349037924,0.215903589223277,1,1,0,0,0.00927441352973268,0.023609443777511,0.640728145629126
"HCR-C_Ftrgt-0.25_Btrigger-170000_TACconstr-TRUE_BB-TRUE.rds","base",0.25,170000,"C",TRUE,TRUE,107297,115256.23601461,85965.0236760218,122415.06298,109242.35,83525.76,116866.6,0.00166666666666667,0,0.0064,6e-04,0,0.013,0.001,0.358003756968051,0.28,0.406772567619318,393105.165902288,270927.043092057,394820.777607509,0.24524682099907,0.243748351172887,0.263980474741653,1,1,0,0,0.00281869430805601,0.015,0.0824164832966593
"HCR-C_Ftrgt-0.25_Btrigger-180000_TACconstr-TRUE_BB-TRUE.rds","base",0.25,180000,"C",TRUE,TRUE,107297,115257.946560065,85732.4370560218,122636.28482,109252.9,83525.76,117248.5,0.00166666666666667,0,0.0064,6e-04,0,0.013,0.001,0.357986811240952,0.28,0.407067001361437,393109.281934721,271153.764127149,395359.810180344,0.245269816879183,0.243171488524996,0.263776493417946,1,1,0,0,0.00509183487906892,0.0194,0.111622324464893
"HCR-C_Ftrgt-0.25_Btrigger-190000_TACconstr-TRUE_BB-TRUE.rds","base",0.25,190000,"C",TRUE,TRUE,107297,115257.961487338,85440.8459960218,122919.12966,109248.9,83525.76,117531.55,0.00161904761904762,0,0.0062,6e-04,0,0.013,0.001,0.357986811240952,0.28,0.407144987690315,393104.188600676,271719.122080535,396038.517808075,0.245257088981595,0.242408467925432,0.264014563887047,1,1,0,0,0.00700127295871977,0.024,0.146829365873175
"HCR-C_Ftrgt-0.25_Btrigger-210000_TACconstr-TRUE_BB-TRUE.rds","base",0.25,210000,"C",TRUE,TRUE,107297,115258.246641883,84611.0292960218,123711.40556,109300.25,83525.76,118134.75,0.00147619047619048,0,0.0056,6e-04,0,0.013,0.001,0.356725073144127,0.28,0.406430842113083,393290.325292745,273212.942227825,398496.004873655,0.24508951075933,0.239549627322137,0.264141777737746,1,1,0,0,0.0155482815057283,0.0392,0.254250850170034
"HCR-C_Ftrgt-0.25_Btrigger-220000_TACconstr-TRUE_BB-TRUE.rds","base",0.25,220000,"C",TRUE,TRUE,107297,115254.732141883,84026.7577208801,124264.12828,109380.2,83525.76,118591.75,0.00147619047619048,0,0.0056,6e-04,0,0.013,0.001,0.356151254056083,0.28,0.405302061996053,393499.266421684,274513.914715876,400849.430493145,0.244970293777462,0.237005874878943,0.2642794149665,1,1,0,0,0.0205491907619567,0.0466,0.512404961984794
"HCR-C_Ftrgt-0.25_Btrigger-230000_TACconstr-TRUE_BB-TRUE.rds","base",0.25,230000,"C",TRUE,TRUE,107297,115238.455423701,83390.1659560218,124870.42521071,109357.75,83525.76,119015.75,0.00138095238095238,0,0.0052,6e-04,0,0.013,0.001,0.356376444828713,0.28,0.405497190429015,393615.628910412,275606.407019884,402890.327506236,0.244762601880961,0.234076200165516,0.265660617683955,1,1,0,0,0.027823240589198,0.0562112422484497,0.580716143228646
"HCR-C_Ftrgt-0.25_Btrigger-240000_TACconstr-TRUE_BB-TRUE.rds","base",0.25,240000,"C",TRUE,TRUE,107297,115222.594387338,82633.0494960218,125578.19840847,109504.5,83525.76,119985.3,0.00138095238095238,0,0.0052,6e-04,0,0.013,0.001,0.35681021229572,0.28,0.406710454686609,393785.004518882,277471.981921448,405076.319065263,0.244700153695843,0.230948024278387,0.265821479664281,1,1,0,0,0.0379159847244954,0.0688137627525505,0.636727345469094
"HCR-C_Ftrgt-0.25_Btrigger-2e+05_TACconstr-TRUE_BB-TRUE.rds","base",0.25,2e+05,"C",TRUE,TRUE,107297,115266.196832792,85071.0637160218,123255.190528944,109300.8,83525.76,117787.85,0.00161904761904762,0,0.0062,6e-04,0,0.013,0.001,0.357749899964464,0.28,0.405735334347448,393169.210128038,272260.060528479,397353.093064808,0.245117582562301,0.241148800243199,0.263978809184429,1,1,0,0,0.0100018185124568,0.0316063212642528,0.194038807761552
"HCR-C_Ftrgt-0.3_Btrigger-170000_TACconstr-FALSE_BB-FALSE.rds","base",0.3,170000,"C",FALSE,FALSE,107297,119107.424723665,96659.5556624042,122290.352676629,115018,91547.5,118055,0.00314285714285714,0.00136363636363636,0.008,0.0022,0.003,0.018,0.003,0.133987831197684,0.18853134480596,0.14463152857431,327047.889254355,258634.430810494,333575.238516495,0.300334638832762,0.291927057210613,0.302987739992986,1,1,0,1,0.0262751159196291,0.0372297838270617,0.0922184436887377
"HCR-C_Ftrgt-0.3_Btrigger-170000_TACconstr-TRUE_BB-TRUE.rds","base",0.3,170000,"C",TRUE,TRUE,107297,116747.060403165,95825.21972,124974.59114,110628.65,85229.8,119218.65,0.003,0.001,0.0082,0.0022,0.003,0.017,0.003,0.352427867603433,0.287148898734953,0.404080290051774,325674.760715391,255967.00499846,330074.352504467,0.292515708518165,0.289009266314139,0.315699535231262,1,1,0,0,0.0249136206583015,0.0366,0.0866
"HCR-C_Ftrgt-0.3_Btrigger-180000_TACconstr-FALSE_BB-FALSE.rds","base",0.3,180000,"C",FALSE,FALSE,107297,119094.088632756,96361.9774624042,122585.623451518,115056,91521,118395,0.00314285714285714,0.00136363636363636,0.008,0.0022,0.003,0.018,0.003,0.134421500869544,0.190660773002948,0.14597383668567,327363.546178694,258910.836429689,334992.006528152,0.300289048345448,0.291218650895147,0.303074568257003,1,1,0,1,0.03682152922993,0.0492393915132106,0.122424484896979
"HCR-C_Ftrgt-0.3_Btrigger-180000_TACconstr-TRUE_BB-TRUE.rds","base",0.3,180000,"C",TRUE,TRUE,107297,116740.958221347,95556.9571,125217.78502,110661.5,85166.35,119331.25,0.003,0.001,0.0082,0.0022,0.003,0.017,0.003,0.352450743151991,0.288186287896933,0.405059080067531,325974.329249178,256400.893995468,331087.535653382,0.292207295217904,0.288153302738398,0.315499426058266,1,1,0,0,0.0343698854337152,0.049,0.1174
"HCR-C_Ftrgt-0.3_Btrigger-190000_TACconstr-FALSE_BB-FALSE.rds","base",0.3,190000,"C",FALSE,FALSE,107297,119077.061092644,95994.1152624042,122942.980963515,115130,91505,118848.5,0.00314285714285714,0.00136363636363636,0.008,0.0022,0.003,0.018,0.003,0.135308498159683,0.193207143515691,0.147795427125394,327893.09463418,259301.322090443,336426.047274813,0.300090635325901,0.28989578498535,0.303328777868897,1,1,0,1,0.0486452082196763,0.0608486789431545,0.154830966193239
"HCR-C_Ftrgt-0.3_Btrigger-190000_TACconstr-TRUE_BB-TRUE.rds","base",0.3,190000,"C",TRUE,TRUE,107297,116729.697112256,95216.77414,125525.41756,110736,84772.8,119600.5,0.00285714285714286,0.001,0.0076,0.0022,0.003,0.016,0.003,0.353019489743245,0.288496743632903,0.405676025435382,326182.068452874,256962.896181517,332814.427170048,0.292115368566724,0.287079997145198,0.315361766100671,1,1,0,0,0.047008547008547,0.062,0.1514
"HCR-C_Ftrgt-0.3_Btrigger-210000_TACconstr-FALSE_BB-FALSE.rds","base",0.3,210000,"C",FALSE,FALSE,107297,118997.367360029,94998.3096586613,123972.384052606,115335.5,91427,120079.5,0.00304761904761905,0.00136363636363636,0.0078,0.002,0.003,0.018,0.003,0.138864306965835,0.202858756316146,0.152206543445475,328562.090588861,261361.725503722,340294.995621709,0.299145747303493,0.285820631226213,0.303802587175557,1,1,0,1,0.0845531411946541,0.0906362545018007,0.260852170434087
"HCR-C_Ftrgt-0.3_Btrigger-210000_TACconstr-TRUE_BB-TRUE.rds","base",0.3,210000,"C",TRUE,TRUE,107297,116689.121912256,94259.44882,126402.09884,110944.9,83681.52,120688.95,0.00276190476190476,0.001,0.0074,0.002,0.003,0.016,0.003,0.353767661403322,0.290103169997515,0.405326148010828,327439.299753536,258316.830364591,335616.955215537,0.291119013557989,0.282911146506266,0.314744834144641,1,1,0,0,0.0817421349336243,0.0936,0.2612
"HCR-C_Ftrgt-0.3_Btrigger-220000_TACconstr-FALSE_BB-FALSE.rds","base",0.3,220000,"C",FALSE,FALSE,107297,118927.377082978,94344.5684539237,124644.013812385,115416.5,90194.5,120871.5,0.0029047619047619,0.00136363636363636,0.007,0.0022,0.003,0.017,0.003,0.141144748206413,0.212463676949364,0.154787215117949,329662.221297815,263577.734800525,342269.864890271,0.298464263489122,0.282300730031653,0.304831132815571,1,1,0,1,0.106100554595872,0.103041216486595,0.521504300860172
"HCR-C_Ftrgt-0.3_Btrigger-220000_TACconstr-TRUE_BB-TRUE.rds","base",0.3,220000,"C",TRUE,TRUE,107297,116657.203875893,93585.4338101364,127023.264621274,110973.1,83525.76,121205.95,0.00257142857142857,0.001,0.0068,0.0018,0.003,0.014,0.003,0.354216530732448,0.2930413096882,0.405660206026733,328082.294791184,259415.004107632,337563.24029799,0.290548277055446,0.279684052644789,0.314705152587088,1,1,0,0,0.103018730678305,0.1118,0.518503700740148
"HCR-C_Ftrgt-0.3_Btrigger-230000_TACconstr-FALSE_BB-FALSE.rds","base",0.3,230000,"C",FALSE,FALSE,107297,118891.388458355,93611.8388,125298.255844322,115597.5,87052.5,121808,0.00242857142857143,0.00136363636363636,0.005,0.0022,0.003,0.014,0.003,0.143090824094356,0.225221618030682,0.156676197281888,330659.688425159,267891.003497455,344391.109365689,0.297779998208453,0.275395072566707,0.3057941268591,1,1,0,0,0.131569376250227,0.114314314314314,0.5834
"HCR-C_Ftrgt-0.3_Btrigger-230000_TACconstr-TRUE_BB-TRUE.rds","base",0.3,230000,"C",TRUE,TRUE,107297,116607.067339529,92860.14718,127694.829582286,111001.1,83525.76,122170.85,0.00247619047619048,0.000909090909090909,0.0066,0.0018,0.003,0.013,0.003,0.355035529282658,0.291918798906546,0.404916265447412,329095.867581452,261006.586614467,340612.944288301,0.289443641355883,0.276143441654091,0.31408146546683,1,1,0,1,0.128023276959447,0.128825765153031,0.5866
"HCR-C_Ftrgt-0.3_Btrigger-240000_TACconstr-FALSE_BB-FALSE.rds","base",0.3,240000,"C",FALSE,FALSE,107297,118804.266749977,92764.4335149576,126165.643201205,115717,84069,122871,0.00228571428571429,0.00136363636363636,0.0046,0.002,0.003,0.013,0.003,0.145166162726196,0.236060838349726,0.159667945873013,331768.675789861,272251.856442179,346269.707426272,0.296942882337578,0.268295073822569,0.306399199214722,1,1,0,1,0.155832348395309,0.132332332332332,0.640928185637127
"HCR-C_Ftrgt-0.3_Btrigger-240000_TACconstr-TRUE_BB-TRUE.rds","base",0.3,240000,"C",TRUE,TRUE,107297,116541.202694074,91995.19816,128503.205403761,111137.25,83525.76,122964.55,0.00242857142857143,0.001,0.0062,0.0018,0.003,0.013,0.003,0.35564757703046,0.288902876687691,0.407041106554191,330219.595923601,263031.552137424,343580.617407869,0.288453725434783,0.27218024823152,0.31387353886438,1,1,0,0,0.153937079468994,0.147629525905181,0.6454
"HCR-C_Ftrgt-0.3_Btrigger-2e+05_TACconstr-FALSE_BB-FALSE.rds","base",0.3,2e+05,"C",FALSE,FALSE,107297,119034.839996393,95542.6456411912,123424.833768812,115247.5,91462.5,119539.5,0.00314285714285714,0.00136363636363636,0.008,0.0022,0.003,0.018,0.003,0.136736323262316,0.196291689509294,0.149839385111004,328155.332161177,260071.475326014,338240.887596222,0.299880075108765,0.288702571559959,0.303464731015845,1,1,0,1,0.0658241658332576,0.0748449069441665,0.198839767953591
"HCR-C_Ftrgt-0.3_Btrigger-2e+05_TACconstr-TRUE_BB-TRUE.rds","base",0.3,2e+05,"C",TRUE,TRUE,107297,116713.071021347,94788.76368,125915.22932,110839.35,84286.35,120029.7,0.00276190476190476,0.000818181818181818,0.0076,0.0022,0.003,0.016,0.003,0.353312990346182,0.291914502562197,0.405131587157525,326593.596395502,257782.149737265,334173.500504872,0.291617445924485,0.285826347391106,0.315278485335603,1,1,0,0,0.0631023822513184,0.078,0.1992
"HCR-C_Ftrgt-0.315_Btrigger-250000_TACconstr-FALSE_BB-FALSE.rds","base",0.315,250000,"C",FALSE,FALSE,107297,118860.457022712,94505.1359783692,127198.623821423,115998,84663,124306.5,0.00328571428571429,0.00272727272727273,0.005,0.0028,0.005,0.014,0.005,0.153985583871248,0.244758473385568,0.168122655751495,319028.652214936,269121.240283559,332337.026296213,0.308545569075438,0.275926158637735,0.321371069049651,1,1,0,1,0.231202836621511,0.187675070028011,0.694938987797559
"HCR-C_Ftrgt-0.32_Btrigger-170000_TACconstr-FALSE_BB-FALSE.rds","base",0.32,170000,"C",FALSE,FALSE,107297,119307.491136508,100372.655289412,122370.626570698,115199,96626,117928.5,0.00571428571428571,0.00354545454545455,0.0128,0.0034,0.005,0.023,0.004,0.138419925109468,0.164222332628901,0.149457175037945,305007.516087438,248433.741979594,311780.253326565,0.3197029223952,0.316060098648225,0.322421316831552,1,1,0,1,0.046826695762866,0.0594237695078031,0.101440576230492
"HCR-C_Ftrgt-0.32_Btrigger-190000_TACconstr-FALSE_BB-FALSE.rds","base",0.32,190000,"C",FALSE,FALSE,107297,119277.078137869,99648.1792894118,123041.749770698,115451.5,96599.5,119183.5,0.00557142857142857,0.00354545454545455,0.0122,0.0034,0.005,0.023,0.004,0.142062210421309,0.165350665471347,0.152822075896694,306505.851762277,249321.685517388,314664.779513667,0.318987971324225,0.313857142507829,0.32235898710403,1,1,0,1,0.08274231678487,0.0902360944377751,0.162665066026411
"HCR-C_Ftrgt-0.32_Btrigger-210000_TACconstr-FALSE_BB-FALSE.rds","base",0.32,210000,"C",FALSE,FALSE,107297,119197.061353476,98576.9998276481,124069.340744846,115777.5,96532,120313,0.00538095238095238,0.00363636363636364,0.011,0.0036,0.006,0.023,0.005,0.145880821533007,0.166659298515563,0.158769875028319,308493.325763553,250594.458768252,319085.191600304,0.317531817823078,0.30960180097383,0.322178742655245,1,1,0,1,0.128102554777707,0.12765106042417,0.269907963185274
"HCR-C_Ftrgt-0.32_Btrigger-230000_TACconstr-FALSE_BB-FALSE.rds","base",0.32,230000,"C",FALSE,FALSE,107297,119083.938545455,97147.0856050997,125435.605295045,115958.5,91913.5,122218,0.00457142857142857,0.00336363636363636,0.0082,0.0036,0.006,0.019,0.007,0.150794982820873,0.205046203710089,0.163629058343337,310903.596419383,257425.241408968,323657.420355732,0.31579099105879,0.297754700941305,0.324135804159478,1,1,0,1,0.184363636363636,0.169135308246597,0.592718543708742
"HCR-C_Ftrgt-0.324_Btrigger-230000_TACconstr-TRUE_BB-TRUE.rds","base",0.324,230000,"C",TRUE,TRUE,107297,117272.630645455,96214.247781157,129255.271959386,112073.9,84850.8,123580.65,0.0050952380952381,0.004,0.0088,0.0038,0.008,0.018,0.005,0.356139528896716,0.305908979457356,0.407147030060182,305912.502322052,254804.630375102,319800.341655211,0.308538116167684,0.290191188837167,0.335923706527111,1,1,0,1,0.193636363636364,0.180108064838903,0.59371874374875
"HCR-C_Ftrgt-0.33_Btrigger-180000_TACconstr-FALSE_BB-FALSE.rds","base",0.33,180000,"C",FALSE,FALSE,107297,119344.477181818,101808.203638653,122588.02702249,115471.5,99125.5,118506,0.00785714285714286,0.00518181818181818,0.016,0.0056,0.008,0.026,0.009,0.143741770115736,0.145528756637473,0.153114774162384,296529.312632282,243817.338212319,303672.605282053,0.32891857063174,0.327671456371256,0.331294240896021,1,1,0,0,0.0802727272727273,0.0880176035207041,0.131052420968387
"HCR-C_Ftrgt-0.33_Btrigger-190000_TACconstr-TRUE_BB-TRUE.rds","base",0.33,190000,"C",TRUE,TRUE,107297,117082.291867506,100598.70857345,125497.947676504,111322.5,90097.55,119491.5,0.00752380952380952,0.00536363636363636,0.0138,0.006,0.011,0.028,0.008,0.353465089667624,0.2990190705073,0.406723914738301,295392.425929881,242943.705090036,301507.750614095,0.319304486701688,0.319116969786753,0.341893285463403,1,1,0,0,0.101554686789708,0.113622724544909,0.163032606521304
"HCR-C_Ftrgt-0.33_Btrigger-210000_TACconstr-TRUE_BB-TRUE.rds","base",0.33,210000,"C",TRUE,TRUE,107297,117036.565685688,99564.4499,126350.53141786,111519.2,89918,120923.05,0.00714285714285714,0.00518181818181818,0.013,0.0056,0.011,0.026,0.007,0.354643771163275,0.3015101119713,0.408155192720484,297771.063721574,244366.620448945,306515.925908919,0.317311047041219,0.314420528153395,0.340275306911448,1,1,0,0,0.152650240930994,0.165233046609322,0.2714
"HCR-C_Ftrgt-0.33_Btrigger-220000_TACconstr-FALSE_BB-FALSE.rds","base",0.33,220000,"C",FALSE,FALSE,107297,119198.793783092,99605.0263300224,124625.254899954,116059.5,97675.5,121541.5,0.00704761904761905,0.00536363636363636,0.0124,0.0054,0.008,0.024,0.007,0.152919158724571,0.158656861070928,0.165673879681212,300655.686402316,248312.658132339,312823.834179158,0.325641007100089,0.315768600906539,0.331357177709183,1,1,0,1,0.181198290753705,0.179871948779512,0.535507101420284
"HCR-C_Ftrgt-0.33_Btrigger-220000_TACconstr-TRUE_BB-TRUE.rds","base",0.33,220000,"C",TRUE,TRUE,107297,116999.355813394,98870.33434,126949.574922265,111502.8,88795.35,121505,0.00661904761904762,0.005,0.0114,0.0054,0.01,0.023,0.007,0.355452224711255,0.304770599112418,0.409543648209956,299059.466693519,246898.426111305,308671.499501451,0.315893657065893,0.3096781986506,0.34013967427854,1,1,0,1,0.180958443211785,0.1874,0.5298
"HCR-C_Ftrgt-0.33_Btrigger-230000_TACconstr-TRUE_BB-TRUE.rds","base",0.33,230000,"C",TRUE,TRUE,107297,116966.221391603,98082.23572,127614.275173249,111711.95,86467.55,122468.85,0.00614285714285714,0.00490909090909091,0.0096,0.0054,0.01,0.02,0.008,0.357357700762579,0.312432547042162,0.408432110519246,300771.76234376,250651.511330811,310218.028402357,0.314446467779501,0.301044574431978,0.339838007937826,1,1,0,0,0.212876238974266,0.206482593037215,0.5914
"HCR-C_Ftrgt-0.33_Btrigger-240000_TACconstr-FALSE_BB-FALSE.rds","base",0.33,240000,"C",FALSE,FALSE,107297,119078.528087142,97976.6138209769,126131.377865924,116295,91066.5,123095.5,0.00595238095238095,0.00527272727272727,0.0082,0.0052,0.008,0.017,0.008,0.159354674420626,0.213748603859419,0.171480336945252,305019.564109834,257045.964978957,316192.38538639,0.322891253882569,0.300562617138633,0.333416947383608,1,1,0,1,0.245408256046554,0.215172137710168,0.655331066213243
"HCR-C_Ftrgt-0.33_Btrigger-2e+05_TACconstr-FALSE_BB-FALSE.rds","base",0.33,2e+05,"C",FALSE,FALSE,107297,119289.749545455,100897.714982193,123421.154930808,115784,99074,119661,0.00766666666666667,0.00527272727272727,0.0152,0.0054,0.008,0.026,0.008,0.147615122085788,0.146399386249224,0.159269576890094,298125.960929089,244947.395111251,306831.614689556,0.327739479057148,0.323398920623687,0.330761891921794,1,1,0,0,0.125545454545455,0.129251700680272,0.213485394157663
"HCR-C_Ftrgt-0.33_Btrigger-2e+05_TACconstr-TRUE_BB-TRUE.rds","base",0.33,2e+05,"C",TRUE,TRUE,107297,117060.917258415,100121.196242272,125894.324605499,111476,90004.05,120185.15,0.00738095238095238,0.00536363636363636,0.0136,0.0056,0.011,0.028,0.007,0.3544430150698,0.301326251672231,0.406854426368363,296378.445028206,243503.297476504,303702.557298839,0.318169418545297,0.316994626838533,0.340464275122082,1,1,0,0,0.125193199381762,0.13765506202481,0.212842568513703
"HCR-C_Ftrgt-0.34_Btrigger-170000_TACconstr-FALSE_BB-FALSE.rds","base",0.34,170000,"C",FALSE,FALSE,107297,119399.314276035,103887.57774267,122040.772543562,115423.5,101609,117951,0.010047619047619,0.00763636363636364,0.018,0.0074,0.011,0.03,0.011,0.146179191075248,0.127107613268051,0.154699235166876,286592.401919022,239049.66045554,292142.371416949,0.338427385234507,0.341074981041124,0.340401492194554,1,1,0,1,0.0761047463175123,0.0854170834166833,0.109421884376875
"HCR-C_Ftrgt-0.34_Btrigger-190000_TACconstr-FALSE_BB-FALSE.rds","base",0.34,190000,"C",FALSE,FALSE,107297,119365.370075611,103104.85574267,122725.421943562,115840.5,101585,118938.5,0.0099047619047619,0.00763636363636364,0.0176,0.0072,0.01,0.03,0.01,0.149854228435816,0.128075701487171,0.160366420903652,288296.790269692,239827.930153515,295948.777521727,0.337037288253929,0.338243706833256,0.339901101813831,1,1,0,1,0.120829166287844,0.129025805161032,0.172834566913383
"HCR-C_Ftrgt-0.34_Btrigger-190000_TACconstr-TRUE_BB-TRUE.rds","base",0.34,190000,"C",TRUE,TRUE,107297,117135.716959437,102294.39040196,125287.416436694,111537.3,92304.9,119467.1,0.00971428571428571,0.00745454545454545,0.0166,0.0078,0.013,0.036,0.01,0.35381684000393,0.301572608373031,0.407841648100988,286575.964419402,237682.241765708,292489.533233209,0.328155152819668,0.330768371440344,0.350276148132952,1,1,0,2,0.12264751341031,0.138627725545109,0.166833366673335
"HCR-C_Ftrgt-0.34_Btrigger-210000_TACconstr-FALSE_BB-FALSE.rds","base",0.34,210000,"C",FALSE,FALSE,107297,119292.582181818,101954.140188661,123761.488913409,116097.5,101519.5,120488,0.00952380952380952,0.00745454545454545,0.0166,0.007,0.01,0.03,0.009,0.154438954128207,0.128844562443969,0.168556884908943,290848.654897964,241696.226855498,301095.398537541,0.33572253346559,0.332794449713886,0.338908543952216,1,1,0,1,0.177363636363636,0.183273309323729,0.279055811162232
"HCR-C_Ftrgt-0.34_Btrigger-210000_TACconstr-TRUE_BB-TRUE.rds","base",0.34,210000,"C",TRUE,TRUE,107297,117099.567877619,101201.61928196,126156.609887813,111814.6,92114.1,120660.95,0.00933333333333333,0.00772727272727273,0.0148,0.0074,0.013,0.032,0.01,0.354676118584629,0.303311650063836,0.408933202912159,288809.446833761,239440.037147635,297216.839515,0.325828705917497,0.325660196180064,0.347902381723598,1,1,0,2,0.176288753523048,0.19243848769754,0.275655131026205
"HCR-C_Ftrgt-0.34_Btrigger-220000_TACconstr-FALSE_BB-FALSE.rds","base",0.34,220000,"C",FALSE,FALSE,107297,119253.866545455,101229.914229129,124390.276907769,116242.5,100159.5,121301.5,0.0090952380952381,0.00754545454545455,0.0146,0.007,0.01,0.028,0.009,0.157621906618508,0.140313599062134,0.172403754108985,292603.295464699,243757.382277108,303584.970650798,0.33426153731376,0.327222109360648,0.339905234654587,1,1,0,1,0.210727272727273,0.207883153261305,0.541016406562625
"HCR-C_Ftrgt-0.34_Btrigger-220000_TACconstr-TRUE_BB-TRUE.rds","base",0.34,220000,"C",TRUE,TRUE,107297,117076.600121743,100506.67094,126727.250622724,111943.4,90917.65,121249.8,0.00876190476190476,0.00754545454545455,0.0132,0.007,0.013,0.027,0.01,0.357003996957568,0.306163232665409,0.411682724663496,290551.596890463,241719.569555775,300066.17054704,0.324503091851289,0.320703329763145,0.34708927319254,1,1,0,2,0.20847349759069,0.219243848769754,0.5352
"HCR-C_Ftrgt-0.34_Btrigger-230000_TACconstr-FALSE_BB-FALSE.rds","base",0.34,230000,"C",FALSE,FALSE,107297,119176.508090909,100490.9462,125117.801581483,116328.5,96639.5,121972,0.00852380952380952,0.00736363636363636,0.0122,0.0074,0.01,0.023,0.011,0.161123954108011,0.168665092062616,0.174850006607293,294488.56864091,247780.082367084,305080.222211454,0.332825413800059,0.320036966180196,0.340103089473421,1,1,0,0,0.242,0.228691476590636,0.6022
"HCR-C_Ftrgt-0.34_Btrigger-230000_TACconstr-TRUE_BB-TRUE.rds","base",0.34,230000,"C",TRUE,TRUE,107297,117036.817545455,99686.2684308663,127410.782393754,111871.8,88087.35,122145.35,0.00828571428571429,0.00736363636363636,0.0114,0.0072,0.013,0.022,0.01,0.358639575218909,0.311652659224362,0.412010942763555,292323.965687625,245950.425563198,302299.446788687,0.322247731489903,0.311703265691035,0.347212949782075,1,1,0,2,0.242,0.241048209641928,0.598519703940788
"HCR-C_Ftrgt-0.34_Btrigger-240000_TACconstr-FALSE_BB-FALSE.rds","base",0.34,240000,"C",FALSE,FALSE,107297,119116.084486166,99604.7718013621,125924.850986412,116417.5,93373.5,123028.5,0.00804761904761905,0.00745454545454545,0.0098,0.0076,0.011,0.021,0.012,0.164702602941171,0.195714950693056,0.176992165573001,296815.60132873,251915.026695043,307843.531724289,0.330510221195325,0.311589641819605,0.34130450385377,1,1,0,0,0.275661423765797,0.246898759503802,0.660932186437287
"HCR-C_Ftrgt-0.34_Btrigger-250000_TACconstr-FALSE_BB-FALSE.rds","base",0.34,250000,"C",FALSE,FALSE,107297,119037.716545455,98651.1497669187,126794.102278004,116523,90262,124306,0.00761904761904762,0.00763636363636364,0.008,0.0072,0.012,0.016,0.012,0.169233685962719,0.221333873525964,0.180213763847407,299271.179868353,256978.522718237,310807.800474917,0.328066743936877,0.302148823720577,0.341796546869616,1,1,0,0,0.307909090909091,0.265612489991994,0.706941388277656
"HCR-C_Ftrgt-0.34_Btrigger-260000_TACconstr-FALSE_BB-FALSE.rds","base",0.34,260000,"C",FALSE,FALSE,107297,118903.87,97646.8548,127786.09284486,116663.5,87334,125181,0.00704761904761905,0.00745454545454545,0.006,0.0072,0.012,0.014,0.013,0.175208269868858,0.243715589753747,0.183420628253196,301302.523673729,262218.464701344,313756.84381505,0.325554450293872,0.291984578149895,0.343421897317506,1,1,0,1,0.340181818181818,0.283656731346269,0.754
"HCR-C_Ftrgt-0.34_Btrigger-270000_TACconstr-FALSE_BB-FALSE.rds","base",0.34,270000,"C",FALSE,FALSE,107297,118773.784459868,96590.2676,128801.406245832,116464,84611.5,126344.5,0.00661904761904762,0.00709090909090909,0.0052,0.007,0.011,0.014,0.013,0.180304553312724,0.257605292526512,0.18644422933176,304012.263089929,267269.755373288,316025.002697672,0.32264883125102,0.282213714216293,0.345071401329481,1,1,0,2,0.376034184925902,0.3016,0.7854
"HCR-C_Ftrgt-0.34_Btrigger-2e+05_TACconstr-TRUE_BB-TRUE.rds","base",0.34,2e+05,"C",TRUE,TRUE,107297,117117.090668528,101800.70436196,125673.106631501,111707.4,92200.5,120185.9,0.00966666666666667,0.00772727272727273,0.016,0.0076,0.014,0.035,0.01,0.35429850613411,0.302846041506505,0.40831728944793,287716.289733816,238517.200332226,294830.418435284,0.327320220732146,0.328305367363505,0.349593501954789,1,1,0,2,0.148013455768706,0.164832966593319,0.218043608721744
"HCR-C_Ftrgt-0.35_Btrigger-170000_TACconstr-TRUE_BB-TRUE.rds","base",0.35,170000,"C",TRUE,TRUE,107297,117187.041440409,104670.140140374,124483.133543794,111475.55,94526.1,118262.6,0.0127619047619048,0.0106363636363636,0.0202,0.01,0.017,0.041,0.012,0.352278979040213,0.300423849281201,0.407412369801938,276048.453361582,232426.174421382,279932.800813793,0.33873169835884,0.345553797798358,0.360457941483334,1,1,0,2,0.0922811164651332,0.1116,0.107221444288858
"HCR-C_Ftrgt-0.35_Btrigger-180000_TACconstr-TRUE_BB-TRUE.rds","base",0.35,180000,"C",TRUE,TRUE,107297,117188.056294954,104330.467840374,124709.327283794,111608.05,94504.95,118823.5,0.0125714285714286,0.0104545454545455,0.0198,0.01,0.016,0.041,0.012,0.352761766669636,0.301487986565697,0.406778613325896,276956.726508298,232560.610364315,281628.265027153,0.337764124009571,0.343724384183232,0.35959029169286,1,1,0,2,0.11710155468679,0.1396,0.13502700540108
"HCR-C_Ftrgt-0.35_Btrigger-190000_TACconstr-TRUE_BB-TRUE.rds","base",0.35,190000,"C",TRUE,TRUE,107297,117179.714052622,103917.154400136,124997.821283794,111829,94443.75,119454.5,0.0121428571428571,0.00990909090909091,0.0194,0.0098,0.016,0.041,0.012,0.353292771554235,0.302254322546997,0.408756947628494,278053.010147645,233039.66496509,283672.785212371,0.336864103280464,0.342408981346778,0.358535070987828,1,1,0,2,0.143844335333697,0.1636,0.174034806961392
"HCR-C_Ftrgt-0.35_Btrigger-210000_TACconstr-FALSE_BB-FALSE.rds","base",0.35,210000,"C",FALSE,FALSE,107297,119322.0714016,103556.486,123461.345063496,116308.5,103938.5,120313,0.0120952380952381,0.00981818181818182,0.0194,0.0098,0.013,0.037,0.015,0.159483885068225,0.11383266671264,0.175476531488948,282977.202562839,237343.981872988,293491.901437049,0.343443386392238,0.344867176623451,0.346690338494466,1,1,0,2,0.205745976906992,0.210884353741497,0.2826
"HCR-C_Ftrgt-0.35_Btrigger-210000_TACconstr-TRUE_BB-TRUE.rds","base",0.35,210000,"C",TRUE,TRUE,107297,117157.52435859,102816.52044,125832.247699116,112189.7,94258.35,120377.65,0.0115238095238095,0.00972727272727273,0.0184,0.0086,0.016,0.039,0.011,0.357037400530322,0.302420624494505,0.413771278495893,281005.849763237,234512.276468029,289349.992510371,0.334346700782908,0.337481364099191,0.355706999104652,1,1,0,2,0.204291299209019,0.2256,0.2804
"HCR-C_Ftrgt-0.35_Btrigger-220000_TACconstr-FALSE_BB-FALSE.rds","base",0.35,220000,"C",FALSE,FALSE,107297,119269.720567123,102822.983531278,124119.34492878,116312,102583,120941.5,0.0115238095238095,0.00954545454545455,0.0172,0.0102,0.014,0.031,0.015,0.162730176796543,0.123698365629957,0.177877715482841,284968.199816034,239525.131181894,295421.905758786,0.342176619561694,0.339487062602704,0.346726121505002,1,1,0,2,0.237636363636364,0.2372,0.545109021804361
"HCR-C_Ftrgt-0.35_Btrigger-220000_TACconstr-TRUE_BB-TRUE.rds","base",0.35,220000,"C",TRUE,TRUE,107297,117130.388037637,102084.4017,126421.398342224,112284.15,93091.5,120866.15,0.010952380952381,0.00972727272727273,0.0162,0.0084,0.017,0.034,0.011,0.358919104858748,0.306003790474237,0.413852872984967,282805.001550161,236687.075321813,292441.645700466,0.331883418068288,0.331902153420674,0.355362442924442,1,1,0,1,0.237657968906264,0.249299719887955,0.5414
"HCR-C_Ftrgt-0.35_Btrigger-230000_TACconstr-FALSE_BB-FALSE.rds","base",0.35,230000,"C",FALSE,FALSE,107297,119238.366523658,102065.2034,124774.929648019,116480,99005,121875,0.0106666666666667,0.00963636363636364,0.014,0.0096,0.015,0.026,0.014,0.166894819618113,0.151075787876698,0.180427255529188,286955.446211172,243481.614383304,297727.00904561,0.340230818839274,0.33131571604872,0.347950762792321,1,1,0,2,0.272,0.257754652791675,0.607
"HCR-C_Ftrgt-0.35_Btrigger-230000_TACconstr-TRUE_BB-TRUE.rds","base",0.35,230000,"C",TRUE,TRUE,107297,117087.620009091,101286.19812,127088.75387802,112145.3,89988.35,121705.3,0.0104761904761905,0.00972727272727273,0.0138,0.0088,0.017,0.027,0.011,0.360841678642475,0.312245552441641,0.414410061331382,284873.331388716,241361.422152625,294281.084823603,0.329226547394404,0.322043235311818,0.355325035109684,1,1,0,1,0.269545454545455,0.271054210842168,0.6046
"HCR-C_Ftrgt-0.35_Btrigger-240000_TACconstr-FALSE_BB-FALSE.rds","base",0.35,240000,"C",FALSE,FALSE,107297,119158.625174185,101190.4056,125592.884572536,116694,95640,122793.5,0.01,0.00954545454545455,0.0114,0.0096,0.015,0.022,0.014,0.172024461300066,0.17830666850562,0.18246959399405,289781.59846593,247929.004669341,300642.53719608,0.337871910124436,0.322674151345948,0.349063645761403,1,1,0,2,0.302209291753796,0.277566539923954,0.6664
"HCR-C_Ftrgt-0.35_Btrigger-240000_TACconstr-TRUE_BB-TRUE.rds","base",0.35,240000,"C",TRUE,TRUE,107297,117033.773166565,100387.32036,127827.219717645,112014.8,87637.8,122680.85,0.00976190476190476,0.00954545454545455,0.011,0.009,0.017,0.022,0.012,0.361599424588685,0.31590688287597,0.413864221169737,286963.261503917,245990.425521023,296645.997513838,0.327276733224778,0.312465996611101,0.355275234521471,1,1,0,1,0.304300390944631,0.290458091618324,0.657
"HCR-C_Ftrgt-0.35_Btrigger-250000_TACconstr-FALSE_BB-FALSE.rds","base",0.35,250000,"C",FALSE,FALSE,107297,119082.434249452,100213.878891795,126478.196623175,116700,92464,123746.5,0.00966666666666667,0.00954545454545455,0.0096,0.01,0.015,0.02,0.015,0.17694227909942,0.204431964559043,0.184724176590298,292013.32388619,251972.692836444,302725.662886373,0.335520910861874,0.312454344047758,0.349978522962805,1,1,0,2,0.336454545454545,0.298579147488493,0.712142428485697
"HCR-C_Ftrgt-0.35_Btrigger-260000_TACconstr-FALSE_BB-FALSE.rds","base",0.35,260000,"C",FALSE,FALSE,107297,118957.956410384,99191.275033988,127462.063378709,116614,89491.5,125127.5,0.0090952380952381,0.00954545454545455,0.0076,0.0096,0.015,0.015,0.014,0.183938645174789,0.228225639611061,0.189300309051793,294466.543648363,257378.764101618,305604.185195094,0.332207046728736,0.301723950895879,0.350525024706534,1,1,0,3,0.370488226202382,0.312525010004002,0.758551710342068
"HCR-C_Ftrgt-0.35_Btrigger-2e+05_TACconstr-TRUE_BB-TRUE.rds","base",0.35,2e+05,"C",TRUE,TRUE,107297,117173.8956495,103431.57382,125355.514663794,111961.2,94367.25,120213.2,0.0118095238095238,0.00981818181818182,0.0188,0.0092,0.016,0.04,0.011,0.354792732106611,0.302473524840871,0.411232337529784,279416.87174857,233532.820746543,286744.425870608,0.335314518353599,0.339983612609315,0.356787144610011,1,1,0,2,0.171561051004637,0.194,0.222
"HCR-C_Ftrgt-0.36_Btrigger-170000_TACconstr-FALSE_BB-FALSE.rds","base",0.36,170000,"C",FALSE,FALSE,107297,119381.166562472,107136.647248536,121412.476026446,115617,106442,117607.5,0.0161904761904762,0.0135454545454545,0.0256,0.0126,0.017,0.043,0.017,0.153856506366005,0.103389579253547,0.162063991143823,269655.312079322,230477.824863794,274370.06275352,0.356591001779687,0.366497231202278,0.357298550012688,1,1,0,3,0.109565375522822,0.123049219687875,0.116623324664933
"HCR-C_Ftrgt-0.36_Btrigger-170000_TACconstr-TRUE_BB-TRUE.rds","base",0.36,170000,"C",TRUE,TRUE,107297,117184.891554545,106302.02054,124093.664034263,111647.25,96724.95,118361.15,0.0164761904761905,0.0139090909090909,0.0256,0.013,0.021,0.057,0.017,0.351117473539546,0.302162222369273,0.406114416213975,267718.389489499,227767.15984439,271811.637165504,0.347878132798093,0.357611651034118,0.36925014817984,1,1,0,2,0.111727272727273,0.135254101640656,0.1122
"HCR-C_Ftrgt-0.36_Btrigger-180000_TACconstr-FALSE_BB-FALSE.rds","base",0.36,180000,"C",FALSE,FALSE,107297,119377.772474356,106758.013848536,121706.52369511,115800.5,106424.5,117983,0.0161428571428571,0.0137272727272727,0.025,0.0126,0.018,0.043,0.017,0.155598539636967,0.105248794726084,0.166395811397099,271030.330784144,231006.328239651,277009.832231316,0.355925289624462,0.365121050431818,0.356811738472665,1,1,0,3,0.136194199472679,0.148459383753501,0.142828565713143
"HCR-C_Ftrgt-0.36_Btrigger-180000_TACconstr-TRUE_BB-TRUE.rds","base",0.36,180000,"C",TRUE,TRUE,107297,117190.879381818,105947.55554,124315.067656252,111814.5,96696.9,118868.35,0.0161904761904762,0.0134545454545455,0.0254,0.013,0.021,0.057,0.017,0.352787413177034,0.302788314705284,0.409341613446113,268982.926318935,227837.858944035,273325.52118037,0.346697841053987,0.356272178377149,0.367504047188741,1,1,0,2,0.136727272727273,0.160064025610244,0.1402
"HCR-C_Ftrgt-0.36_Btrigger-190000_TACconstr-FALSE_BB-FALSE.rds","base",0.36,190000,"C",FALSE,FALSE,107297,119367.18833504,106291.337048536,122078.388177326,116041,106407,118753,0.015952380952381,0.0135454545454545,0.025,0.0122,0.017,0.043,0.017,0.158729193469605,0.106516205663432,0.171054620774429,271936.102950107,231307.194321982,279605.012105098,0.355009496699588,0.363434955659182,0.356241028285461,1,1,0,3,0.167939625386434,0.176470588235294,0.183036607321464
"HCR-C_Ftrgt-0.36_Btrigger-210000_TACconstr-FALSE_BB-FALSE.rds","base",0.36,210000,"C",FALSE,FALSE,107297,119334.794824592,105068.682244136,123082.826838664,116276.5,106359,120116,0.0155714285714286,0.0134545454545455,0.0238,0.012,0.018,0.043,0.017,0.16529901232252,0.111361770023342,0.180372631711866,275553.872898536,232714.444961749,285290.017348892,0.351434465103504,0.357378082666295,0.35460372482727,1,1,0,3,0.230475497772525,0.243497398959584,0.287257451490298
"HCR-C_Ftrgt-0.36_Btrigger-210000_TACconstr-TRUE_BB-TRUE.rds","base",0.36,210000,"C",TRUE,TRUE,107297,117610.307018182,102634.307415146,126288.057049937,112168.2,96313.5,120304.65,0.0131428571428571,0.00990909090909091,0.0236,0.0098,0.015,0.054,0.012,0.355535973421359,0.299118235169019,0.412924535891199,280490.290508788,231373.635741657,291278.699499962,0.342947810492973,0.350304444264037,0.365317131259664,1,1,0,1,0.202090909090909,0.232646529305861,0.292658531706341
"HCR-C_Ftrgt-0.36_Btrigger-220000_TACconstr-FALSE_BB-FALSE.rds","base",0.36,220000,"C",FALSE,FALSE,107297,119302.605107038,104340.083373078,123719.090380215,116438,104972.5,120817.5,0.0151904761904762,0.0139090909090909,0.0212,0.012,0.019,0.038,0.016,0.170229623650244,0.114595148327237,0.182611438486462,277619.806683332,234689.856994317,288368.257595825,0.350285195769484,0.351593763749218,0.354730901046525,1,1,0,3,0.264569506318756,0.270362217330398,0.551310262052411
"HCR-C_Ftrgt-0.36_Btrigger-220000_TACconstr-TRUE_BB-TRUE.rds","base",0.36,220000,"C",TRUE,TRUE,107297,117571.92439515,101901.748828557,126933.280681248,112277.45,95034.15,121147.5,0.0124761904761905,0.00981818181818182,0.0216,0.0092,0.015,0.049,0.012,0.358121489931081,0.302848407491192,0.415015091937979,282668.244278631,233824.921461355,293732.786512675,0.340727361438009,0.344843771572125,0.364150472439218,1,1,0,1,0.236476043276662,0.2582,0.550910182036407
"HCR-C_Ftrgt-0.36_Btrigger-230000_TACconstr-FALSE_BB-FALSE.rds","base",0.36,230000,"C",FALSE,FALSE,107297,119272.581356415,103587.305,124354.070259988,116529.5,101352.5,121572.5,0.0138571428571429,0.0132727272727273,0.0172,0.0118,0.018,0.03,0.016,0.175157004089309,0.134010111057511,0.185759228995657,280272.327055673,239322.773993493,290736.364946947,0.34812102286291,0.343075787295585,0.355303108272198,1,1,0,2,0.296390580961906,0.291633306645316,0.612
"HCR-C_Ftrgt-0.36_Btrigger-230000_TACconstr-TRUE_BB-TRUE.rds","base",0.36,230000,"C",TRUE,TRUE,107297,117540.120236364,101123.61228,127568.374718532,112351.4,91833.3,122036.55,0.0112380952380952,0.00963636363636364,0.0168,0.0092,0.015,0.037,0.012,0.359764567483821,0.308691546950157,0.413969351758046,285057.047676635,238535.221943092,295801.486773146,0.338858491196171,0.33603492888674,0.36421391644999,1,1,0,2,0.270272727272727,0.2798,0.6082
"HCR-C_Ftrgt-0.36_Btrigger-240000_TACconstr-FALSE_BB-FALSE.rds","base",0.36,240000,"C",FALSE,FALSE,107297,119182.544311607,102709.9786,125187.763052608,116522,97885.5,122554.5,0.0126666666666667,0.0127272727272727,0.0136,0.0116,0.017,0.024,0.016,0.180763321785769,0.160782015033446,0.18766907586297,282531.737708412,243366.127191728,293360.131622152,0.345041362030446,0.334041767755963,0.356150547915055,1,1,0,2,0.329605382796872,0.31312525010004,0.6694
"HCR-C_Ftrgt-0.36_Btrigger-240000_TACconstr-TRUE_BB-TRUE.rds","base",0.36,240000,"C",TRUE,TRUE,107297,117359.825060805,101005.898312137,129068.300267537,112161.05,88978.05,123802.15,0.0124761904761905,0.0118181818181818,0.0142,0.0122,0.02,0.028,0.014,0.362160050033995,0.316434596031964,0.41359860672036,280339.281016029,243290.57957094,293305.640135906,0.332556510042217,0.318989608189727,0.363442390848975,1,1,0,4,0.332484771342849,0.314262852570514,0.670934186837367
"HCR-C_Ftrgt-0.36_Btrigger-250000_TACconstr-FALSE_BB-FALSE.rds","base",0.36,250000,"C",FALSE,FALSE,107297,119107.451935247,101731.518390692,126087.971414166,116543.5,94666,123752,0.0122857142857143,0.0129090909090909,0.0112,0.012,0.019,0.021,0.017,0.18563361307723,0.187163812415382,0.191465738112826,284938.967918389,248397.082731904,295855.349064464,0.341715642899168,0.322811157529479,0.357041981857413,1,1,0,2,0.36452082196763,0.332266453290658,0.716143228645729
"HCR-C_Ftrgt-0.36_Btrigger-250000_TACconstr-TRUE_BB-TRUE.rds","base",0.36,250000,"C",TRUE,TRUE,107297,117314.239128379,100046.39882,129845.331876523,112108.75,86624.1,124688.05,0.0118571428571429,0.0114545454545455,0.012,0.0126,0.018,0.023,0.015,0.364858201368477,0.318183553010735,0.4141031027961,283130.715278602,247426.063449404,296288.501662867,0.330148964436595,0.308053510801627,0.363287152734003,1,1,0,5,0.368397127011546,0.332199319591755,0.7128
"HCR-C_Ftrgt-0.36_Btrigger-260000_TACconstr-FALSE_BB-FALSE.rds","base",0.36,260000,"C",FALSE,FALSE,107297,118980.500092913,100698.396399622,127060.07739185,116323.5,91623,124906,0.0118571428571429,0.0127272727272727,0.0092,0.0126,0.02,0.019,0.02,0.190584765152276,0.211787118129784,0.193913220662453,287681.736783551,252595.80338851,297920.74822562,0.338046162677287,0.312098956768872,0.357915953089968,1,1,0,2,0.399036276025093,0.344337735094038,0.761352270454091
"HCR-C_Ftrgt-0.36_Btrigger-2e+05_TACconstr-FALSE_BB-FALSE.rds","base",0.36,2e+05,"C",FALSE,FALSE,107297,119358.086318839,105732.547648536,122526.226145313,116223.5,106375,119316.5,0.0158095238095238,0.0136363636363636,0.0244,0.012,0.017,0.043,0.017,0.161571562679598,0.108829594126843,0.176936283146898,273871.916828811,231721.527062143,282106.311976391,0.353346372986919,0.360652239510757,0.355552177537721,1,1,0,3,0.196909090909091,0.212327396437863,0.228645729145829
"HCR-C_Ftrgt-0.37_Btrigger-170000_TACconstr-TRUE_BB-TRUE.rds","base",0.37,170000,"C",TRUE,TRUE,107297,117162.167664963,107841.351662692,123694.606192881,111625.65,98820.45,118299.7,0.021,0.0177272727272727,0.0328,0.0164,0.025,0.067,0.022,0.351718148729096,0.302082087164386,0.40833582423779,260016.878494691,223413.984197796,264017.541417002,0.356882550290788,0.370325095321264,0.377048288254343,1,1,0,2,0.129454545454545,0.156431286257251,0.116023204640928
"HCR-C_Ftrgt-0.37_Btrigger-180000_TACconstr-TRUE_BB-TRUE.rds","base",0.37,180000,"C",TRUE,TRUE,107297,117175.257442535,107470.497362692,123913.239927643,111667.8,98785.35,118583.1,0.0207619047619048,0.0176363636363636,0.0322,0.0162,0.026,0.067,0.022,0.35346005380524,0.302704236426571,0.412777786814654,261495.325838079,223605.690190002,266571.112473896,0.35566595215135,0.369351470228381,0.374810178228391,1,1,0,2,0.159181818181818,0.188837767553511,0.14502900580116
"HCR-C_Ftrgt-0.37_Btrigger-190000_TACconstr-TRUE_BB-TRUE.rds","base",0.37,190000,"C",TRUE,TRUE,107297,117184.976973893,107021.087542692,124193.300621882,111845.3,98741.9,119060.3,0.0203333333333333,0.0172727272727273,0.0314,0.016,0.024,0.067,0.022,0.355776618188245,0.302512575424139,0.415286989059461,262809.778942127,224010.923764231,268826.599382623,0.354118758925399,0.367617467540937,0.373500583599126,1,1,0,2,0.188909090909091,0.219843968793759,0.181836367273455
"HCR-C_Ftrgt-0.37_Btrigger-210000_TACconstr-FALSE_BB-FALSE.rds","base",0.37,210000,"C",FALSE,FALSE,107297,119327.770124902,106538.685993002,122672.958710579,116325.5,108749,119777,0.0194285714285714,0.0166363636363636,0.0286,0.0164,0.024,0.046,0.023,0.173085067009974,0.113644001225189,0.184406311197888,268516.198932194,228286.777575033,278202.697156775,0.360254619585919,0.370252944176943,0.361859803289741,1,1,0,3,0.256773958901618,0.276766059635781,0.291458291658332
"HCR-C_Ftrgt-0.37_Btrigger-210000_TACconstr-TRUE_BB-TRUE.rds","base",0.37,210000,"C",TRUE,TRUE,107297,117160.228134954,105796.339275647,125101.512459331,112119.05,98631.35,119765.15,0.0196666666666667,0.0169090909090909,0.0298,0.0156,0.023,0.064,0.02,0.359112575038037,0.303827551253822,0.419207081691822,266328.937728116,225688.568034159,275072.449200991,0.349277362034203,0.360983349172121,0.369032992441911,1,1,0,2,0.255272727272727,0.287257451490298,0.296118447378952
"HCR-C_Ftrgt-0.37_Btrigger-220000_TACconstr-FALSE_BB-FALSE.rds","base",0.37,220000,"C",FALSE,FALSE,107297,119283.66275694,105782.007646448,123354.97076302,116540.5,107332.5,120607.5,0.0185238095238095,0.0164545454545455,0.0256,0.016,0.023,0.044,0.022,0.177502929884539,0.115991029509118,0.188947066775214,270864.052052751,230692.503374386,281435.701897351,0.358192520913854,0.36392006839617,0.362384170927944,1,1,0,5,0.28868885251864,0.302660532106421,0.556422569027611
"HCR-C_Ftrgt-0.37_Btrigger-220000_TACconstr-TRUE_BB-TRUE.rds","base",0.37,220000,"C",TRUE,TRUE,107297,117136.147224427,105066.702600809,125682.634494841,112058.3,97349.4,120221.1,0.0187142857142857,0.017,0.026,0.0152,0.023,0.055,0.019,0.360285169562449,0.30826061070762,0.421242447853085,268243.737886731,227818.520838113,278236.088950264,0.346919710515155,0.353917688253294,0.36769840222593,1,1,0,3,0.289454545454545,0.316,0.55371074214843
"HCR-C_Ftrgt-0.37_Btrigger-230000_TACconstr-FALSE_BB-FALSE.rds","base",0.37,230000,"C",FALSE,FALSE,107297,119254.691921262,105028.306446154,123985.711986711,116487.5,103648.5,121467,0.0174285714285714,0.0163636363636364,0.0208,0.0164,0.022,0.034,0.022,0.182363032746612,0.123001870366645,0.191262164626316,273464.570045531,235472.617399675,283426.912376458,0.354744035195628,0.354577129563262,0.362509148115697,1,1,0,6,0.323695217312239,0.32746549309862,0.617323464692939
"HCR-C_Ftrgt-0.37_Btrigger-230000_TACconstr-TRUE_BB-TRUE.rds","base",0.37,230000,"C",TRUE,TRUE,107297,117112.959783756,104249.106487252,126319.333349718,111985.45,94042.75,120843.2,0.0172380952380952,0.0166363636363636,0.021,0.0148,0.024,0.042,0.019,0.362644660587134,0.31495158920728,0.422168550977307,271068.447780389,232425.250135459,280368.30899902,0.34461596983702,0.344092277971528,0.367816852305394,1,1,0,1,0.326818181818182,0.340268053610722,0.613322664532907
"HCR-C_Ftrgt-0.37_Btrigger-240000_TACconstr-FALSE_BB-FALSE.rds","base",0.37,240000,"C",FALSE,FALSE,107297,119212.495088621,104156.687294841,124725.155969686,116486,100131.5,122286,0.0166190476190476,0.0162727272727273,0.0166,0.0174,0.023,0.028,0.021,0.187029247284236,0.144502965312737,0.194837116286201,276242.604015439,239691.342356691,286125.522320739,0.351633308795493,0.345534751889275,0.362423941649812,1,1,0,4,0.358246953991635,0.349939975990396,0.676135227045409
"HCR-C_Ftrgt-0.37_Btrigger-250000_TACconstr-FALSE_BB-FALSE.rds","base",0.37,250000,"C",FALSE,FALSE,107297,119121.655005978,103207.279,125579.225447246,116289.5,96825.5,123381.5,0.0157142857142857,0.0159090909090909,0.0134,0.0176,0.022,0.023,0.022,0.193122756942256,0.170018447003655,0.197298660657151,278820.640529196,243683.636452155,288494.571327094,0.34805869739874,0.333004953086472,0.362813272366907,1,1,0,5,0.393435170030915,0.363672734546909,0.7202
"HCR-C_Ftrgt-0.37_Btrigger-260000_TACconstr-FALSE_BB-FALSE.rds","base",0.37,260000,"C",FALSE,FALSE,107297,119011.01096304,102122.179370917,126603.405686768,116056,93747,124539.5,0.0150952380952381,0.0157272727272727,0.0108,0.018,0.024,0.021,0.022,0.198636054476875,0.195210675125853,0.200715140999305,280816.192044368,248998.87234487,291208.045524917,0.344236939475415,0.322164356712676,0.364174724823689,1,1,0,8,0.422947540685517,0.379303442754203,0.766459875925555
"HCR-C_Ftrgt-0.37_Btrigger-2e+05_TACconstr-TRUE_BB-TRUE.rds","base",0.37,2e+05,"C",TRUE,TRUE,107297,117181.610953213,106480.811592882,124568.713756903,111958,98703,119264.5,0.020047619047619,0.0169090909090909,0.031,0.016,0.023,0.067,0.021,0.35740765014253,0.303981244769283,0.418648756193384,264500.620180005,224617.925099702,271672.16972447,0.351894985988949,0.365203594902016,0.371465382527461,1,1,0,1,0.224454545454545,0.251050210042008,0.23244648929786
"HCR-C_Ftrgt-0.38_Btrigger-170000_TACconstr-FALSE_BB-FALSE.rds","base",0.38,170000,"C",FALSE,FALSE,107297,119284.599184226,110165.0684,120556.003668013,115815,111223,117241,0.0253333333333333,0.0221818181818182,0.0352,0.0224,0.027,0.053,0.028,0.161715872461575,0.1074069411856,0.171988807764934,254965.382795698,222265.063280277,259593.307709453,0.37477060922935,0.392644153858744,0.374993851200093,1,1,0,5,0.151104645876898,0.167867146858743,0.1228
"HCR-C_Ftrgt-0.38_Btrigger-190000_TACconstr-FALSE_BB-FALSE.rds","base",0.38,190000,"C",FALSE,FALSE,107297,119314.652059869,109248.7362,121178.613952199,116137.5,111188,118287.5,0.0248095238095238,0.0218181818181818,0.0344,0.0218,0.028,0.053,0.027,0.170217328531921,0.110456719668741,0.181449741313289,258163.750518423,223321.480878274,265154.440476018,0.371627459343413,0.388391956242138,0.372101753579573,1,1,0,6,0.213201200109101,0.241144686812087,0.192
"HCR-C_Ftrgt-0.38_Btrigger-190000_TACconstr-TRUE_BB-TRUE.rds","base",0.38,190000,"C",TRUE,TRUE,107297,117167.707115285,108456.839200923,123709.050381272,111942.25,100900.8,118443.35,0.025047619047619,0.0215454545454545,0.037,0.0208,0.029,0.077,0.028,0.356835457342273,0.30149589452478,0.417402450681935,255919.69182737,219990.779733034,261802.149786192,0.362014159600392,0.380415470517433,0.379881037702942,1,1,0,7,0.214928629875443,0.249599679743795,0.186674669867947
"HCR-C_Ftrgt-0.38_Btrigger-210000_TACconstr-FALSE_BB-FALSE.rds","base",0.38,210000,"C",FALSE,FALSE,107297,119300.224518559,107956.7374,122218.322919524,116422.5,111120.5,119388.5,0.024047619047619,0.0214545454545455,0.0326,0.0212,0.029,0.05,0.026,0.179649781400209,0.114379208149661,0.190951842170075,262334.742863433,224076.55833685,271813.608107124,0.368684052833784,0.383574146701046,0.368932797788054,1,1,0,7,0.279272727272727,0.305722288915566,0.298
"HCR-C_Ftrgt-0.38_Btrigger-210000_TACconstr-TRUE_BB-TRUE.rds","base",0.38,210000,"C",TRUE,TRUE,107297,117416.453785206,106370.2805,126147.305699008,111955.8,100762.2,120259,0.022952380952381,0.0191818181818182,0.033,0.0212,0.029,0.069,0.026,0.36075373628039,0.30159183462805,0.42233096060565,260620.367618936,223526.414943839,271928.559591578,0.355345782048883,0.368454184871632,0.375892592921898,1,1,0,6,0.283389399036276,0.307322929171669,0.2996
"HCR-C_Ftrgt-0.38_Btrigger-220000_TACconstr-FALSE_BB-FALSE.rds","base",0.38,220000,"C",FALSE,FALSE,107297,119273.268068502,107201.1906,122863.243592608,116479.5,109671.5,120100,0.0234285714285714,0.0211818181818182,0.0308,0.021,0.029,0.047,0.025,0.185365914164929,0.117189815656744,0.196062151194828,264642.808353635,226222.378857858,275077.61731475,0.365048455575827,0.376685555691842,0.368170570026151,1,1,0,5,0.315210473679425,0.3374674934987,0.565
"HCR-C_Ftrgt-0.38_Btrigger-220000_TACconstr-TRUE_BB-TRUE.rds","base",0.38,220000,"C",TRUE,TRUE,107297,117386.54574697,105614.41612,126785.391473625,111986.75,99419.85,121169.6,0.0223809523809524,0.0194545454545455,0.0298,0.0214,0.03,0.064,0.025,0.362622663785783,0.305068643419332,0.422709705660742,263213.09786562,225191.984107344,274971.243274346,0.352608215238541,0.361803736445024,0.375000465099724,1,1,0,8,0.317454545454545,0.333466693338668,0.5622
"HCR-C_Ftrgt-0.38_Btrigger-230000_TACconstr-FALSE_BB-FALSE.rds","base",0.38,230000,"C",FALSE,FALSE,107297,119251.606111508,106455.891,123458.379423294,116459,105925.5,120867.5,0.0223333333333333,0.0209090909090909,0.0258,0.022,0.028,0.04,0.027,0.190180863965939,0.122858490427482,0.199253749722916,266920.691652543,231243.948277564,276406.865116939,0.361699027221787,0.36738603604282,0.367489816130629,1,1,0,6,0.350727272727273,0.364072814562913,0.6224
"HCR-C_Ftrgt-0.38_Btrigger-240000_TACconstr-FALSE_BB-FALSE.rds","base",0.38,240000,"C",FALSE,FALSE,107297,119196.020274024,105584.4332,124204.17669817,116494.5,102370,121787.5,0.020952380952381,0.0204545454545455,0.0208,0.0222,0.029,0.031,0.028,0.196244954656214,0.131253879042825,0.202645559020179,269618.423421809,235775.520776783,279253.895634951,0.358234877572182,0.356731276195595,0.368144989941732,1,1,0,9,0.385454545454545,0.379751900760304,0.6802
"HCR-C_Ftrgt-0.38_Btrigger-250000_TACconstr-FALSE_BB-FALSE.rds","base",0.38,250000,"C",FALSE,FALSE,107297,119137.161269038,104619.0346,125042.874593264,116062,98987.5,123009,0.0201428571428571,0.0204545454545455,0.017,0.0226,0.03,0.026,0.029,0.201163658874438,0.1540540307565,0.205445392052014,272246.967318294,240181.900633373,281349.511753646,0.354402860807992,0.344172532956032,0.368233642683981,1,1,0,9,0.416477221060289,0.394994994994995,0.7248
"HCR-C_Ftrgt-0.38_Btrigger-260000_TACconstr-FALSE_BB-FALSE.rds","base",0.38,260000,"C",FALSE,FALSE,107297,119006.361642755,103585.2156,126016.529558614,115813,95837.5,123779.5,0.0194285714285714,0.0207272727272727,0.0134,0.0226,0.03,0.023,0.03,0.207853678640996,0.178361721532869,0.209248567528446,274609.307415533,244567.742061257,284248.580185549,0.350519958456676,0.332574512848686,0.368508354465674,1,1,0,5,0.447545454545455,0.408163265306122,0.7706
"HCR-C_Ftrgt-0.38_Btrigger-2e+05_TACconstr-TRUE_BB-TRUE.rds","base",0.38,2e+05,"C",TRUE,TRUE,107297,117417.402809164,107042.9548,125643.111869228,111841.6,100824.3,119972.95,0.0237619047619048,0.0200909090909091,0.0342,0.0214,0.029,0.072,0.026,0.35827301975421,0.300916378428464,0.419719634107406,258338.349598267,222792.572248058,269494.073276889,0.357612972471639,0.372044413543948,0.378728748314456,1,1,0,6,0.247909090909091,0.273309323729492,0.2392
"HCR-C_Ftrgt-0.385_Btrigger-250000_TACconstr-FALSE_BB-FALSE.rds","base",0.385,250000,"C",FALSE,FALSE,107297,119117.316516162,105299.406727238,124797.627291373,115945.5,100068,122434,0.0222857142857143,0.0231818181818182,0.018,0.0246,0.033,0.027,0.031,0.205703368568887,0.146317495345149,0.209679288104179,269183.533832572,238156.653687876,278572.489670665,0.357737767690625,0.349980257925928,0.370261695975436,1,1,0,11,0.425168212402255,0.410328262610088,0.72754550910182
"HCR-C_Ftrgt-0.39_Btrigger-180000_TACconstr-FALSE_BB-FALSE.rds","base",0.39,180000,"C",FALSE,FALSE,107297,119251.69538625,111150.490364172,120287.119319402,116014,113552.5,117199,0.030952380952381,0.0274545454545455,0.0418,0.0278,0.033,0.064,0.033,0.172044343038752,0.108628327032456,0.182017595285718,249622.811599378,218988.169300691,255729.255522405,0.38266919266738,0.404167579962017,0.38098677370575,1,1,0,8,0.204636363636364,0.236188951160929,0.161
"HCR-C_Ftrgt-0.39_Btrigger-190000_TACconstr-TRUE_BB-TRUE.rds","base",0.39,190000,"C",TRUE,TRUE,107297,117081.888321486,109883.50582,123217.890646614,111942.15,103033.35,117896,0.031047619047619,0.0269090909090909,0.044,0.0272,0.038,0.09,0.038,0.357340340949217,0.300140540135695,0.418408626653369,249418.389411745,215801.653106637,255802.002058735,0.36965093633483,0.393099706801566,0.386589206891364,1,1,0,6,0.238636363636364,0.283113245298119,0.194
"HCR-C_Ftrgt-0.39_Btrigger-210000_TACconstr-TRUE_BB-TRUE.rds","base",0.39,210000,"C",TRUE,TRUE,107297,117368.001310206,107724.48388,125625.33349216,111981.75,102903.75,120077.85,0.0295238095238095,0.0265454545454545,0.0396,0.026,0.041,0.08,0.032,0.363075346492655,0.301384197664258,0.427147847522899,254405.044145606,219643.83082731,266261.589267412,0.363044775884772,0.380251136385734,0.381581472289333,1,1,0,9,0.30757341576507,0.33706965572458,0.3038
"HCR-C_Ftrgt-0.39_Btrigger-220000_TACconstr-FALSE_BB-FALSE.rds","base",0.39,220000,"C",FALSE,FALSE,107297,119232.773429936,108538.474423784,122351.287083136,116416,111961,119703.5,0.0285238095238095,0.0269090909090909,0.0346,0.026,0.035,0.053,0.03,0.19279238926257,0.118538924029803,0.205922789350403,258150.188457504,223013.836878613,269314.242375346,0.372433458886892,0.389098321973095,0.373207422450824,1,1,0,11,0.341272727272727,0.369547819127651,0.569
"HCR-C_Ftrgt-0.39_Btrigger-220000_TACconstr-TRUE_BB-TRUE.rds","base",0.39,220000,"C",TRUE,TRUE,107297,117330.707013876,106949.799775162,126298.420701226,112025,101532.95,120758.95,0.028,0.0259090909090909,0.0354,0.0252,0.041,0.07,0.03,0.363361625650285,0.304751629080821,0.428557431456111,256870.069033526,221572.490443289,269210.380396624,0.359976706821995,0.374024439621436,0.379807804188894,1,1,0,9,0.342485680516411,0.365746298519408,0.565913182636527
"HCR-C_Ftrgt-0.39_Btrigger-240000_TACconstr-FALSE_BB-FALSE.rds","base",0.39,240000,"C",FALSE,FALSE,107297,119179.478430457,106939.245050131,123661.280347235,116121,104564,121353.5,0.026,0.0261818181818182,0.0246,0.027,0.037,0.037,0.032,0.204066598309863,0.130182894566054,0.211616898035246,263124.483466135,231562.635480611,273005.444724183,0.364837087568631,0.368402721465092,0.371127867905064,1,1,0,9,0.408619749045281,0.40748149629926,0.6864
"HCR-C_Ftrgt-0.39_Btrigger-250000_TACconstr-FALSE_BB-FALSE.rds","base",0.39,250000,"C",FALSE,FALSE,107297,119092.9699688,105977.713257404,124526.213994745,115987,101121.5,121975,0.0249047619047619,0.0258181818181818,0.0204,0.0274,0.036,0.03,0.033,0.208631415268054,0.139380539837163,0.214244455728174,266167.774142097,235832.224961837,275426.614201949,0.360384504520696,0.355819661018244,0.372745430923066,1,1,0,8,0.437846685459671,0.424854912947769,0.7294
"HCR-C_Ftrgt-0.39_Btrigger-260000_TACconstr-FALSE_BB-FALSE.rds","base",0.39,260000,"C",FALSE,FALSE,107297,118982.086864645,104936.233627514,125460.462911922,115613,97916,123210,0.0236666666666667,0.0258181818181818,0.016,0.0266,0.038,0.024,0.033,0.214469640003035,0.162635335494104,0.217404345979568,268392.143281787,240959.643685354,278027.697939377,0.356072830578232,0.342702528006868,0.373224652076948,1,1,0,13,0.468588053459405,0.439575830332133,0.773954790958192
"HCR-C_Ftrgt-0.39_Btrigger-2e+05_TACconstr-FALSE_BB-FALSE.rds","base",0.39,2e+05,"C",FALSE,FALSE,107297,119276.340798411,110023.221364172,121090.427732703,116451,113491.5,117950,0.0300952380952381,0.0274545454545455,0.0402,0.0258,0.033,0.064,0.03,0.181643287406782,0.112366461075776,0.192492022598855,253867.728235243,219884.936270781,262540.250257865,0.378902461776347,0.399463252608408,0.376682275789623,1,1,0,9,0.269867248590653,0.304182509505703,0.2444
"HCR-C_Ftrgt-0.39_Btrigger-2e+05_TACconstr-TRUE_BB-TRUE.rds","base",0.39,2e+05,"C",TRUE,TRUE,107297,117360.48036936,108414.97372,125103.385075606,111806.2,102975.3,119447.05,0.0303809523809524,0.0270909090909091,0.041,0.027,0.038,0.081,0.034,0.360979837841603,0.300476224532544,0.422756501559501,252199.144670736,218793.579857188,262774.461768601,0.365558007648492,0.384351530876978,0.38379882265607,1,1,0,7,0.27047913446677,0.307384430658395,0.2452
"HCR-C_Ftrgt-0.396_Btrigger-230000_TACconstr-TRUE_BB-TRUE.rds","base",0.396,230000,"C",TRUE,TRUE,107297,117283.151250079,106944.25568,126613.120210953,111995.2,99233.55,120936.4,0.0296666666666667,0.029,0.0332,0.0276,0.043,0.066,0.034,0.367393083008966,0.312699823193144,0.431885261226652,256130.474742219,223323.411940614,267874.006882673,0.36074202437304,0.369357630005287,0.381552323408251,1,1,0,12,0.389671788344395,0.406162464985994,0.6318
"HCR-C_Ftrgt-0.4_Btrigger-170000_TACconstr-FALSE_BB-FALSE.rds","base",0.4,170000,"C",FALSE,FALSE,107297,119101.11878521,112929.143692697,119540.877177973,115794.5,115865,116463.5,0.0381428571428571,0.0347272727272727,0.0486,0.0352,0.044,0.077,0.043,0.173342194465825,0.108832628150566,0.182846659515674,241184.354301314,214229.429317561,247402.042639663,0.392601513694236,0.419294808736195,0.389408985122483,1,1,0,8,0.193472133830348,0.228291316526611,0.1338
"HCR-C_Ftrgt-0.4_Btrigger-170000_TACconstr-TRUE_BB-TRUE.rds","base",0.4,170000,"C",TRUE,TRUE,107297,116928.587463132,112102.310903354,122228.393524913,111609.25,105197.7,116645.6,0.0387142857142857,0.0345454545454545,0.05,0.0366,0.047,0.098,0.049,0.355752727554266,0.300551321384376,0.414534584203388,239213.56014596,211281.682424557,244428.026123702,0.381515741836067,0.41017330511185,0.39685553207391,1,1,0,10,0.194181818181818,0.236894757903161,0.131679007404443
"HCR-C_Ftrgt-0.4_Btrigger-180000_TACconstr-TRUE_BB-TRUE.rds","base",0.4,180000,"C",TRUE,TRUE,107297,116986.021042645,111685.545083354,122400.047140204,111818.15,105191.5,116633.5,0.0383333333333333,0.0345454545454545,0.0496,0.0354,0.048,0.098,0.046,0.35788209028722,0.300725222286652,0.416544664088466,241027.800408913,211392.044205552,247417.772511328,0.379157259533893,0.408408086264614,0.394946288071237,1,1,0,13,0.228566233293936,0.274964978987392,0.161496898138883
"HCR-C_Ftrgt-0.4_Btrigger-190000_TACconstr-FALSE_BB-FALSE.rds","base",0.4,190000,"C",FALSE,FALSE,107297,119153.254595847,111943.111292697,120167.097662255,116266,115835,116926,0.0375714285714286,0.0342727272727273,0.0478,0.0346,0.042,0.077,0.042,0.182060516081315,0.112712863928333,0.194341819234256,245505.83402373,215273.974621698,253151.217201736,0.388841981300951,0.416085451685506,0.384475387723708,1,1,0,10,0.259545454545455,0.304,0.2018
"HCR-C_Ftrgt-0.4_Btrigger-190000_TACconstr-TRUE_BB-TRUE.rds","base",0.4,190000,"C",TRUE,TRUE,107297,117023.681794114,111186.03050711,122659.18536106,111844.05,105154.65,117013.45,0.0377142857142857,0.034,0.0494,0.0342,0.047,0.097,0.045,0.360014353206358,0.300737325604324,0.423043642228092,243017.395448917,211965.330145447,250033.272095969,0.376987954546767,0.40571116512157,0.391008825609146,1,1,0,12,0.261818181818182,0.318254603682946,0.202121272763658
"HCR-C_Ftrgt-0.4_Btrigger-210000_TACconstr-FALSE_BB-FALSE.rds","base",0.4,210000,"C",FALSE,FALSE,107297,119161.842059078,110579.867892697,121202.041264194,116286,115767.5,118294.5,0.0362857142857143,0.0340909090909091,0.045,0.0324,0.041,0.075,0.039,0.195157865665906,0.116618250126792,0.207866878254308,250054.692556954,216661.533915346,260787.6026553,0.383411940438738,0.409610671591108,0.379475032043674,1,1,0,10,0.33057550686426,0.370348139255702,0.3108
"HCR-C_Ftrgt-0.4_Btrigger-210000_TACconstr-TRUE_BB-TRUE.rds","base",0.4,210000,"C",TRUE,TRUE,107297,116972.70078693,109868.283465861,123703.928953382,111898.7,105044.4,118125.4,0.0363333333333333,0.0336363636363636,0.047,0.0316,0.048,0.095,0.043,0.362488615329763,0.303761330990758,0.430274637323566,247973.885360641,213570.010733756,258816.75473377,0.371728638346545,0.397133686376779,0.383591255551862,1,1,0,14,0.330272727272727,0.384676935387077,0.310386231739043
"HCR-C_Ftrgt-0.4_Btrigger-220000_TACconstr-TRUE_BB-TRUE.rds","base",0.4,220000,"C",TRUE,TRUE,107297,116957.902454679,109124.407699222,124271.684165955,111758.35,103682.25,118421.8,0.0345714285714286,0.0323636363636364,0.0432,0.0308,0.048,0.089,0.04,0.365238335187281,0.306253888082901,0.433721433374041,250875.025670393,215575.881489401,262165.57071666,0.368497592773801,0.388693070719771,0.38068941869702,1,1,0,14,0.364578598054369,0.414565826330532,0.5682
"HCR-C_Ftrgt-0.4_Btrigger-230000_TACconstr-FALSE_BB-FALSE.rds","base",0.4,230000,"C",FALSE,FALSE,107297,119144.150416528,109077.731339846,122411.034246733,116254.5,110473,119605,0.033047619047619,0.033,0.0342,0.032,0.041,0.051,0.037,0.207252270677532,0.126051970996211,0.21658870518312,255030.449200621,222807.614554853,265952.948907763,0.375131362538765,0.391749202435924,0.375588103465395,1,1,0,11,0.400309119010819,0.420484096819364,0.631526305261052
"HCR-C_Ftrgt-0.4_Btrigger-230000_TACconstr-TRUE_BB-TRUE.rds","base",0.4,230000,"C",TRUE,TRUE,107297,117003.382173237,108341.8911,124766.439099179,111523.75,100094.85,118868.8,0.0326666666666667,0.0313636363636364,0.037,0.0312,0.047,0.075,0.04,0.36732741963358,0.314312970819506,0.434848823919826,253783.282010802,220098.426686,264794.36103513,0.365015279408796,0.378509002292022,0.379534017020034,1,1,0,13,0.398818181818182,0.429657794676806,0.6276
"HCR-C_Ftrgt-0.4_Btrigger-250000_TACconstr-FALSE_BB-FALSE.rds","base",0.4,250000,"C",FALSE,FALSE,107297,119041.456572714,107270.699306542,123944.493942649,115769,103263.5,121063.5,0.029952380952381,0.0315454545454545,0.0238,0.0326,0.041,0.034,0.036,0.217864169813578,0.133296776090286,0.223465162769185,260729.083999779,232066.816031468,270396.536774696,0.36582373153204,0.366595085120192,0.375045633459727,1,1,0,12,0.458678061641967,0.452981192476991,0.73254650930186
"HCR-C_Ftrgt-0.4_Btrigger-2e+05_TACconstr-TRUE_BB-TRUE.rds","base",0.4,2e+05,"C",TRUE,TRUE,107297,117027.666819537,110582.441836198,123073.051435144,111948.25,105092.35,117454.55,0.037047619047619,0.0335454545454545,0.0484,0.0334,0.047,0.097,0.045,0.361290163950595,0.301671504551146,0.426150314230534,245870.778395171,212482.830924374,254795.262857016,0.374564761116346,0.402387921636841,0.386590130441873,1,1,0,14,0.294663151195563,0.351481184947958,0.252551530918551
"HCR-C_Ftrgt-0.42_Btrigger-180000_TACconstr-FALSE_BB-FALSE.rds","base",0.42,180000,"C",FALSE,FALSE,107297,118817.181068448,114969.008523319,118683.603464649,115991.5,120338,115541.5,0.0533809523809524,0.0507272727272727,0.0618,0.0508,0.062,0.097,0.063,0.191501279704278,0.115525982550537,0.204313908135939,231494.055310371,206248.026233002,239862.046479846,0.407008302937471,0.446439164928934,0.39794250241333,1,1,0,16,0.269751795617783,0.3258,0.1764
"HCR-C_Ftrgt-0.42_Btrigger-220000_TACconstr-FALSE_BB-FALSE.rds","base",0.42,220000,"C",FALSE,FALSE,107297,118865.508049148,112192.643446552,120836.382416499,115611.5,118760,118043.5,0.0494761904761905,0.0487272727272727,0.0546,0.046,0.059,0.085,0.053,0.217877071533877,0.122851553506644,0.233154046047717,241742.543479335,210679.98339157,254411.187269604,0.392164956818733,0.427977356682389,0.384971267171106,1,1,0,20,0.406946086007819,0.4542,0.5814
"HCR-C_Ftrgt-0.42_Btrigger-240000_TACconstr-FALSE_BB-FALSE.rds","base",0.42,240000,"C",FALSE,FALSE,107297,118884.669394437,110670.418595978,121998.228882388,115218.5,111103,119154,0.0445238095238095,0.0465454545454545,0.0386,0.046,0.056,0.053,0.052,0.232341331412948,0.133330453100473,0.239168818804594,248430.929088852,219401.854888915,258529.454464664,0.383642496118178,0.402976855092183,0.382620653176426,1,1,0,21,0.47008547008547,0.4874974994999,0.698
"HCR-C_Ftrgt-0.42_Btrigger-2e+05_TACconstr-FALSE_BB-FALSE.rds","base",0.42,2e+05,"C",FALSE,FALSE,107297,118886.105981699,113734.018723319,119545.346923086,115887.5,120236,116326.5,0.0519047619047619,0.0504545454545455,0.0594,0.0476,0.059,0.096,0.055,0.20486161016587,0.118781977415078,0.218331883102484,236830.727391618,207795.570481274,247314.232520817,0.400471679016233,0.440698008406301,0.390985840892266,1,1,0,20,0.342485680516411,0.401480296059212,0.2618
"HCR-C_Ftrgt-0.45_Btrigger-180000_TACconstr-FALSE_BB-FALSE.rds","base",0.45,180000,"C",FALSE,FALSE,107297,118015.378573911,118222.033633823,117022.769131538,114887,126641.5,113978.5,0.0821904761904762,0.0799090909090909,0.0952,0.0742,0.101,0.138,0.105,0.218474565525902,0.123163919729674,0.229897226907154,216214.590533984,194579.386684013,227157.460071267,0.4295153891639,0.489233478474693,0.411047703585001,1,1,0,41,0.336181818181818,0.409881976395279,0.197039407881576
"HCR-C_Ftrgt-0.45_Btrigger-220000_TACconstr-FALSE_BB-FALSE.rds","base",0.45,220000,"C",FALSE,FALSE,107297,118089.068937445,115326.311846486,119504.404695225,113956,125063,115996,0.0748095238095238,0.0759090909090909,0.0826,0.0646,0.097,0.124,0.093,0.247627711087889,0.131909043370916,0.263281766613774,226724.479775797,199348.489074056,243239.360235336,0.410046162825704,0.468624142758414,0.392726079505859,1,1,0,44,0.465090909090909,0.5218,0.597
"HCR-C_Ftrgt-0.45_Btrigger-240000_TACconstr-FALSE_BB-FALSE.rds","base",0.45,240000,"C",FALSE,FALSE,107297,118221.049089769,113924.609419865,120483.832169574,113231.5,117324.5,116267.5,0.067952380952381,0.0734545454545455,0.059,0.0648,0.093,0.084,0.081,0.262201710542708,0.140783318690396,0.270489313474205,232960.04210821,208922.799000734,247948.218493158,0.399276545328929,0.438535507111799,0.38806387155973,1,1,0,50,0.524411310119102,0.556,0.7104
"HCR-C_Ftrgt-0.45_Btrigger-2e+05_TACconstr-FALSE_BB-FALSE.rds","base",0.45,2e+05,"C",FALSE,FALSE,107297,118068.117323833,116890.727122525,118081.466853194,114724.5,126425,114525,0.0792857142857143,0.0777272727272727,0.092,0.07,0.097,0.137,0.098,0.231965203987981,0.126317071399853,0.25012565442102,221008.659681457,195967.38940348,235774.370603339,0.419477032068409,0.481195104709105,0.401230613504555,1,1,0,43,0.401945631421038,0.472694538907782,0.280856171234247
"HCR-C_Ftrgt-0.5_Btrigger-170000_TACconstr-FALSE_BB-FALSE.rds","base",0.5,170000,"C",FALSE,FALSE,107297,115482.387135141,123107.37261033,114402.474212415,112068.5,133334.5,109961.5,0.145619047619048,0.145090909090909,0.1634,0.129,0.185,0.264,0.197,0.257543376819684,0.200520653748017,0.274223445344811,190767.880408421,176939.65761471,205999.103092009,0.464860475882879,0.566236431710677,0.43530594244731,1,1,0,140,0.395581416492408,0.4848,0.195878351340536
"HCR-C_Ftrgt-0.5_Btrigger-170000_TACconstr-TRUE_BB-TRUE.rds","base",0.5,170000,"C",TRUE,TRUE,107297,113411.625690799,122498.668554762,117117.308684194,108107.3,125357.85,109460.05,0.15047619047619,0.146818181818182,0.18,0.129,0.189,0.318,0.203,0.380660520638893,0.298904001713701,0.455136872145084,189574.631629665,175473.437950112,206146.429463684,0.450014650619787,0.552923438782775,0.43573994293874,1,1,0,157,0.400818181818182,0.494698939787958,0.191
"HCR-C_Ftrgt-0.5_Btrigger-180000_TACconstr-TRUE_BB-TRUE.rds","base",0.5,180000,"C",TRUE,TRUE,107297,113498.265737623,121947.886134762,117539.316395705,107817.85,125334,109502.75,0.147142857142857,0.144909090909091,0.1772,0.122,0.192,0.305,0.194,0.38585522124291,0.29886023129166,0.460985960709896,192122.945439433,175861.075093908,210670.207786661,0.443886913926244,0.546835588068069,0.427151532420388,1,1,0,152,0.43022092917538,0.524209683873549,0.2218
"HCR-C_Ftrgt-0.5_Btrigger-190000_TACconstr-FALSE_BB-FALSE.rds","base",0.5,190000,"C",FALSE,FALSE,107297,115602.683875911,121803.907538847,115508.945703341,111482,132908,110495,0.139714285714286,0.141272727272727,0.16,0.116,0.187,0.261,0.184,0.274292885253174,0.201921419212468,0.296392842440186,196104.564489801,178020.093365776,215078.159345645,0.453542248161788,0.558663297548564,0.41983179165752,1,1,0,152,0.461363636363636,0.545309061812362,0.26530612244898
"HCR-C_Ftrgt-0.5_Btrigger-190000_TACconstr-TRUE_BB-TRUE.rds","base",0.5,190000,"C",TRUE,TRUE,107297,113550.629384784,121316.345974762,118102.387046109,107217.15,125306.65,109655.1,0.144333333333333,0.141909090909091,0.1762,0.1178,0.197,0.3,0.191,0.390095573141346,0.299828973132412,0.469972986069175,194920.30267201,176101.371898982,214887.849797815,0.438987926792242,0.543031101716716,0.418473871056038,1,1,0,168,0.460818181818182,0.5582,0.2622
"HCR-C_Ftrgt-0.5_Btrigger-210000_TACconstr-FALSE_BB-FALSE.rds","base",0.5,210000,"C",FALSE,FALSE,107297,115670.693766709,120184.409082791,117163.937324805,110332.5,132459,111480,0.133333333333333,0.136181818181818,0.153,0.1074,0.188,0.244,0.17,0.288951768408067,0.203373905247914,0.317586866100604,201413.625033731,179975.206444993,225577.219660312,0.440193657984997,0.547210825212208,0.405574680894348,1,1,0,156,0.518319847258842,0.5926,0.363545418167267
"HCR-C_Ftrgt-0.5_Btrigger-210000_TACconstr-TRUE_BB-TRUE.rds","base",0.5,210000,"C",TRUE,TRUE,107297,113665.572524927,119766.346366116,119578.955049304,106567.9,125187.85,110433.15,0.13547619047619,0.135,0.1656,0.1064,0.198,0.269,0.176,0.401023836892566,0.30341801304194,0.483813303827291,200389.846546701,177662.000329085,223449.111412746,0.427797959702353,0.530666239466195,0.403333843333901,1,1,0,166,0.520636363636364,0.602920584116823,0.359071814362873
"HCR-C_Ftrgt-0.5_Btrigger-220000_TACconstr-TRUE_BB-TRUE.rds","base",0.5,220000,"C",TRUE,TRUE,107297,113779.783883466,119040.253035199,120280.111512733,105932.05,123557.85,110719.35,0.130952380952381,0.132636363636364,0.1574,0.1008,0.196,0.256,0.162,0.40635772749723,0.30629942144287,0.482338099900089,203669.599183857,180023.862312674,227657.678915247,0.419929965410065,0.519933554217734,0.399609266256677,1,1,0,161,0.545776888808074,0.6222,0.6136
"HCR-C_Ftrgt-0.5_Btrigger-230000_TACconstr-FALSE_BB-FALSE.rds","base",0.5,230000,"C",FALSE,FALSE,107297,116093.904701995,118961.184899352,118180.526709862,109532.940114802,131098,111529,0.123380952380952,0.131818181818182,0.1266,0.1016,0.184,0.193,0.16,0.305895358483271,0.159255576620143,0.327356450120775,207699.523052994,187144.735306232,232253.332110062,0.426846299300601,0.520328990658677,0.394946285875689,1,1,0,149,0.565960541867442,0.6336,0.674734946989398
"HCR-C_Ftrgt-0.5_Btrigger-230000_TACconstr-TRUE_BB-TRUE.rds","base",0.5,230000,"C",TRUE,TRUE,107297,114073.422146661,118438.285728549,120654.8295105,105514.3,119486.7,110710.7,0.123857142857143,0.128909090909091,0.1384,0.0982,0.19,0.234,0.155,0.410078609434661,0.309959804940777,0.483592104928662,207273.02477475,184164.183553328,230970.714314103,0.413345465351333,0.501759780584027,0.394260146982399,1,1,0,157,0.570818181818182,0.639127825565113,0.669
"HCR-C_Ftrgt-0.5_Btrigger-2e+05_TACconstr-TRUE_BB-TRUE.rds","base",0.5,2e+05,"C",TRUE,TRUE,107297,113622.463137238,120596.332331817,118754.622308481,106848.45,125262.45,109871.75,0.14047619047619,0.139090909090909,0.172,0.112,0.199,0.287,0.185,0.395370025298785,0.302434433954708,0.476099668286219,197471.884559542,176547.061150008,219055.189827678,0.43383586559923,0.538304974488242,0.411840185319507,1,1,0,162,0.491454545454545,0.583316663332667,0.3052
"HCR-C_Ftrgt-0.536_Btrigger-230000_TACconstr-TRUE_BB-TRUE.rds","base",0.536,230000,"C",TRUE,TRUE,107297,111997.7171904,120064.553262652,121312.295285251,102769.3,125949.6,109582.75,0.16152380952381,0.171090909090909,0.1828,0.1192,0.25,0.304,0.192,0.432182278086661,0.306087875536989,0.505635313031763,193459.988581939,175019.412735935,224006.438123847,0.421643895147921,0.537704035296286,0.400972428457559,1,1,0,301,0.615146831530139,0.6752,0.684736947389478
"HCR-C_Ftrgt-0.536_Btrigger-250000_TACconstr-FALSE_BB-FALSE.rds","base",0.536,250000,"C",FALSE,FALSE,107297,114640.45033918,120077.432239401,118225.142061933,105105,130017.5,108398.037672901,0.148047619047619,0.164454545454545,0.1364,0.1236,0.222,0.215,0.188,0.356448886248303,0.165967018912086,0.369256492416297,200777.101278523,185972.180313268,229557.297372653,0.42224977065003,0.524596401845166,0.385003921287957,1,1,0,283,0.648090909090909,0.7016,0.783356671334267
"M01_HCR-A_Ftrgt-0.21_Btrigger-210000_TACconstr-TRUE_BB-TRUE.rds","M01",0.21,210000,"A",TRUE,TRUE,90094,131501.651836364,63585.4937462608,127944.34204,125503.85,56746.5,122428.4,0.00114285714285714,0,0.0048,0,0,0.018,0,0.357215455688967,0.356052268781925,0.393516533134731,669747.00607003,297655.283196305,600804.902391962,0.207794061129018,0.168939415511236,0.219322258471375,1,1,0,0,0,0.0028,0.62872574514903
"M01_HCR-A_Ftrgt-0.21_Btrigger-250000_TACconstr-FALSE_BB-FALSE.rds","M01",0.21,250000,"A",FALSE,FALSE,90094,133923.265093577,62688.3152,126902.635832095,130078,51353,122684.5,0.00114285714285714,0,0.0048,0,0,0.018,0,0.122521265158925,0.402913705843798,0.149183591427121,674512.628587227,313470.399148141,616736.459879306,0.213290191455469,0.156334383344896,0.214167921071218,1,1,0,0,0,0.00740148029605921,0.7554
"M01_HCR-A_Ftrgt-0.315_Btrigger-250000_TACconstr-FALSE_BB-FALSE.rds","M01",0.315,250000,"A",FALSE,FALSE,90094,130378.058636364,80008.2719581225,139159.3292,126473.5,66715,134631.5,0.00147619047619048,0,0.006,2e-04,0,0.018,0.001,0.133606031857645,0.346393416309271,0.15909636192768,396640.645572819,271315.154489147,425611.175719035,0.32144389952451,0.231181488017893,0.326430095036939,1,1,0,0,0.0481818181818182,0.0552,0.808561712342469
"M01_HCR-A_Ftrgt-0.35_Btrigger-250000_TACconstr-FALSE_BB-FALSE.rds","M01",0.35,250000,"A",FALSE,FALSE,90094,127838.077,84640.378162058,139876.573098511,124462,70972,135710,0.00223809523809524,0.000909090909090909,0.0066,8e-04,0.002,0.018,0.003,0.141965649109143,0.329401917946283,0.168916651999279,342538.278283413,257697.421545933,378628.185597414,0.35465373159499,0.257094996766857,0.36224765309559,1,1,0,0,0.123272727272727,0.103420684136827,0.826765353070614
"M01_HCR-A_Ftrgt-0.369_Btrigger-210000_TACconstr-TRUE_BB-TRUE.rds","M01",0.369,210000,"A",TRUE,TRUE,90094,124382.632178794,89105.06578,137057.092188699,118337.5,77644.5,130568.65,0.00428571428571429,0.00281818181818182,0.0102,0.0016,0.007,0.022,0.004,0.345559477760884,0.320259045868141,0.376994662900566,310591.811045175,228490.214189453,340060.604552087,0.365829519739021,0.309422879967156,0.37877037800282,1,1,0,2,0.0898181818181818,0.1066,0.7058
"M01_HCR-A_Ftrgt-0.385_Btrigger-250000_TACconstr-FALSE_BB-FALSE.rds","M01",0.385,250000,"A",FALSE,FALSE,90094,125419.833738659,88901.2326,139151.767833344,122798.5,74807.5,135975,0.00523809523809524,0.00472727272727273,0.0076,0.004,0.006,0.018,0.01,0.158503561204429,0.311296018418729,0.181456133538606,304287.597733544,244056.400849127,338879.063193082,0.383833568592239,0.283957384933619,0.396304692566521,1,1,0,1,0.231111919265388,0.1768,0.8384
"M01_HCR-A_Ftrgt-0.41_Btrigger-210000_TACconstr-TRUE_BB-TRUE.rds","M01",0.41,210000,"A",TRUE,TRUE,90094,121932.260443225,94047.4044,134492.481735444,116002.8,83614.5,127927.15,0.0111904761904762,0.0108181818181818,0.0166,0.0066,0.016,0.032,0.012,0.340481899940737,0.281821081304738,0.365675250248772,269399.462651596,212006.378988404,299369.614391168,0.400536588623166,0.352368204897175,0.408398853827423,1,1,0,5,0.186454545454545,0.2024,0.7276
"M01_HCR-A_Ftrgt-0.451_Btrigger-210000_TACconstr-TRUE_BB-TRUE.rds","M01",0.451,210000,"A",TRUE,TRUE,90094,120036.235616068,98360.9638285932,130796.30897897,114407.7,90238.5,124462.15,0.0267142857142857,0.0275454545454545,0.0298,0.0218,0.038,0.041,0.027,0.33680674399001,0.227587752568788,0.354335261927305,241776.070404749,196415.552353666,269865.612567375,0.430452687066538,0.397073027210131,0.429854470985837,1,1,0,29,0.292363636363636,0.3114,0.7468
"M01_HCR-A_Ftrgt-0.536_Btrigger-210000_TACconstr-TRUE_BB-TRUE.rds","M01",0.536,210000,"A",TRUE,TRUE,90094,116289.231550824,105113.058483975,122505.176803953,110144.35,103454.5,114231.7,0.091,0.0982727272727273,0.0896,0.0764,0.129,0.135,0.116,0.355459887881664,0.181303915311746,0.374491823903932,201588.455784426,169579.492355587,232487.964701866,0.478994133501359,0.498453456130741,0.445528823056295,1,1,0,157,0.448909090909091,0.511702340468094,0.7752
"M01_HCR-A_Ftrgt-0.536_Btrigger-250000_TACconstr-FALSE_BB-FALSE.rds","M01",0.536,250000,"A",FALSE,FALSE,90094,117999.704817615,102892.537406804,127054.618322076,111667.5,90339,122661.5,0.0750952380952381,0.0901818181818182,0.0366,0.0804,0.112,0.057,0.105,0.28367263500723,0.225419798634577,0.273634567784924,216536.133201282,195194.005969788,238754.776505489,0.466530180264482,0.414691655480097,0.480468452351205,1,1,0,162,0.550181818181818,0.5262,0.8886
"M01_HCR-A1_Ftrgt-0.21_Btrigger-230000_TACconstr-TRUE_BB-TRUE.rds","M01",0.21,230000,"A1",TRUE,TRUE,90094,131709.448136364,62843.518,128863.75764,125926.7,56502.15,123595.65,0.0010952380952381,0,0.0046,0,0,0.018,0,0.350912952695697,0.545946321172204,0.393026959794275,670565.243220397,305778.020659844,604464.702831299,0.20775691406236,0.161424946767379,0.21982560188642,1,1,0,0,0,0.004,0.6946
"M01_HCR-A1_Ftrgt-0.324_Btrigger-230000_TACconstr-TRUE_BB-TRUE.rds","M01",0.324,230000,"A1",TRUE,TRUE,90094,127777.472190909,81712.26168,139734.9366,121756.2,72036.65,133572.3,0.00171428571428571,0.000181818181818182,0.0064,4e-04,0.001,0.018,0.001,0.34353876504566,0.512753430797876,0.385777204483957,376695.001061206,257082.812523365,399868.397637881,0.323571857903794,0.250372407776337,0.342184162036902,1,1,0,0,0.0410909090909091,0.0522,0.7538
"M01_HCR-A1_Ftrgt-0.36_Btrigger-230000_TACconstr-TRUE_BB-TRUE.rds","M01",0.36,230000,"A1",TRUE,TRUE,90094,125264.757336364,86417.92316,139590.01912,119564.2,75216.7,133289.6,0.0029047619047619,0.00181818181818182,0.007,0.0012,0.005,0.018,0.003,0.345489273710714,0.467353113578374,0.387506225803617,324551.934527464,242964.994128551,355010.044685174,0.35719771356069,0.279248200522919,0.377501376233156,1,1,0,0,0.106,0.1064,0.7766
"M01_HCR-A1_Ftrgt-0.396_Btrigger-230000_TACconstr-TRUE_BB-TRUE.rds","M01",0.396,230000,"A1",TRUE,TRUE,90094,122951.002220704,90648.65186,138172.975542117,117514.05,78391.2,132250.1,0.00638095238095238,0.00590909090909091,0.0096,0.0042,0.009,0.018,0.01,0.350762912536578,0.423698365629956,0.394911134483428,287093.198010983,229099.962735444,315748.160110381,0.386780749708548,0.309285811267548,0.407034020597198,1,1,0,3,0.202363636363636,0.183073229291717,0.7944
"M01_HCR-A1_Ftrgt-0.536_Btrigger-230000_TACconstr-TRUE_BB-TRUE.rds","M01",0.536,230000,"A1",TRUE,TRUE,90094,116353.085913514,103076.761200051,126725.543755513,109508,87559.7,119466.4,0.0788571428571429,0.0899090909090909,0.06,0.0734,0.114,0.102,0.086,0.391065594993292,0.33931592753385,0.45094785549583,207443.813575606,182122.162919863,235007.524373338,0.468387568077319,0.438117754046725,0.466129032170114,1,1,0,152,0.501954723156651,0.522208883553421,0.8426
"M01_HCR-B_Ftrgt-0.21_Btrigger-220000_TACconstr-TRUE_BB-TRUE.rds","M01",0.21,220000,"B",TRUE,TRUE,90094,131627.607366305,63446.3320378046,128150.3812,125834.35,57951.15,122687.35,0.00114285714285714,0,0.0048,0,0,0.018,0,0.351033182608034,0.543142686039148,0.394559144165971,669500.99028861,302409.413607226,600831.765971796,0.207890355964315,0.166450353104376,0.21984636646204,1,1,0,0,0,0.003,0.660732146429286
"M01_HCR-B_Ftrgt-0.21_Btrigger-2e+05_TACconstr-FALSE_BB-FALSE.rds","M01",0.21,2e+05,"B",FALSE,FALSE,90094,133526.420363636,65855.5442,123058.3586,129668.5,59227,118375,0.00119047619047619,0,0.005,0,0,0.018,0,0.117757366426322,0.322283070332821,0.147508745813789,670138.867361601,294386.465784047,595498.001563552,0.21364185589443,0.17856628127243,0.211511310308413,1,1,0,0,0,0.0022,0.576
"M01_HCR-B_Ftrgt-0.351_Btrigger-220000_TACconstr-TRUE_BB-TRUE.rds","M01",0.351,220000,"B",TRUE,TRUE,90094,125877.349754545,86078.11194,138346.078756242,119959.3,75696.9,132301.85,0.00257142857142857,0.00127272727272727,0.0072,8e-04,0.003,0.018,0.003,0.343665098664181,0.458539928280808,0.388323978034216,334085.767575828,241307.067786711,360538.288686316,0.350330494166952,0.280981579082306,0.367146021274187,1,1,0,0,0.071,0.0792475485291175,0.731
"M01_HCR-B_Ftrgt-0.351_Btrigger-2e+05_TACconstr-FALSE_BB-FALSE.rds","M01",0.351,2e+05,"B",FALSE,FALSE,90094,127669.241636364,89079.4964,132241.4972,123579,79403,127135,0.00328571428571429,0.00136363636363636,0.01,8e-04,0.003,0.022,0.003,0.133836195409342,0.26263208632598,0.157004757605842,333888.636661588,230702.677069969,355127.859614041,0.360085298110061,0.310107554123168,0.351347517586099,1,1,0,0,0.0439090909090909,0.0722,0.6394
"M01_HCR-B_Ftrgt-0.39_Btrigger-220000_TACconstr-TRUE_BB-TRUE.rds","M01",0.39,220000,"B",TRUE,TRUE,90094,123299.962827664,90790.84416,136975.940144869,117900.5,79213.9,131437.45,0.00619047619047619,0.00545454545454545,0.0108,0.0032,0.009,0.018,0.008,0.349729972964027,0.409485552720502,0.396028427782642,290196.365502449,226933.063893264,317679.464211228,0.384519812745274,0.315717081383874,0.400890241852699,1,1,0,2,0.159090909090909,0.1612,0.7512
"M01_HCR-B_Ftrgt-0.39_Btrigger-2e+05_TACconstr-FALSE_BB-FALSE.rds","M01",0.39,2e+05,"B",FALSE,FALSE,90094,125088.557223776,93879.6534,130565.3426,121711.5,83909,126380.5,0.00771428571428571,0.00609090909090909,0.0152,0.0038,0.01,0.032,0.009,0.145527155846364,0.254839962259519,0.166672455608436,288173.26132547,214699.784136784,313341.609577469,0.397976840586702,0.352750687215792,0.385726929803043,1,1,0,1,0.114828620783708,0.1476,0.6556
"M01_HCR-B_Ftrgt-0.429_Btrigger-220000_TACconstr-TRUE_BB-TRUE.rds","M01",0.429,220000,"B",TRUE,TRUE,90094,121154.623266632,94900.21604,134451.200591954,115784.65,81300.95,129140.1,0.015,0.0157272727272727,0.0162,0.0122,0.022,0.023,0.019,0.356889554153825,0.362851699882767,0.40978128703216,258222.319854031,211716.708900731,286122.895499219,0.413043221478688,0.350637073499657,0.430164488650378,1,1,0,11,0.263205745976907,0.259651930386077,0.7724
"M01_HCR-B_Ftrgt-0.429_Btrigger-2e+05_TACconstr-FALSE_BB-FALSE.rds","M01",0.429,2e+05,"B",FALSE,FALSE,90094,122944.025290924,98038.708,127773.324681419,120404.5,90377,124568,0.019,0.0181818181818182,0.0262,0.0136,0.022,0.041,0.019,0.16895085681769,0.222958761464726,0.188226998734446,254677.293727265,199231.941701726,281848.822367687,0.433028543142291,0.396800908776844,0.413694671489824,1,1,0,8,0.204454545454545,0.2506,0.6722
"M01_HCR-B_Ftrgt-0.536_Btrigger-220000_TACconstr-TRUE_BB-TRUE.rds","M01",0.536,220000,"B",TRUE,TRUE,90094,116392.065542211,103458.349531419,125580.069391986,110322.95,90519.65,118735.7,0.0824285714285714,0.0905454545454545,0.0746,0.0724,0.114,0.123,0.098,0.393480288444759,0.342430304396612,0.465335791324038,205539.574721841,176198.322194557,234376.534925468,0.474465589616868,0.45978829276446,0.462071520401675,1,1,0,148,0.470315483225748,0.512302460492098,0.8108
"M01_HCR-B_Ftrgt-0.536_Btrigger-2e+05_TACconstr-FALSE_BB-FALSE.rds","M01",0.536,2e+05,"B",FALSE,FALSE,90094,117948.998768766,106111.981625735,118573.901117783,114480,107636,114862.5,0.0972857142857143,0.0995454545454545,0.1096,0.08,0.123,0.155,0.143,0.267552160167505,0.161362855256213,0.321004746454535,201081.179463603,165335.226671364,232309.81949647,0.504348386585918,0.533688251545139,0.443013517158316,1,1,0,159,0.411454545454545,0.504700940188038,0.7182
"M01_HCR-C_Ftrgt-0.21_Btrigger-230000_TACconstr-TRUE_BB-TRUE.rds","M01",0.21,230000,"C",TRUE,TRUE,90094,131709.395018182,62843.53316,128863.78166,125926.7,56502.15,123595.65,0.0010952380952381,0,0.0046,0,0,0.018,0,0.350912952695697,0.545946321172204,0.393026959794275,670565.243220397,305778.020659844,604464.702831299,0.20775691406236,0.161424946767379,0.21982560188642,1,1,0,0,0,0.004,0.6946
"M01_HCR-C_Ftrgt-0.21_Btrigger-250000_TACconstr-FALSE_BB-FALSE.rds","M01",0.21,250000,"C",FALSE,FALSE,90094,133923.289911759,62688.449,126902.280032095,130078,51353,122684.5,0.00114285714285714,0,0.0048,0,0,0.018,0,0.122521265158925,0.402913705843798,0.149183591427121,674512.628587227,313470.399148141,616736.459879306,0.213290191455469,0.156334383344896,0.214167921071218,1,1,0,0,0,0.00740148029605921,0.7554
"M01_HCR-C_Ftrgt-0.315_Btrigger-250000_TACconstr-FALSE_BB-FALSE.rds","M01",0.315,250000,"C",FALSE,FALSE,90094,130377.833181818,80008.8701581225,139158.6494,126473.5,66715,134631.5,0.00147619047619048,0,0.006,2e-04,0,0.018,0.001,0.133606031857645,0.346393416309271,0.15909636192768,396640.645572819,271315.154489147,425611.175719035,0.32144389952451,0.231181488017893,0.326430095036939,1,1,0,0,0.0481818181818182,0.0552,0.808561712342469
"M01_HCR-C_Ftrgt-0.324_Btrigger-230000_TACconstr-TRUE_BB-TRUE.rds","M01",0.324,230000,"C",TRUE,TRUE,90094,127777.562918182,81712.35428,139734.72976,121756.2,72036.65,133572.3,0.00171428571428571,0.000181818181818182,0.0064,4e-04,0.001,0.018,0.001,0.34353876504566,0.512753430797876,0.385777204483957,376695.001061206,257082.812523365,399868.397637881,0.323571857903794,0.250372407776337,0.342184162036902,1,1,0,0,0.0410909090909091,0.0522,0.7538
"M01_HCR-C_Ftrgt-0.35_Btrigger-250000_TACconstr-FALSE_BB-FALSE.rds","M01",0.35,250000,"C",FALSE,FALSE,90094,127837.778545455,84641.378762058,139875.385298511,124462,70972,135710,0.00223809523809524,0.000909090909090909,0.0066,8e-04,0.002,0.018,0.003,0.141965649109143,0.329401917946283,0.168916651999279,342538.278283413,257697.421545933,378628.185597414,0.35465373159499,0.257094996766857,0.362148517224667,1,1,0,0,0.123272727272727,0.103420684136827,0.826765353070614
"M01_HCR-C_Ftrgt-0.36_Btrigger-230000_TACconstr-TRUE_BB-TRUE.rds","M01",0.36,230000,"C",TRUE,TRUE,90094,125265.168009091,86418.30176,139589.41108,119564.2,75216.7,133289.6,0.0029047619047619,0.00181818181818182,0.007,0.0012,0.005,0.018,0.003,0.345598552300576,0.467353113578374,0.387506225803617,324551.934527464,242964.994128551,355010.044685174,0.35719771356069,0.279248200522919,0.377501376233156,1,1,0,0,0.106,0.1064,0.7766
"M01_HCR-C_Ftrgt-0.385_Btrigger-250000_TACconstr-FALSE_BB-FALSE.rds","M01",0.385,250000,"C",FALSE,FALSE,90094,125419.333920477,88902.7388,139149.622433344,122798.5,74807.5,135975,0.00523809523809524,0.00472727272727273,0.0076,0.004,0.006,0.018,0.01,0.158573208675544,0.310729687411082,0.181456133538606,304287.597733544,244056.400849127,338879.063193082,0.383833568592239,0.283957384933619,0.396304692566521,1,1,0,1,0.231021001909264,0.1768,0.8384
"M01_HCR-C_Ftrgt-0.396_Btrigger-230000_TACconstr-TRUE_BB-TRUE.rds","M01",0.396,230000,"C",TRUE,TRUE,90094,122951.826320704,90649.63522,138171.564362117,117514.05,78391.2,132250.1,0.00638095238095238,0.00590909090909091,0.0096,0.0042,0.009,0.018,0.01,0.350762912536578,0.423698365629956,0.394911134483428,287093.198010983,229099.962735444,315748.160110381,0.386780749708548,0.309285811267548,0.407034020597198,1,1,0,3,0.202454545454545,0.183073229291717,0.7944
"M01_HCR-C_Ftrgt-0.536_Btrigger-230000_TACconstr-TRUE_BB-TRUE.rds","M01",0.536,230000,"C",TRUE,TRUE,90094,116279.87896905,103105.695775685,126761.873868214,109471,87574.9,118792.95,0.0785238095238095,0.0898181818181818,0.0588,0.0734,0.115,0.102,0.087,0.390291742406306,0.339702249960843,0.450127581431894,207197.238122879,181971.663198781,234099.169450762,0.46764828962779,0.437484847773243,0.463879097755576,1,1,0,154,0.501681971088281,0.520704140828166,0.8422
"M01_HCR-C_Ftrgt-0.536_Btrigger-250000_TACconstr-FALSE_BB-FALSE.rds","M01",0.536,250000,"C",FALSE,FALSE,90094,117856.499008252,102904.648806804,127146.591322076,111512,90339,122647,0.0751904761904762,0.0902727272727273,0.0366,0.0806,0.112,0.057,0.106,0.283338974235564,0.225381008206331,0.272966445141632,215484.892749022,195194.005969788,238524.142632026,0.465275563748003,0.414691655480097,0.480209619493427,1,1,0,157,0.554181818181818,0.5264,0.8886
"M03_HCR-A_Ftrgt-0.21_Btrigger-210000_TACconstr-TRUE_BB-TRUE.rds","M03",0.21,210000,"A",TRUE,TRUE,133650,103592.329072727,95384.4889387071,110956.743566384,98540.05,85374.97,106443,0.00147619047619048,9.09090909090909e-05,0.0054,6e-04,0.001,0.012,0.002,0.364565322515628,0.28,0.397086750768863,447922.910637543,347057.13157467,419657.173954401,0.190795428788701,0.216593735884941,0.218748491180562,1,1,0,0,0.00981818181818182,0.0294117647058824,0.047218887555022
"M03_HCR-A_Ftrgt-0.21_Btrigger-250000_TACconstr-FALSE_BB-FALSE.rds","M03",0.21,250000,"A",FALSE,FALSE,133650,105169.830181818,95935.1316,107104.671101359,101968,87401,103634.5,0.00119047619047619,9.09090909090909e-05,0.0042,6e-04,0.001,0.006,0.002,0.117346149842627,0.180611883568536,0.129076035028167,450283.82562151,351979.089652441,422530.49479283,0.196978241034674,0.216538604372604,0.212653526961599,1,1,0,0,0.0403636363636364,0.0748748748748749,0.1246
"M03_HCR-A_Ftrgt-0.315_Btrigger-250000_TACconstr-FALSE_BB-FALSE.rds","M03",0.315,250000,"A",FALSE,FALSE,133650,118071.490454545,124170.379069284,112805.015037196,114986.5,123600.5,110638.5,0.0133333333333333,0.00481818181818182,0.0254,0.02,0.01,0.034,0.039,0.165924149349158,0.108187221950489,0.193467403915832,339958.691787768,291151.061937006,320478.840231971,0.283198641510498,0.346547990594278,0.286354959486216,1,1,0,0,0.31,0.434686937387477,0.186037207441488
"M03_HCR-A_Ftrgt-0.35_Btrigger-250000_TACconstr-FALSE_BB-FALSE.rds","M03",0.35,250000,"A",FALSE,FALSE,133650,120646.933636364,131361.674628859,112797.71079192,117392.5,134829,109313,0.0274761904761905,0.013,0.0526,0.0342,0.025,0.091,0.077,0.190868166361495,0.165479966898834,0.229456848473559,315277.541906891,272971.04728243,301541.769132869,0.307755070321233,0.393808120611497,0.297896139343248,1,1,0,0,0.401636363636364,0.55062024809924,0.2072
"M03_HCR-A_Ftrgt-0.369_Btrigger-210000_TACconstr-TRUE_BB-TRUE.rds","M03",0.369,210000,"A",TRUE,TRUE,133650,120672.987227273,135235.582829341,117917.802178996,114782,127887.75,111823.5,0.0453333333333333,0.0235454545454545,0.0844,0.0542,0.042,0.177,0.105,0.325088710458796,0.294903185336365,0.347570938513027,290757.682109708,262172.83771119,277987.793225621,0.322772891252486,0.415214910468382,0.325516920693302,1,1,0,8,0.308545454545455,0.455982392957183,0.124824964992999
"M03_HCR-A_Ftrgt-0.385_Btrigger-250000_TACconstr-FALSE_BB-FALSE.rds","M03",0.385,250000,"A",FALSE,FALSE,133650,122366.67559853,137379.071883283,113019.443289719,118383,145589.5,107129,0.0507619047619048,0.0295454545454545,0.0928,0.0554,0.047,0.16,0.12,0.217744518065829,0.227234324808902,0.262671838244083,293402.953095229,255066.788026841,284637.406216657,0.330953275115668,0.44240384440319,0.304152731486273,1,1,0,13,0.477818181818182,0.637127425485097,0.225245049009802
"M03_HCR-A_Ftrgt-0.41_Btrigger-210000_TACconstr-TRUE_BB-TRUE.rds","M03",0.41,210000,"A",TRUE,TRUE,133650,122292.709123582,142300.35635343,117117.275467731,116240.3,130509,109853,0.0802380952380952,0.0561818181818182,0.122,0.0914,0.09,0.267,0.189,0.322271559391407,0.309059145346298,0.350395061460824,266186.963955519,248056.019675581,257750.24626163,0.352455609595477,0.465763045499745,0.339362386329335,1,1,0,27,0.397181818181818,0.5618,0.139
"M03_HCR-A_Ftrgt-0.451_Btrigger-210000_TACconstr-TRUE_BB-TRUE.rds","M03",0.451,210000,"A",TRUE,TRUE,133650,122784.429676108,148359.44913177,116046.949547912,115965.85,130509,106305,0.119761904761905,0.0977272727272727,0.1658,0.1222,0.161,0.377,0.262,0.331268496039445,0.326440339337255,0.363974358179696,245656.559092296,235937.650179148,242499.330925691,0.378023234821862,0.515234029772022,0.347722254717151,1,1,0,91,0.474181818181818,0.640728145629126,0.146429285857171
"M03_HCR-A_Ftrgt-0.536_Btrigger-210000_TACconstr-TRUE_BB-TRUE.rds","M03",0.536,210000,"A",TRUE,TRUE,133650,120682.009471177,158222.899771205,114431.968087982,110680.9,137139.3,99859.5,0.219809523809524,0.212636363636364,0.256,0.1994,0.327,0.604,0.439,0.371330453674146,0.352936885814013,0.414202393777369,208119.329618072,214318.637789645,216710.008940576,0.41699450858311,0.625440075619068,0.351692115270587,1,1,0,380,0.592090909090909,0.739547909581916,0.165433086617323
"M03_HCR-A_Ftrgt-0.536_Btrigger-250000_TACconstr-FALSE_BB-FALSE.rds","M03",0.536,250000,"A",FALSE,FALSE,133650,120123.416929122,153420.813890422,117095.448754458,109732.5,172022.5,104194.5,0.207095238095238,0.188363636363636,0.3038,0.1516,0.315,0.551,0.325,0.349798988277875,0.332844231146331,0.445998002489072,222475.711576955,190804.13587516,238662.176730302,0.390243944657674,0.650694914095408,0.337647016374187,1,1,0,369,0.695,0.7852,0.307
"M03_HCR-A1_Ftrgt-0.21_Btrigger-230000_TACconstr-TRUE_BB-TRUE.rds","M03",0.21,230000,"A1",TRUE,TRUE,133650,103582.855381818,95413.46544,111047.488519773,98687,88746.12,106533.75,0.00166666666666667,9.09090909090909e-05,0.0064,4e-04,0.001,0.013,0.001,0.365579394198871,0.270445573686983,0.406346177100209,447999.667852498,343447.479477395,422577.387812547,0.190643256421577,0.219405084128334,0.218814157636007,1,1,0,0,0.0207272727272727,0.055422168867547,0.0854
"M03_HCR-A1_Ftrgt-0.324_Btrigger-230000_TACconstr-TRUE_BB-TRUE.rds","M03",0.324,230000,"A1",TRUE,TRUE,133650,117164.404390909,125056.5538,118314.304042658,112077.7,114845.4,113570.2,0.0174761904761905,0.00609090909090909,0.0362,0.0238,0.013,0.075,0.043,0.359341511195457,0.309686976421804,0.415876403267215,326243.383113442,284886.083740071,308436.511113777,0.283972203410408,0.352084512255242,0.304308622558952,1,1,0,0,0.269181818181818,0.389877975595119,0.1382
"M03_HCR-A1_Ftrgt-0.36_Btrigger-230000_TACconstr-TRUE_BB-TRUE.rds","M03",0.36,230000,"A1",TRUE,TRUE,133650,119539.857927273,132245.232313827,118257.654813804,114350.7,120068.28,113061.6,0.0361904761904762,0.018,0.0688,0.0436,0.032,0.153,0.082,0.362874785082262,0.318586584451819,0.431912307620899,300706.44494873,269799.89000406,288167.386376157,0.310409652131661,0.394496760906806,0.319980437052028,1,1,0,6,0.361818181818182,0.502400960384154,0.153230646129226
"M03_HCR-A1_Ftrgt-0.396_Btrigger-230000_TACconstr-TRUE_BB-TRUE.rds","M03",0.396,230000,"A1",TRUE,TRUE,133650,121218.817785968,138693.030197861,117433.259297105,115544.3,121338.36,110402.2,0.0622857142857143,0.0409090909090909,0.0986,0.073,0.068,0.229,0.142,0.370504043611251,0.336643817369837,0.453543704993757,279167.982821873,258553.067550537,269291.484905903,0.335290912829061,0.434898759722304,0.330217316399961,1,1,0,22,0.442454545454545,0.593837535014006,0.1602
"M03_HCR-A1_Ftrgt-0.536_Btrigger-230000_TACconstr-TRUE_BB-TRUE.rds","M03",0.536,230000,"A1",TRUE,TRUE,133650,120094.851893499,156939.931784774,114810.24424341,109710.4,140305.45,97226.45,0.205809523809524,0.198545454545455,0.2392,0.1884,0.321,0.591,0.427,0.41953995580343,0.370027460574959,0.526966464760008,214131.04409747,221290.428793355,223595.630699775,0.403820724109662,0.603960322847035,0.336097600125033,1,1,0,361,0.643090909090909,0.779555911182236,0.190076030412165
"M03_HCR-B_Ftrgt-0.21_Btrigger-220000_TACconstr-TRUE_BB-TRUE.rds","M03",0.21,220000,"B",TRUE,TRUE,133650,103588.3984,95143.6899479437,111160.288257863,98655.85,85414.55,106487.3,0.00138095238095238,9.09090909090909e-05,0.0052,4e-04,0.001,0.011,0.001,0.364842778963313,0.283411879575833,0.404232262815923,447669.969838334,346978.743538322,421301.110754553,0.190834006089047,0.216115665765465,0.219506919937025,1,1,0,0,0.0152727272727273,0.0374149659863946,0.0618123624724945
"M03_HCR-B_Ftrgt-0.21_Btrigger-2e+05_TACconstr-FALSE_BB-FALSE.rds","M03",0.21,2e+05,"B",FALSE,FALSE,133650,105201.026727273,96718.613,106846.932301359,101828,87620,102904.5,0.00119047619047619,9.09090909090909e-05,0.0042,6e-04,0.001,0.006,0.002,0.116080695194037,0.174399176808742,0.125482221310739,449050.848223997,351331.888067875,419714.053425528,0.197261494753068,0.218909619289116,0.213177183569198,1,1,0,0,0.00681818181818182,0.0184184184184184,0.0322
"M03_HCR-B_Ftrgt-0.351_Btrigger-220000_TACconstr-TRUE_BB-TRUE.rds","M03",0.351,220000,"B",TRUE,TRUE,133650,119162.964809091,130848.93332272,118777.285925245,113947.75,122719.95,114475.45,0.0324761904761905,0.0153636363636364,0.0644,0.0382,0.031,0.133,0.071,0.360962260234424,0.308388877510972,0.429753200461312,304475.958327453,270956.250075621,291848.158703999,0.306811085814703,0.388642504577682,0.322066835995634,1,1,0,3,0.303272727272727,0.432886577315463,0.133226645329066
"M03_HCR-B_Ftrgt-0.351_Btrigger-2e+05_TACconstr-FALSE_BB-FALSE.rds","M03",0.351,2e+05,"B",FALSE,FALSE,133650,121429.239090909,133500.044632207,114270.34999775,117923.5,135196.5,112389,0.0317619047619048,0.0147272727272727,0.0562,0.0448,0.03,0.101,0.094,0.173574859390694,0.16647358215835,0.202697830893636,303309.357097512,271558.371243011,284736.113270801,0.32179557935885,0.4040040049461,0.321474743915169,1,1,0,2,0.223818181818182,0.363472694538908,0.0962192438487698
"M03_HCR-B_Ftrgt-0.39_Btrigger-220000_TACconstr-TRUE_BB-TRUE.rds","M03",0.39,220000,"B",TRUE,TRUE,133650,120962.640072587,137831.191330321,118707.747058581,115653,130509,113294.1,0.0614761904761905,0.0386363636363636,0.1054,0.0678,0.061,0.22,0.132,0.369632576244971,0.310563188908047,0.455098067236473,280136.630628148,254154.803626258,273669.566964746,0.33455123133405,0.439903998928639,0.337372418533415,1,1,0,18,0.392272727272727,0.542216886754702,0.153
"M03_HCR-B_Ftrgt-0.39_Btrigger-2e+05_TACconstr-FALSE_BB-FALSE.rds","M03",0.39,2e+05,"B",FALSE,FALSE,133650,123326.547921835,140365.777009159,114511.3250588,120134,147140.5,112715,0.062047619047619,0.0380909090909091,0.104,0.0728,0.054,0.19,0.147,0.205088756648901,0.216841605422448,0.247319248230723,277186.135561493,252355.682652174,267335.760687463,0.35376598778052,0.459009484887917,0.341264407456421,1,1,0,17,0.314363636363636,0.471188475390156,0.12002400480096
"M03_HCR-B_Ftrgt-0.429_Btrigger-220000_TACconstr-TRUE_BB-TRUE.rds","M03",0.429,220000,"B",TRUE,TRUE,133650,121867.536005408,143918.905795916,117841.288098318,115760.9,130509,110520.75,0.094952380952381,0.0721818181818182,0.1406,0.0994,0.116,0.319,0.209,0.381810064328154,0.331698817099987,0.471603781192276,259319.697185268,241753.380498021,257527.510763516,0.360108698140248,0.484221141788044,0.344847033795606,1,1,0,49,0.465454545454545,0.620448179271709,0.1582
"M03_HCR-B_Ftrgt-0.429_Btrigger-2e+05_TACconstr-FALSE_BB-FALSE.rds","M03",0.429,2e+05,"B",FALSE,FALSE,133650,123954.821789878,146007.286057403,114903.643357597,120513,157626.5,111484.5,0.101238095238095,0.0751818181818182,0.1536,0.1062,0.102,0.28,0.226,0.240878892364845,0.239592648485477,0.29079673784506,255352.533797992,235259.920387346,252616.775404335,0.3808421699234,0.516876437579558,0.355592814540468,1,1,0,39,0.391818181818182,0.559823929571829,0.1436
"M03_HCR-B_Ftrgt-0.536_Btrigger-220000_TACconstr-TRUE_BB-TRUE.rds","M03",0.536,220000,"B",TRUE,TRUE,133650,119522.536453621,156624.007522911,116070.772378312,109446.45,136729.65,99890.05,0.214238095238095,0.207454545454545,0.2536,0.1898,0.318,0.597,0.422,0.437135562884706,0.362172675175764,0.555736427926694,211474.273761106,214280.920672051,224204.452091812,0.408727198507492,0.615513162482034,0.348012673500847,1,1,0,361,0.610363636363636,0.747848709225535,0.183636727345469
"M03_HCR-B_Ftrgt-0.536_Btrigger-2e+05_TACconstr-FALSE_BB-FALSE.rds","M03",0.536,2e+05,"B",FALSE,FALSE,133650,119784.707412544,155997.808991676,117600.935893503,111910.5,172591,108312,0.237428571428571,0.225363636363636,0.3114,0.19,0.349,0.555,0.38,0.367610260929074,0.314827545135789,0.454252305927899,206210.185700413,189811.666129864,221695.697907776,0.430858975938305,0.67596464927222,0.387070418742285,1,1,0,399,0.561818181818182,0.6844,0.209
"M03_HCR-C_Ftrgt-0.21_Btrigger-230000_TACconstr-TRUE_BB-TRUE.rds","M03",0.21,230000,"C",TRUE,TRUE,133650,103583.500145455,95003.9853479437,111196.032457863,98684.9,85264.02,106683.75,0.00138095238095238,9.09090909090909e-05,0.0052,4e-04,0.001,0.011,0.001,0.364822153873384,0.282747268047596,0.404791199755492,447820.974668663,346978.743538322,422108.625522968,0.190678201915837,0.215922241190996,0.219463239653762,1,1,0,0,0.0209090909090909,0.0508203281312525,0.0794158831766353
"M03_HCR-C_Ftrgt-0.21_Btrigger-250000_TACconstr-FALSE_BB-FALSE.rds","M03",0.21,250000,"C",FALSE,FALSE,133650,105169.830181818,95935.1316,107104.671101359,101968,87401,103634.5,0.00119047619047619,9.09090909090909e-05,0.0042,6e-04,0.001,0.006,0.002,0.117346149842627,0.180611883568536,0.129076035028167,450283.82562151,351979.089652441,422530.49479283,0.196978241034674,0.216538604372604,0.212653526961599,1,1,0,0,0.0403636363636364,0.0748748748748749,0.1246
"M03_HCR-C_Ftrgt-0.315_Btrigger-250000_TACconstr-FALSE_BB-FALSE.rds","M03",0.315,250000,"C",FALSE,FALSE,133650,118070.005909091,124172.943269284,112803.278837196,114985.5,123600.5,110599.5,0.0133333333333333,0.00481818181818182,0.0254,0.02,0.01,0.034,0.039,0.165942111915932,0.108235659729413,0.193467403915832,339958.691787768,291151.061937006,320478.840231971,0.283173888112075,0.346547990594278,0.286354959486216,1,1,0,0,0.310181818181818,0.434686937387477,0.186037207441488
"M03_HCR-C_Ftrgt-0.324_Btrigger-230000_TACconstr-TRUE_BB-TRUE.rds","M03",0.324,230000,"C",TRUE,TRUE,133650,117163.087390909,125060.24166,118310.402862658,112062.1,114845.4,113570.2,0.0174761904761905,0.00609090909090909,0.0362,0.0238,0.013,0.075,0.043,0.3593276724826,0.309046500034647,0.415752852323676,326243.383113442,284886.083740071,308422.401796107,0.283918865720245,0.352084512255242,0.304308622558952,1,1,0,0,0.269272727272727,0.389877975595119,0.1382
"M03_HCR-C_Ftrgt-0.35_Btrigger-250000_TACconstr-FALSE_BB-FALSE.rds","M03",0.35,250000,"C",FALSE,FALSE,133650,120638.466272727,131367.908428859,112803.26959192,117353,134829,109255,0.0275238095238095,0.0130909090909091,0.0526,0.0342,0.025,0.091,0.077,0.190860231689913,0.165488586994,0.229105816798568,315445.332637051,272971.04728243,301281.094021726,0.307755070321233,0.393808120611497,0.297896139343248,1,1,0,0,0.402272727272727,0.55062024809924,0.2072
"M03_HCR-C_Ftrgt-0.36_Btrigger-230000_TACconstr-TRUE_BB-TRUE.rds","M03",0.36,230000,"C",TRUE,TRUE,133650,119462.074607479,132298.927778593,118536.178681871,114223.4,125257.5,113099.55,0.0374285714285714,0.0183636363636364,0.0736,0.0432,0.032,0.154,0.082,0.363365357040488,0.308256017468344,0.431851460010386,300738.053996634,266622.126068836,288433.445604646,0.310466704145547,0.399428843917036,0.319673392910128,1,1,0,8,0.359974540825605,0.501800720288115,0.1594
"M03_HCR-C_Ftrgt-0.385_Btrigger-250000_TACconstr-FALSE_BB-FALSE.rds","M03",0.385,250000,"C",FALSE,FALSE,133650,122349.726234893,137391.631483283,113034.303089719,118345.5,145589.5,107013.5,0.0507619047619048,0.0295454545454545,0.0928,0.0554,0.047,0.16,0.12,0.217796993140094,0.227525625176401,0.26316539804522,293351.906926284,255066.788026841,284479.716490695,0.330823996014476,0.44240384440319,0.304152731486273,1,1,0,13,0.478181818181818,0.637327465493099,0.225245049009802
"M03_HCR-C_Ftrgt-0.396_Btrigger-230000_TACconstr-TRUE_BB-TRUE.rds","M03",0.396,230000,"C",TRUE,TRUE,133650,120995.78230886,138536.267301375,118311.679078398,115441.9,130509,110917.6,0.0639047619047619,0.0409090909090909,0.1098,0.0686,0.067,0.231,0.139,0.370517861418392,0.314793787960979,0.453773217286911,278745.924660302,252381.119951256,271759.858271957,0.334606245241555,0.444781039832824,0.329955310377576,1,1,0,22,0.441545454545455,0.594318863772755,0.1742
"M03_HCR-C_Ftrgt-0.536_Btrigger-230000_TACconstr-TRUE_BB-TRUE.rds","M03",0.536,230000,"C",TRUE,TRUE,133650,119867.052389139,156451.937152066,115921.192965061,109049.25,135779.55,97885.15,0.20747619047619,0.197,0.253,0.185,0.304,0.594,0.416,0.417195754756548,0.363156353211669,0.504033098113783,214765.654540781,214749.68960764,224159.538077632,0.399981324731931,0.61181173399369,0.341277374204053,1,1,0,339,0.648968088008001,0.77995599119824,0.203640728145629
"M03_HCR-C_Ftrgt-0.536_Btrigger-250000_TACconstr-FALSE_BB-FALSE.rds","M03",0.536,250000,"C",FALSE,FALSE,133650,120356.73524537,153532.973090422,116799.660470768,109886.5,172022.5,102672,0.205285714285714,0.184,0.3038,0.1536,0.303,0.551,0.328,0.344383238639584,0.330851643017315,0.446587340203402,222609.498777589,190770.758924116,236565.77853812,0.389718753091259,0.650694914095408,0.336289951830713,1,1,0,356,0.698454545454545,0.790358071614323,0.307
