file,OM,Ftrgt,Btrigger,HCR,TACconstr,BB,ObsRho,ObsSd,Ftrgt1,Blim,MSYBtrigger,catch_long,catch_short,catch_medium,catch_median_long,catch_median_short,catch_median_medium,risk1_full,risk1_long,risk1_short,risk1_medium,risk3_long,risk3_short,risk3_medium,iav_long,iav_short,iav_medium,iavTAC_long,iavTAC_short,iavTAC_medium,ssb_median_long,ssb_median_short,ssb_median_medium,fbar_median_long,fbar_median_short,fbar_median_medium,recovery_proportion,recovery_time,conv_failed,F_maxed,slope_long,slope_medium,slope_short
MP_saithe_HCR-A_Ftrgt-0.21_Btrigger-140000_TACconstr-FALSE_BB-FALSE_ObsRho--0.12_ObsSd-0.04.rds,MP_saithe,0.21,140000,A,FALSE,FALSE,-0.12,0.04,0.21,107297,149098,113705.647218198,78927.1642004138,106799.26062871,111161.707487577,75999.0165359918,104282.568908934,0.00065,0,0.0026,0,0,0.01,0,0.110955162349622,0.238332346297474,0.114550761123387,0.110904190615333,0.180511887677361,0.114756372949129,491403.505269243,307405.230382213,453855.378674976,0.203937877737545,0.199292965083303,0.200810459085271,1,1,,0,0,0,0.0332
MP_saithe_HCR-A_Ftrgt-0.21_Btrigger-150000_TACconstr-FALSE_BB-FALSE_ObsRho--0.12_ObsSd-0.04.rds,MP_saithe,0.21,150000,A,FALSE,FALSE,-0.12,0.04,0.21,107297,149098,113707.15319428,78905.7558274356,106812.283292101,111161.707487577,76043.2505069265,104287.121037709,6e-04,0,0.0024,0,0,0.01,0,0.110955162349622,0.241392418330712,0.114659429396598,0.110904190615333,0.181345859578818,0.114844058788837,491422.272198773,307546.280160976,453967.82715916,0.203937877737545,0.19928049363075,0.200810459085271,1,1,,0,0,0,0.045
MP_saithe_HCR-A_Ftrgt-0.21_Btrigger-160000_TACconstr-FALSE_BB-FALSE_ObsRho--0.12_ObsSd-0.04.rds,MP_saithe,0.21,160000,A,FALSE,FALSE,-0.12,0.04,0.21,107297,149098,113709.19575567,78874.8119611558,106831.555470672,111161.707487577,76165.8064408819,104321.194528638,6e-04,0,0.0024,0,0,0.01,0,0.110955162349622,0.244332425118228,0.114748616386986,0.110904190615333,0.183672884745046,0.114844058788837,491438.854895719,308235.236678006,454043.587137561,0.203937877737545,0.199155544787721,0.200772262068103,1,1,,0,0,0,0.0628
MP_saithe_HCR-A_Ftrgt-0.21_Btrigger-170000_TACconstr-FALSE_BB-FALSE_ObsRho--0.12_ObsSd-0.04.rds,MP_saithe,0.21,170000,A,FALSE,FALSE,-0.12,0.04,0.21,107297,149098,113711.990285401,78831.4972287726,106858.789867642,111161.707487577,76198.6408035497,104363.330728272,6e-04,0,0.0024,0,0,0.01,0,0.110955162349622,0.248201334720115,0.114844058788837,0.110904190615333,0.186722598317524,0.114659429396598,491509.041932381,308585.998855462,454307.402650879,0.203937877737545,0.199014243242554,0.200695979186053,1,1,,0,1e-04,0,0.084
MP_saithe_HCR-A_Ftrgt-0.21_Btrigger-180000_TACconstr-FALSE_BB-FALSE_ObsRho--0.12_ObsSd-0.04.rds,MP_saithe,0.21,180000,A,FALSE,FALSE,-0.12,0.04,0.21,107297,149098,113715.371075196,78777.3394282804,106892.041797342,111161.707487577,76253.9748990253,104374.372910441,6e-04,0,0.0024,0,0,0.01,0,0.110955162349622,0.254253515498315,0.114593524056007,0.110904526395628,0.190021290068674,0.114677600352543,491555.352203608,308915.874602673,454773.347034285,0.203938635035771,0.19886778490994,0.200709668795648,1,1,,0,1e-04,0,0.1044
MP_saithe_HCR-A_Ftrgt-0.21_Btrigger-190000_TACconstr-FALSE_BB-FALSE_ObsRho--0.12_ObsSd-0.04.rds,MP_saithe,0.21,190000,A,FALSE,FALSE,-0.12,0.04,0.21,107297,149098,113719.471735489,78710.562700954,106932.647749634,111163.893480295,76444.6783967501,104376.926132876,6e-04,0,0.0024,0,0,0.01,0,0.11097089513103,0.26016163123226,0.114206303407537,0.110918946196081,0.192499632289818,0.11451124145843,491588.145429058,310014.436520675,455086.257633302,0.203935391939602,0.198444130746347,0.200686144294753,1,1,,0,1e-04,0,0.1284
MP_saithe_HCR-A_Ftrgt-0.21_Btrigger-210000_TACconstr-FALSE_BB-FALSE_ObsRho--0.12_ObsSd-0.04.rds,MP_saithe,0.21,210000,A,FALSE,FALSE,-0.12,0.04,0.21,107297,149098,113730.618292504,78528.137282247,107041.152228708,111173.575205842,76903.0796006206,104494.256897558,5e-04,0,0.002,0,0,0.01,0,0.110997982205248,0.267781233960424,0.114501715371201,0.110918946196081,0.201410879082878,0.114616350087155,491679.611582109,311477.889082947,455942.161407271,0.203939904303056,0.197466567538079,0.200627258278067,1,1,,0,6e-04,8e-04,0.1942
MP_saithe_HCR-A_Ftrgt-0.21_Btrigger-220000_TACconstr-FALSE_BB-FALSE_ObsRho--0.12_ObsSd-0.04.rds,MP_saithe,0.21,220000,A,FALSE,FALSE,-0.12,0.04,0.21,107297,149098,113737.781747367,78410.454458398,107110.290561182,111175.504141034,77193.5751816637,104587.251581626,5e-04,0,0.002,0,0,0.01,0,0.11097642979005,0.276689481563129,0.114657113098415,0.110918997227671,0.207058757121431,0.114947985627307,491740.181607392,312847.306985682,456574.71914042,0.203955388011539,0.196448755227619,0.200599747887528,1,1,,0,9e-04,0.003,0.226
MP_saithe_HCR-A_Ftrgt-0.21_Btrigger-230000_TACconstr-FALSE_BB-FALSE_ObsRho--0.12_ObsSd-0.04.rds,MP_saithe,0.21,230000,A,FALSE,FALSE,-0.12,0.04,0.21,107297,149098,113745.702718485,78276.1561608449,107188.445364477,111183.623087645,77500.0314061938,104629.263432784,5e-04,0,0.002,0,0,0.01,0,0.11101020949614,0.283234221363802,0.114723598471444,0.110956739971657,0.212477268360946,0.11495021175558,491853.833271119,314718.564207395,457243.602394691,0.203959778501421,0.195660340548422,0.20053287710033,1,1,,0,0.0015,0.0042,0.2604
MP_saithe_HCR-A_Ftrgt-0.21_Btrigger-240000_TACconstr-FALSE_BB-FALSE_ObsRho--0.12_ObsSd-0.04.rds,MP_saithe,0.21,240000,A,FALSE,FALSE,-0.12,0.04,0.21,107297,149098,113754.231124002,78124.1813796556,107275.10759453,111219.43813426,77783.0834496422,104702.147279557,5e-04,0,0.002,0,0,0.01,0,0.111039962483358,0.291148391818216,0.114549588957457,0.111039962483358,0.219054161723218,0.114845729415414,491883.841579597,316405.710667865,457898.821709633,0.203963742775744,0.1947030971575,0.200489052529367,1,1,,0,0.0023,0.0062,0.2918
MP_saithe_HCR-A_Ftrgt-0.21_Btrigger-250000_TACconstr-FALSE_BB-FALSE_ObsRho--0.12_ObsSd-0.04.rds,MP_saithe,0.21,250000,A,FALSE,FALSE,-0.12,0.04,0.21,107297,149098,113762.897380289,77956.8750260564,107368.982027034,111225.9082035,78310.9315834648,104830.007989019,5e-04,0,0.002,0,0,0.01,0,0.111089907161764,0.297948558833484,0.114208446332048,0.111089907161764,0.224186658641566,0.1144539305512,491919.337390065,318029.616791576,458512.405295372,0.203974778461953,0.193942803469528,0.200463441298053,1,1,,0,0.0039,0.0096,0.3274
MP_saithe_HCR-A_Ftrgt-0.21_Btrigger-260000_TACconstr-FALSE_BB-FALSE_ObsRho--0.12_ObsSd-0.04.rds,MP_saithe,0.21,260000,A,FALSE,FALSE,-0.12,0.04,0.21,107297,149098,113772.38400919,77774.4981125839,107469.977041828,111246.13446198,78804.2902726228,104927.219677803,5e-04,0,0.002,0,0,0.01,0,0.111120201902981,0.305858044060431,0.114485645946623,0.111100566515603,0.231149189621155,0.114529104846382,492027.097719421,320417.448560777,459259.435533888,0.203940058418378,0.192371175511152,0.200399345630002,1,1,,0,0.006,0.0134,0.356
MP_saithe_HCR-A_Ftrgt-0.21_Btrigger-270000_TACconstr-FALSE_BB-FALSE_ObsRho--0.12_ObsSd-0.04.rds,MP_saithe,0.21,270000,A,FALSE,FALSE,-0.12,0.04,0.21,107297,149098,113781.945800363,77579.4550714767,107576.437079448,111280.183577785,79249.5097593328,105104.48283521,5e-04,0,0.002,0,0,0.01,0,0.111400370101308,0.314215103351917,0.11456984891156,0.111400370101309,0.237316871986057,0.114834021586372,492087.004678744,322458.957125333,459977.277437707,0.203899649458517,0.190609076862959,0.200411612408879,1,1,,0,0.0088,0.0178,0.382
MP_saithe_HCR-A_Ftrgt-0.21_Btrigger-2e+05_TACconstr-FALSE_BB-FALSE_ObsRho--0.12_ObsSd-0.04.rds,MP_saithe,0.21,2e+05,A,FALSE,FALSE,-0.12,0.04,0.21,107297,149098,113724.456900937,78628.6054404932,106981.843051858,111170.384447489,76644.4527951615,104416.277427254,5e-04,0,0.002,0,0,0.01,0,0.110980299627078,0.265144645117073,0.114624792728273,0.110931514905098,0.196524275242348,0.114732651963345,491635.473438099,310509.243006424,455462.17282443,0.203936619876209,0.197837409189831,0.200612889492196,1,1,,0,1e-04,4e-04,0.1604
MP_saithe_HCR-A_Ftrgt-0.22_Btrigger-140000_TACconstr-FALSE_BB-FALSE_ObsRho--0.12_ObsSd-0.04.rds,MP_saithe,0.22,140000,A,FALSE,FALSE,-0.12,0.04,0.22,107297,149098,114688.724983417,81283.7872501276,108152.80814746,112208.283372462,78255.1558596046,105511.603013378,0.00065,0,0.0026,0,0,0.01,0,0.113398669368339,0.231818756165228,0.117390013187591,0.113235835969462,0.175982249179516,0.117430968180674,470958.015476772,302426.91633399,438001.672889778,0.213573212793658,0.208754618596088,0.210247027222526,1,1,,0,0,0,0.0338
MP_saithe_HCR-A_Ftrgt-0.22_Btrigger-150000_TACconstr-FALSE_BB-FALSE_ObsRho--0.12_ObsSd-0.04.rds,MP_saithe,0.22,150000,A,FALSE,FALSE,-0.12,0.04,0.22,107297,149098,114690.225813611,81262.2276845188,108166.552395267,112208.283372462,78313.434826588,105545.834854242,0.00065,0,0.0026,0,0,0.01,0,0.113398669368339,0.233582782053332,0.117358896060186,0.113235835969462,0.178117479365874,0.117457767175599,470958.015476772,302647.637823926,438243.124787687,0.213573212793658,0.208684084939493,0.210247027222526,1,1,,0,0,0,0.0452
MP_saithe_HCR-A_Ftrgt-0.22_Btrigger-160000_TACconstr-FALSE_BB-FALSE_ObsRho--0.12_ObsSd-0.04.rds,MP_saithe,0.22,160000,A,FALSE,FALSE,-0.12,0.04,0.22,107297,149098,114692.237981532,81231.8838975511,108186.262641812,112209.210319219,78366.3012950485,105545.834854242,6e-04,0,0.0024,0,0,0.01,0,0.113340509558761,0.236263221574028,0.117347674961946,0.113235835969462,0.180124069925677,0.117472835657868,470971.437181102,303029.210924473,438394.281286326,0.213571770709425,0.20859103578254,0.21018384058186,1,1,,0,1e-04,0,0.0636
MP_saithe_HCR-A_Ftrgt-0.22_Btrigger-170000_TACconstr-FALSE_BB-FALSE_ObsRho--0.12_ObsSd-0.04.rds,MP_saithe,0.22,170000,A,FALSE,FALSE,-0.12,0.04,0.22,107297,149098,114694.925408016,81189.9112710989,108213.564502095,112210.125347853,78418.6649074074,105550.880804581,6e-04,0,0.0024,0,0,0.01,0,0.11326795937581,0.241551395512731,0.117464186204088,0.113235835969462,0.183605189996053,0.117481517697267,471004.269391954,304031.059363566,438724.071491508,0.213571332378447,0.208356338796074,0.21018384058186,1,1,,0,1e-04,0,0.085
MP_saithe_HCR-A_Ftrgt-0.22_Btrigger-180000_TACconstr-FALSE_BB-FALSE_ObsRho--0.12_ObsSd-0.04.rds,MP_saithe,0.22,180000,A,FALSE,FALSE,-0.12,0.04,0.22,107297,149098,114698.258644891,81136.6661067576,108247.462935139,112210.930205062,78551.3550888981,105652.082025607,6e-04,0,0.0024,0,0,0.01,0,0.113236798018768,0.24620605374875,0.117341526720317,0.113199363103842,0.187105639992858,0.117459505830127,471048.403910635,304369.534975056,438999.785249599,0.213570886718119,0.208199969379575,0.210166418408906,1,1,,0,1e-04,0,0.105
MP_saithe_HCR-A_Ftrgt-0.22_Btrigger-190000_TACconstr-FALSE_BB-FALSE_ObsRho--0.12_ObsSd-0.04.rds,MP_saithe,0.22,190000,A,FALSE,FALSE,-0.12,0.04,0.22,107297,149098,114702.308948261,81071.416889546,108288.36535935,112223.497244978,78776.6907532458,105742.080794317,6e-04,0,0.0024,0,0,0.01,0,0.113235835969462,0.25210655985326,0.117244393006894,0.113199363103842,0.190264903296646,0.117245980212678,471051.076023178,305397.103457364,439426.343647077,0.21357249100712,0.207882182576278,0.210113537540199,1,1,,0,1e-04,4e-04,0.1296
MP_saithe_HCR-A_Ftrgt-0.22_Btrigger-210000_TACconstr-FALSE_BB-FALSE_ObsRho--0.12_ObsSd-0.04.rds,MP_saithe,0.22,210000,A,FALSE,FALSE,-0.12,0.04,0.22,107297,149098,114713.674102677,80889.0393473258,108399.18510103,112233.50445671,79236.5044223491,105823.232861122,5e-04,0,0.002,0,0,0.01,0,0.113498756465925,0.261579675334234,0.117052545257902,0.113419729613561,0.199051953610001,0.117362217664947,471063.317556193,307302.040462182,440212.350544939,0.213579471078458,0.206910205128812,0.21011597469563,1,1,,0,0.001,0.0034,0.198
MP_saithe_HCR-A_Ftrgt-0.22_Btrigger-220000_TACconstr-FALSE_BB-FALSE_ObsRho--0.12_ObsSd-0.04.rds,MP_saithe,0.22,220000,A,FALSE,FALSE,-0.12,0.04,0.22,107297,149098,114720.573284894,80772.3415754209,108469.134211989,112245.091592629,79489.3218401028,105887.169698909,5e-04,0,0.002,0,0,0.01,0,0.113380912090536,0.267673290640126,0.117358896060186,0.113380912090536,0.205348991624578,0.117535044272566,471091.632193395,308446.840073546,440527.061788893,0.213584699600042,0.205889935371675,0.209983991771061,1,1,,0,0.0016,0.0042,0.231
MP_saithe_HCR-A_Ftrgt-0.22_Btrigger-230000_TACconstr-FALSE_BB-FALSE_ObsRho--0.12_ObsSd-0.04.rds,MP_saithe,0.22,230000,A,FALSE,FALSE,-0.12,0.04,0.22,107297,149098,114728.14526829,80636.424258544,108549.692750646,112254.357726614,79785.9117726461,106053.356265234,5e-04,0,0.002,0,0,0.01,0,0.11347221510539,0.274053404184664,0.117205118309599,0.113531605362933,0.212049274057522,0.117558799513212,471145.68550542,309883.517013969,441195.982254142,0.213590782506557,0.204873940319382,0.209982786832719,1,1,,0,0.0028,0.0066,0.2656
MP_saithe_HCR-A_Ftrgt-0.22_Btrigger-240000_TACconstr-FALSE_BB-FALSE_ObsRho--0.12_ObsSd-0.04.rds,MP_saithe,0.22,240000,A,FALSE,FALSE,-0.12,0.04,0.22,107297,149098,114736.245117444,80485.3257207841,108635.575793596,112272.4935381,80250.4751624375,106136.56654591,5e-04,0,0.002,0,0,0.01,0,0.113595373174209,0.282112771435855,0.117037184603547,0.113632286757373,0.217398420558157,0.117507948494921,471201.250316312,311492.797152599,441799.04334488,0.21359369953072,0.20382857709509,0.209948618929942,1,1,,0,0.0047,0.01,0.296
MP_saithe_HCR-A_Ftrgt-0.22_Btrigger-250000_TACconstr-FALSE_BB-FALSE_ObsRho--0.12_ObsSd-0.04.rds,MP_saithe,0.22,250000,A,FALSE,FALSE,-0.12,0.04,0.22,107297,149098,114744.884298328,80317.4764577909,108729.11790295,112294.144128732,80740.4085776944,106243.744347827,5e-04,0,0.002,0,0,0.01,0,0.113915621212281,0.288835688992928,0.117482667363643,0.113953451904228,0.222122627228337,0.117519228845345,471304.833136486,313531.457350095,442389.808538425,0.213564393410526,0.202847423970773,0.209919930904684,1,1,,0,0.0068,0.0142,0.334
MP_saithe_HCR-A_Ftrgt-0.22_Btrigger-260000_TACconstr-FALSE_BB-FALSE_ObsRho--0.12_ObsSd-0.04.rds,MP_saithe,0.22,260000,A,FALSE,FALSE,-0.12,0.04,0.22,107297,149098,114753.855771277,80132.9017788498,108831.441488215,112322.196521166,81262.2273880531,106327.963631138,5e-04,0,0.002,0,0,0.01,0,0.11406670659156,0.296466861491416,0.117584220456184,0.114242409216568,0.228490109585915,0.117662295782967,471427.444881614,315575.439269352,443075.236686354,0.213523884359302,0.201290786451571,0.209777599701679,1,1,,0,0.0102,0.019,0.3632
MP_saithe_HCR-A_Ftrgt-0.22_Btrigger-270000_TACconstr-FALSE_BB-FALSE_ObsRho--0.12_ObsSd-0.04.rds,MP_saithe,0.22,270000,A,FALSE,FALSE,-0.12,0.04,0.22,107297,149098,114763.269168514,79933.3567462233,108939.68155609,112342.845480151,81854.4367371536,106440.817278206,5e-04,0,0.002,0,0,0.01,0,0.114407814095187,0.306541887581446,0.118407603920911,0.114520991478339,0.234896914759458,0.117729326048089,471635.402614116,317761.824500534,443919.816228937,0.213492240083566,0.19954205779345,0.209818065988139,1,1,,0,0.0146,0.025,0.3918
MP_saithe_HCR-A_Ftrgt-0.22_Btrigger-2e+05_TACconstr-FALSE_BB-FALSE_ObsRho--0.12_ObsSd-0.04.rds,MP_saithe,0.22,2e+05,A,FALSE,FALSE,-0.12,0.04,0.22,107297,149098,114707.495337469,80990.1278631882,108338.471366835,112228.687998941,79039.112181766,105789.206683337,0.00055,0,0.0022,0,0,0.01,0,0.113360242250591,0.257533766442355,0.117111684246655,0.113269694302603,0.194375539883763,0.117399851053269,471059.565610696,306089.487316488,439851.992631711,0.213575046526467,0.207520869445585,0.210126822510509,1,1,,0,6e-04,8e-04,0.1632
MP_saithe_HCR-A_Ftrgt-0.23_Btrigger-140000_TACconstr-FALSE_BB-FALSE_ObsRho--0.12_ObsSd-0.04.rds,MP_saithe,0.23,140000,A,FALSE,FALSE,-0.12,0.04,0.23,107297,149098,115554.179598955,83548.332299952,109358.364141316,113034.741784614,80544.9330191634,106829.120310316,0.00065,0,0.0026,0,0,0.01,0,0.116324821897494,0.226382167300684,0.119966199200206,0.116334087622393,0.174157266159232,0.119952232135748,452008.983689916,297240.435183929,422475.453110722,0.223244658142201,0.21823667317752,0.21963049186427,1,1,,0,1e-04,0,0.0346
MP_saithe_HCR-A_Ftrgt-0.23_Btrigger-150000_TACconstr-FALSE_BB-FALSE_ObsRho--0.12_ObsSd-0.04.rds,MP_saithe,0.23,150000,A,FALSE,FALSE,-0.12,0.04,0.23,107297,149098,115555.663495963,83527.1360867439,109372.510211259,113034.741784614,80582.9230365052,106813.670774212,0.00065,0,0.0026,0,0,0.01,0,0.116281032174987,0.227846904918258,0.119877088229511,0.116324821897494,0.175813001459613,0.119877088229511,452008.983689916,297563.877545836,422759.735539779,0.223244658142201,0.21811448510061,0.219608271361847,1,1,,0,1e-04,0,0.0464
MP_saithe_HCR-A_Ftrgt-0.23_Btrigger-160000_TACconstr-FALSE_BB-FALSE_ObsRho--0.12_ObsSd-0.04.rds,MP_saithe,0.23,160000,A,FALSE,FALSE,-0.12,0.04,0.23,107297,149098,115557.627742168,83497.6112417232,109392.48127026,113037.859198838,80636.2788908874,106841.112359209,0.00065,0,0.0026,0,0,0.01,0,0.116290819844913,0.230663876389841,0.119877088229511,0.116325486256773,0.176638621249038,0.11982065061235,452051.160916951,297825.143025904,422994.725942179,0.223244318569012,0.218032675527562,0.219599893616265,1,1,,0,1e-04,0,0.0638
MP_saithe_HCR-A_Ftrgt-0.23_Btrigger-170000_TACconstr-FALSE_BB-FALSE_ObsRho--0.12_ObsSd-0.04.rds,MP_saithe,0.23,170000,A,FALSE,FALSE,-0.12,0.04,0.23,107297,149098,115560.235465454,83456.822033069,109419.842075398,113046.223055365,80764.6037200449,106873.049153496,6e-04,0,0.0024,0,0,0.01,0,0.116258284182572,0.234087264494531,0.119952232135748,0.116327211911278,0.178999669084885,0.119934110816207,452064.173391633,298452.956722767,423441.806471419,0.223242587684566,0.217871265869594,0.219607610914433,1,1,,0,1e-04,0,0.0866
MP_saithe_HCR-A_Ftrgt-0.23_Btrigger-180000_TACconstr-FALSE_BB-FALSE_ObsRho--0.12_ObsSd-0.04.rds,MP_saithe,0.23,180000,A,FALSE,FALSE,-0.12,0.04,0.23,107297,149098,115563.571556015,83404.8829415396,109454.021506893,113048.236845223,80866.7256961223,106900.307069834,6e-04,0,0.0024,0,0,0.01,0,0.11625350008511,0.238565820065036,0.119952232135748,0.116327211911278,0.183293377471868,0.119968889440273,452064.173391633,299288.535403527,423820.635016795,0.223241127863079,0.217726644773682,0.219612853691155,1,1,,0,3e-04,4e-04,0.1064
MP_saithe_HCR-A_Ftrgt-0.23_Btrigger-190000_TACconstr-FALSE_BB-FALSE_ObsRho--0.12_ObsSd-0.04.rds,MP_saithe,0.23,190000,A,FALSE,FALSE,-0.12,0.04,0.23,107297,149098,115567.903042496,83340.0842556055,109495.669852179,113050.470206611,81125.7443001788,106982.985942405,6e-04,0,0.0024,0,0,0.01,0,0.116264806019545,0.243770929583456,0.119962908074523,0.116327211911278,0.187334895737843,0.119979217104288,452064.173391633,299912.713858042,423992.251492305,0.223239888868597,0.217507886905384,0.219523659629194,1,1,,0,7e-04,0.001,0.1316
MP_saithe_HCR-A_Ftrgt-0.23_Btrigger-210000_TACconstr-FALSE_BB-FALSE_ObsRho--0.12_ObsSd-0.04.rds,MP_saithe,0.23,210000,A,FALSE,FALSE,-0.12,0.04,0.23,107297,149098,115578.960439501,83158.1043802228,109607.658714984,113059.179190845,81500.5484708865,107099.433597211,0.00055,0,0.0022,0,0,0.01,0,0.116351372091378,0.254996798137673,0.119740712742047,0.11637225512538,0.19719845314395,0.120017999731889,452117.988204361,302374.186230762,424641.045232326,0.223232418180592,0.216350172738934,0.219460188122878,1,1,,0,0.0017,0.0044,0.2014
MP_saithe_HCR-A_Ftrgt-0.23_Btrigger-220000_TACconstr-FALSE_BB-FALSE_ObsRho--0.12_ObsSd-0.04.rds,MP_saithe,0.23,220000,A,FALSE,FALSE,-0.12,0.04,0.23,107297,149098,115585.306797094,83040.5177946662,109678.875932815,113065.489625946,81794.6822695312,107126.67495912,5e-04,0,0.002,0,0,0.01,0,0.11642300245797,0.26072022466806,0.119952232135748,0.116555449342546,0.203914068431946,0.119952232135748,452227.342828829,304078.393554365,425084.637562809,0.223244658142201,0.215215562965082,0.219414561976858,1,1,,0,0.0033,0.0072,0.2366
MP_saithe_HCR-A_Ftrgt-0.23_Btrigger-230000_TACconstr-FALSE_BB-FALSE_ObsRho--0.12_ObsSd-0.04.rds,MP_saithe,0.23,230000,A,FALSE,FALSE,-0.12,0.04,0.23,107297,149098,115592.695513521,82904.6072642262,109758.797076347,113075.724660976,82120.069650529,107276.487559954,5e-04,0,0.002,0,0,0.01,0,0.116524369471585,0.266312027537345,0.119927776987288,0.116561558126617,0.209510647818309,0.119927776987288,452337.654259415,305191.702410944,425860.371718784,0.223254695374572,0.214032503417911,0.219446625826792,1,1,,0,0.005,0.0102,0.2702
MP_saithe_HCR-A_Ftrgt-0.23_Btrigger-240000_TACconstr-FALSE_BB-FALSE_ObsRho--0.12_ObsSd-0.04.rds,MP_saithe,0.23,240000,A,FALSE,FALSE,-0.12,0.04,0.23,107297,149098,115599.662943273,82753.4483126608,109844.345775031,113091.777119403,82560.9159360377,107413.303559566,5e-04,0,0.002,0,0,0.01,0,0.116653648395448,0.273381515819587,0.11996250907902,0.116653648395449,0.215706870996529,0.11996250907902,452498.107277333,307119.360885786,426110.469663909,0.223206904089834,0.212962203745119,0.219385630758883,1,1,,0,0.0082,0.0146,0.3024
MP_saithe_HCR-A_Ftrgt-0.23_Btrigger-250000_TACconstr-FALSE_BB-FALSE_ObsRho--0.12_ObsSd-0.04.rds,MP_saithe,0.23,250000,A,FALSE,FALSE,-0.12,0.04,0.23,107297,149098,115607.419874781,82583.125929608,109938.294952993,113092.379005423,83084.2390237676,107566.910895317,5e-04,0,0.002,0,0,0.01,0,0.116806146713799,0.281401788698366,0.12024892878275,0.116846083831409,0.222031006077836,0.120239439840533,452653.986873126,309091.625780241,426694.215174736,0.22314932000007,0.211941154096078,0.2193616997521,1,1,,0,0.0117,0.02,0.3408
MP_saithe_HCR-A_Ftrgt-0.23_Btrigger-260000_TACconstr-FALSE_BB-FALSE_ObsRho--0.12_ObsSd-0.04.rds,MP_saithe,0.23,260000,A,FALSE,FALSE,-0.12,0.04,0.23,107297,149098,115614.77575765,82394.817619776,110041.557052783,113119.545925607,83726.964914668,107706.489154272,5e-04,0,0.002,0,0,0.01,0,0.117213440045493,0.29017555348738,0.12089600827004,0.117346241041211,0.227549355107803,0.120473365590064,452957.341855784,311100.285896438,427291.457681942,0.223125967975205,0.210399259943176,0.219278128741978,1,1,,0,0.0179,0.027,0.373
MP_saithe_HCR-A_Ftrgt-0.23_Btrigger-270000_TACconstr-FALSE_BB-FALSE_ObsRho--0.12_ObsSd-0.04.rds,MP_saithe,0.23,270000,A,FALSE,FALSE,-0.12,0.04,0.23,107297,149098,115620.907190508,82191.5856260995,110147.83061219,113184.786078225,84221.6330120593,107854.804752272,5e-04,0,0.002,0,0,0.01,0,0.117958832441042,0.299613216446388,0.12086743612338,0.117958832441042,0.234406428815828,0.120451821393651,453173.652059849,313431.660293064,428192.128114135,0.223070534489572,0.208776370266188,0.219102006617534,1,1,,0,0.0247,0.0356,0.3994
MP_saithe_HCR-A_Ftrgt-0.23_Btrigger-2e+05_TACconstr-FALSE_BB-FALSE_ObsRho--0.12_ObsSd-0.04.rds,MP_saithe,0.23,2e+05,A,FALSE,FALSE,-0.12,0.04,0.23,107297,149098,115573.043527479,83258.6064947197,109546.154295776,113056.914805811,81276.9571994905,107063.032579443,6e-04,0,0.0024,0,0,0.01,0,0.116277439743547,0.250447100265713,0.119836874091,0.116334512244043,0.19261270618721,0.120033949732761,452083.951633415,301132.241479727,424140.199827666,0.22323133484964,0.217005335580666,0.219489344572071,1,1,,0,0.001,0.0036,0.1668
MP_saithe_HCR-A_Ftrgt-0.24_Btrigger-140000_TACconstr-FALSE_BB-FALSE_ObsRho--0.12_ObsSd-0.04.rds,MP_saithe,0.24,140000,A,FALSE,FALSE,-0.12,0.04,0.24,107297,149098,116296.430950144,85724.5894213767,110429.294942425,113753.184638846,82705.009879899,107990.830171209,0.00065,0,0.0026,0,0,0.01,0,0.118881606621021,0.219128586605932,0.121898593033823,0.118906254639355,0.171362658582391,0.122243289752992,434646.578851749,292976.905352265,408329.901192631,0.232942522852115,0.227759054998253,0.228907415805282,1,1,,0,1e-04,0,0.0354
MP_saithe_HCR-A_Ftrgt-0.24_Btrigger-150000_TACconstr-FALSE_BB-FALSE_ObsRho--0.12_ObsSd-0.04.rds,MP_saithe,0.24,150000,A,FALSE,FALSE,-0.12,0.04,0.24,107297,149098,116297.926645648,85703.6093698173,110444.018370932,113753.184638846,82742.3055918325,108001.320776205,0.00065,0,0.0026,0,0,0.01,0,0.118877608427735,0.221514744331138,0.121872992062354,0.118899410712239,0.172494582751938,0.122126370802985,434628.368744963,293193.107302471,408494.427414473,0.232947533487697,0.227673569723341,0.228914284328482,1,1,,0,1e-04,0,0.0472
MP_saithe_HCR-A_Ftrgt-0.24_Btrigger-160000_TACconstr-FALSE_BB-FALSE_ObsRho--0.12_ObsSd-0.04.rds,MP_saithe,0.24,160000,A,FALSE,FALSE,-0.12,0.04,0.24,107297,149098,116299.777624864,85675.5650501261,110463.574665302,113753.510293158,82775.7529888647,108023.161264143,0.00065,0,0.0026,0,0,0.01,0,0.118887518163563,0.223819501100846,0.121501646419798,0.118897517974122,0.174370405719214,0.122102831775425,434634.401617173,293505.590717396,408599.712032143,0.232954792688894,0.227579574178733,0.228885020947685,1,1,,0,1e-04,0,0.0646
MP_saithe_HCR-A_Ftrgt-0.24_Btrigger-170000_TACconstr-FALSE_BB-FALSE_ObsRho--0.12_ObsSd-0.04.rds,MP_saithe,0.24,170000,A,FALSE,FALSE,-0.12,0.04,0.24,107297,149098,116302.441792414,85635.7973140275,110491.154176612,113753.510293158,82904.9115462021,108045.742979481,6e-04,0,0.0024,0,0,0.01,0,0.118886583797816,0.228179562922147,0.121690740365664,0.118908010706103,0.177643526448299,0.122045487704856,434683.001148329,293947.747792661,408796.069307834,0.232954905054708,0.227450799080582,0.22885124353786,1,1,,0,3e-04,4e-04,0.0872
MP_saithe_HCR-A_Ftrgt-0.24_Btrigger-180000_TACconstr-FALSE_BB-FALSE_ObsRho--0.12_ObsSd-0.04.rds,MP_saithe,0.24,180000,A,FALSE,FALSE,-0.12,0.04,0.24,107297,149098,116306.173883697,85584.090082773,110525.718523808,113755.267850448,82997.1204695823,108045.91675099,6e-04,0,0.0024,0,0,0.01,0,0.118900405277142,0.233146951336307,0.121607081158662,0.118900405277142,0.182203886681422,0.122045487704856,434758.278098698,294520.941820752,408922.936892301,0.232940576291412,0.227354676959472,0.228864405806599,1,1,,0,7e-04,0.0012,0.108
MP_saithe_HCR-A_Ftrgt-0.24_Btrigger-190000_TACconstr-FALSE_BB-FALSE_ObsRho--0.12_ObsSd-0.04.rds,MP_saithe,0.24,190000,A,FALSE,FALSE,-0.12,0.04,0.24,107297,149098,116310.383202074,85519.5594732738,110567.253051232,113755.267850448,83180.8369016594,108108.378452096,6e-04,0,0.0024,0,0,0.01,0,0.118914776434439,0.236703255846491,0.12188569074473,0.118969429905226,0.186063310883552,0.122263695916587,434771.049137044,295580.519285749,409245.05823029,0.232927857606364,0.226970770602893,0.228812862999689,1,1,,0,0.001,0.0032,0.1346
MP_saithe_HCR-A_Ftrgt-0.24_Btrigger-210000_TACconstr-FALSE_BB-FALSE_ObsRho--0.12_ObsSd-0.04.rds,MP_saithe,0.24,210000,A,FALSE,FALSE,-0.12,0.04,0.24,107297,149098,116320.439380002,85337.2568335382,110680.441192075,113794.017516105,83817.1512211712,108209.368860907,6e-04,0,0.0024,0,0,0.01,0,0.118989533529958,0.24816214950882,0.122133375762805,0.119029735463392,0.194604806186673,0.122414337145422,434836.105222515,297418.284051624,410176.638143206,0.232968536340234,0.225547585901086,0.228666044149103,1,1,,0,0.0034,0.0076,0.2074
MP_saithe_HCR-A_Ftrgt-0.24_Btrigger-220000_TACconstr-FALSE_BB-FALSE_ObsRho--0.12_ObsSd-0.04.rds,MP_saithe,0.24,220000,A,FALSE,FALSE,-0.12,0.04,0.24,107297,149098,116326.728804509,85218.2463325412,110751.895659896,113802.041573003,84147.074772515,108261.116118418,0.00055,0,0.0022,0,0,0.01,0,0.119059776186558,0.25526900698888,0.122266606611918,0.119091815175496,0.201221089152185,0.122266606611918,434889.723449351,299189.115451893,410462.328591058,0.232943245244458,0.224299729693463,0.228701872214496,1,1,,0,0.0059,0.011,0.2416
MP_saithe_HCR-A_Ftrgt-0.24_Btrigger-230000_TACconstr-FALSE_BB-FALSE_ObsRho--0.12_ObsSd-0.04.rds,MP_saithe,0.24,230000,A,FALSE,FALSE,-0.12,0.04,0.24,107297,149098,116332.946924734,85083.1411563163,110830.702616538,113807.377210627,84352.6946830444,108311.283013281,5e-04,0,0.002,0,0,0.01,0,0.119547002234103,0.260946836208978,0.122501452787459,0.119602314323988,0.207840249714397,0.122585282016231,434916.747129541,300907.616782187,410848.255310517,0.23290131156376,0.223328591191006,0.228702020116039,1,1,,0,0.0086,0.016,0.275
MP_saithe_HCR-A_Ftrgt-0.24_Btrigger-240000_TACconstr-FALSE_BB-FALSE_ObsRho--0.12_ObsSd-0.04.rds,MP_saithe,0.24,240000,A,FALSE,FALSE,-0.12,0.04,0.24,107297,149098,116340.601585713,84929.693392329,110915.642432648,113824.415946535,84772.4986125011,108427.87844352,5e-04,0,0.002,0,0,0.01,0,0.119669112114943,0.268626456095359,0.123125083687733,0.119762825396259,0.215213062097969,0.123378489715701,435117.037924281,302395.012625165,411607.78959972,0.232868404305757,0.222161138056908,0.228588331178982,1,1,,0,0.013,0.0216,0.3088
MP_saithe_HCR-A_Ftrgt-0.24_Btrigger-250000_TACconstr-FALSE_BB-FALSE_ObsRho--0.12_ObsSd-0.04.rds,MP_saithe,0.24,250000,A,FALSE,FALSE,-0.12,0.04,0.24,107297,149098,116346.777259425,84755.6776226513,111010.554069024,113879.172251522,85358.1346431032,108553.692692062,5e-04,0,0.002,0,0,0.01,0,0.120064766870217,0.273286942952834,0.123442696662976,0.120153411591583,0.220278334968595,0.123710846315973,435258.070723114,304585.523832172,412177.798722082,0.23283783704537,0.2209357893718,0.228508796910143,1,1,,0,0.0193,0.0282,0.351
MP_saithe_HCR-A_Ftrgt-0.24_Btrigger-260000_TACconstr-FALSE_BB-FALSE_ObsRho--0.12_ObsSd-0.04.rds,MP_saithe,0.24,260000,A,FALSE,FALSE,-0.12,0.04,0.24,107297,149098,116351.768931445,84563.3102663804,111110.914921782,113905.099804893,85891.2045419654,108785.282621004,5e-04,0,0.002,0,0,0.01,0,0.120873005446385,0.282661794752896,0.123954592527412,0.120831166516449,0.228081524149485,0.124266251241955,435404.761522952,306701.802777024,413209.804844883,0.232752214387709,0.219428418993766,0.228389903232277,1,1,,0,0.0275,0.0384,0.3822
MP_saithe_HCR-A_Ftrgt-0.24_Btrigger-270000_TACconstr-FALSE_BB-FALSE_ObsRho--0.12_ObsSd-0.04.rds,MP_saithe,0.24,270000,A,FALSE,FALSE,-0.12,0.04,0.24,107297,149098,116354.794905784,84356.7794553857,111210.786263416,113970.364786615,86474.7416435825,109006.823851645,5e-04,0,0.002,0,0,0.01,0,0.121299037176779,0.29356660842399,0.125163421167051,0.121290135069931,0.234900863794562,0.125163421167051,435697.132617052,308979.075981603,413855.178537332,0.232719115878302,0.217686862249641,0.228274546566812,1,1,,0,0.0377,0.0494,0.4106
MP_saithe_HCR-A_Ftrgt-0.24_Btrigger-2e+05_TACconstr-FALSE_BB-FALSE_ObsRho--0.12_ObsSd-0.04.rds,MP_saithe,0.24,2e+05,A,FALSE,FALSE,-0.12,0.04,0.24,107297,149098,116315.088641817,85437.9137715476,110618.696770738,113786.697108169,83412.8691682805,108158.747813197,6e-04,0,0.0024,0,0,0.01,0,0.118961601255893,0.241978261718452,0.122186631112104,0.118976523375127,0.191014484875045,0.122553851687176,434789.561408711,296401.624956235,409631.809780785,0.232950468552196,0.226424563385958,0.228673463158122,1,1,,0,0.0021,0.0044,0.1704
MP_saithe_HCR-A_Ftrgt-0.25_Btrigger-140000_TACconstr-FALSE_BB-FALSE_ObsRho--0.12_ObsSd-0.04.rds,MP_saithe,0.25,140000,A,FALSE,FALSE,-0.12,0.04,0.25,107297,149098,116941.115354387,87815.735456035,111378.162533728,114346.501241447,84480.7549749787,108728.195165183,7e-04,0,0.0028,0,0,0.01,0,0.122000365603555,0.213253552489055,0.124083009588197,0.122113338392342,0.169501587785693,0.124185298910364,417878.352532663,288330.722186536,394166.417984441,0.242547989351884,0.237341545146875,0.238258667590568,1,1,,0,1e-04,0,0.0362
MP_saithe_HCR-A_Ftrgt-0.25_Btrigger-150000_TACconstr-FALSE_BB-FALSE_ObsRho--0.12_ObsSd-0.04.rds,MP_saithe,0.25,150000,A,FALSE,FALSE,-0.12,0.04,0.25,107297,149098,116942.557983909,87795.7600617911,111392.775821693,114349.634174917,84637.8194944902,108728.195165183,0.00065,0,0.0026,0,0,0.01,0,0.122000365603555,0.214004290356068,0.123927904554161,0.122113338392342,0.17137967773329,0.124226647452603,417878.352532663,288591.219725543,394243.834409386,0.242547989351884,0.237293596417418,0.238247618313715,1,1,,0,2e-04,0,0.0474
MP_saithe_HCR-A_Ftrgt-0.25_Btrigger-160000_TACconstr-FALSE_BB-FALSE_ObsRho--0.12_ObsSd-0.04.rds,MP_saithe,0.25,160000,A,FALSE,FALSE,-0.12,0.04,0.25,107297,149098,116944.480728581,87768.6884046076,111412.216024452,114349.634174917,84782.5403550248,108732.614572307,0.00065,0,0.0026,0,0,0.01,0,0.122087777462897,0.217125406269169,0.123850944621744,0.12209777214246,0.17352283460491,0.124127163974821,417878.352532663,289037.376492371,394421.228239654,0.242547989351884,0.237149753356501,0.238204106760631,1,1,,0,3e-04,2e-04,0.0662
MP_saithe_HCR-A_Ftrgt-0.25_Btrigger-170000_TACconstr-FALSE_BB-FALSE_ObsRho--0.12_ObsSd-0.04.rds,MP_saithe,0.25,170000,A,FALSE,FALSE,-0.12,0.04,0.25,107297,149098,116947.648889951,87729.0481818355,111439.830705263,114358.722318522,84916.050374487,108761.961948889,0.00065,0,0.0026,0,0,0.01,0,0.122076987875661,0.220876931922417,0.123871279100536,0.122124632806572,0.176834210318249,0.124226647452603,417886.040948275,289524.536523413,394786.489108901,0.242547989351884,0.237025835386569,0.238188197375484,1,1,,0,7e-04,8e-04,0.0894
MP_saithe_HCR-A_Ftrgt-0.25_Btrigger-180000_TACconstr-FALSE_BB-FALSE_ObsRho--0.12_ObsSd-0.04.rds,MP_saithe,0.25,180000,A,FALSE,FALSE,-0.12,0.04,0.25,107297,149098,116951.163607403,87677.6635185981,111474.326142072,114371.397834606,85040.0607517185,108774.717363561,6e-04,0,0.0024,0,0,0.01,0,0.122062274250421,0.227340203470314,0.124083009588197,0.122138754791749,0.17933277226652,0.124226647452603,417886.040948275,290246.540774972,395197.259143626,0.24252631763898,0.236849585820574,0.238204106760631,1,1,,0,0.0011,0.0028,0.1104
MP_saithe_HCR-A_Ftrgt-0.25_Btrigger-190000_TACconstr-FALSE_BB-FALSE_ObsRho--0.12_ObsSd-0.04.rds,MP_saithe,0.25,190000,A,FALSE,FALSE,-0.12,0.04,0.25,107297,149098,116954.705586848,87612.6027828448,111516.694632455,114388.210528835,85323.0321258863,108806.276832716,6e-04,0,0.0024,0,0,0.01,0,0.122096295672976,0.230897805442524,0.124295855521897,0.122165321665559,0.183949700707595,0.12436199650653,417893.503553433,291380.667769611,395395.824845364,0.242547060143883,0.236353907340295,0.238161499637631,1,1,,0,0.0023,0.0048,0.1382
MP_saithe_HCR-A_Ftrgt-0.25_Btrigger-210000_TACconstr-FALSE_BB-FALSE_ObsRho--0.12_ObsSd-0.04.rds,MP_saithe,0.25,210000,A,FALSE,FALSE,-0.12,0.04,0.25,107297,149098,116964.13072196,87428.516090292,111630.000465849,114392.963230727,85967.0208620813,108915.031169652,6e-04,0,0.0024,0,0,0.01,0,0.122149740290932,0.242896353548157,0.124885459469329,0.122177128635312,0.193591426048873,0.124920155332258,417935.880287967,293504.563820489,396400.713899037,0.242502288183398,0.234707730488348,0.238069669417762,1,1,,0,0.0065,0.0112,0.2122
MP_saithe_HCR-A_Ftrgt-0.25_Btrigger-220000_TACconstr-FALSE_BB-FALSE_ObsRho--0.12_ObsSd-0.04.rds,MP_saithe,0.25,220000,A,FALSE,FALSE,-0.12,0.04,0.25,107297,149098,116969.542365978,87309.3954121616,111700.279216516,114412.939741849,86274.9611018822,109105.922667009,6e-04,0,0.0024,0,0,0.01,0,0.122344899204202,0.24883275159697,0.125505786470383,0.122378017183863,0.200640529121554,0.125460443642874,417985.885511987,295056.422715391,396990.005912997,0.242493058528942,0.233708900878581,0.238066626848326,1,1,,0,0.0093,0.0162,0.2464
MP_saithe_HCR-A_Ftrgt-0.25_Btrigger-230000_TACconstr-FALSE_BB-FALSE_ObsRho--0.12_ObsSd-0.04.rds,MP_saithe,0.25,230000,A,FALSE,FALSE,-0.12,0.04,0.25,107297,149098,116976.108751453,87172.5844273776,111777.678310478,114444.420246292,86704.6421604693,109177.858562396,0.00055,0,0.0022,0,0,0.01,0,0.122491564112946,0.254473308403274,0.12602920490782,0.122625428139793,0.206334665530881,0.126207286310441,418102.080988038,296620.779979809,397383.085728241,0.242482971186005,0.232714435667987,0.23800382284305,1,1,,0,0.0151,0.0222,0.2822
MP_saithe_HCR-A_Ftrgt-0.25_Btrigger-240000_TACconstr-FALSE_BB-FALSE_ObsRho--0.12_ObsSd-0.04.rds,MP_saithe,0.25,240000,A,FALSE,FALSE,-0.12,0.04,0.25,107297,149098,116981.126534767,87014.9935679822,111863.35896133,114547.632475505,87102.4634532524,109377.483057535,5e-04,0,0.002,0,0,0.01,0,0.123018513298303,0.260813258820111,0.126489637363422,0.123045369661327,0.212240703361059,0.126858477890305,418208.032768885,298252.898795853,397717.019331081,0.242418787604277,0.231161641451103,0.237837063157286,1,1,,0,0.022,0.0296,0.3194
MP_saithe_HCR-A_Ftrgt-0.25_Btrigger-250000_TACconstr-FALSE_BB-FALSE_ObsRho--0.12_ObsSd-0.04.rds,MP_saithe,0.25,250000,A,FALSE,FALSE,-0.12,0.04,0.25,107297,149098,116984.37171143,86836.8879182314,111954.719045125,114600.245414208,87511.3583670872,109512.50342385,5e-04,0,0.002,0,0,0.01,0,0.123712927406166,0.266498958109284,0.127165944422146,0.1236916327661,0.219051610188007,0.127533759798216,418429.973533755,300546.553230425,398590.479447219,0.242461592642877,0.230067414574213,0.237758520079897,1,1,,0,0.0301,0.04,0.3596
MP_saithe_HCR-A_Ftrgt-0.25_Btrigger-260000_TACconstr-FALSE_BB-FALSE_ObsRho--0.12_ObsSd-0.04.rds,MP_saithe,0.25,260000,A,FALSE,FALSE,-0.12,0.04,0.25,107297,149098,116986.800615112,86641.5259315094,112046.994669784,114631.416844225,87979.9422944291,109679.795868678,5e-04,0,0.002,0,0,0.01,0,0.124577857917616,0.276715221223325,0.127687238028006,0.124407613094091,0.22659899789546,0.127834263768645,418816.39473105,303010.796265069,399426.030063809,0.242255700962709,0.228741009347371,0.237517115022545,1,1,,0,0.0407,0.0524,0.3914
MP_saithe_HCR-A_Ftrgt-0.25_Btrigger-270000_TACconstr-FALSE_BB-FALSE_ObsRho--0.12_ObsSd-0.04.rds,MP_saithe,0.25,270000,A,FALSE,FALSE,-0.12,0.04,0.25,107297,149098,116985.573759811,86431.3897138962,112138.286355936,114742.721909635,88584.4009864485,109947.895661144,5e-04,0,0.002,0,0,0.01,0,0.125599950358413,0.286318221811539,0.128496836771723,0.125422078828088,0.233660257178908,0.128954137731009,419264.324855864,305117.115747009,400230.342729807,0.242172518171688,0.226482450639935,0.237430082688739,1,1,,0,0.0544,0.0662,0.4226
MP_saithe_HCR-A_Ftrgt-0.25_Btrigger-2e+05_TACconstr-FALSE_BB-FALSE_ObsRho--0.12_ObsSd-0.04.rds,MP_saithe,0.25,2e+05,A,FALSE,FALSE,-0.12,0.04,0.25,107297,149098,116959.029277652,87530.6744397542,111567.893185784,114390.596381009,85600.9041226853,108873.01120778,6e-04,0,0.0024,0,0,0.01,0,0.122150702416021,0.236695000324561,0.124627203809643,0.122185670641612,0.189219837627367,0.124285630348196,417913.670394987,292701.238467921,395954.47681278,0.24252222332114,0.23573873833034,0.238093922534305,1,1,,0,0.0034,0.007,0.1752
MP_saithe_HCR-A_Ftrgt-0.26_Btrigger-140000_TACconstr-FALSE_BB-FALSE_ObsRho--0.12_ObsSd-0.04.rds,MP_saithe,0.26,140000,A,FALSE,FALSE,-0.12,0.04,0.26,107297,149098,117496.419904892,89825.4516570786,112215.832112473,114946.767828017,86522.392590973,109486.428178364,0.00075,0,0.003,0,0,0.01,0,0.124333813837431,0.2082065001025,0.126945039262821,0.124264895165906,0.167706456060884,0.127283332295175,401963.341626719,283548.109036264,380426.743363603,0.252263848544931,0.246751790580322,0.247656365439696,1,1,,0,2e-04,0,0.0368
MP_saithe_HCR-A_Ftrgt-0.26_Btrigger-150000_TACconstr-FALSE_BB-FALSE_ObsRho--0.12_ObsSd-0.04.rds,MP_saithe,0.26,150000,A,FALSE,FALSE,-0.12,0.04,0.26,107297,149098,117498.00591627,89806.6821481251,112229.958482198,114952.091497706,86669.8168295979,109496.653572821,7e-04,0,0.0028,0,0,0.01,0,0.124377773560839,0.209069092645247,0.126668649984934,0.124273457930527,0.168779678615669,0.127651283492754,401963.341626719,283935.415119645,380544.066375607,0.252263942455409,0.246745863051448,0.247647063922843,1,1,,0,3e-04,2e-04,0.0484
MP_saithe_HCR-A_Ftrgt-0.26_Btrigger-160000_TACconstr-FALSE_BB-FALSE_ObsRho--0.12_ObsSd-0.04.rds,MP_saithe,0.26,160000,A,FALSE,FALSE,-0.12,0.04,0.26,107297,149098,117500.469153537,89779.7007570696,112249.034855701,114952.618666456,86762.4745868122,109503.035444775,0.00065,0,0.0026,0,0,0.01,0,0.124377773560839,0.211378745754381,0.126835927052652,0.124281004354724,0.171412727963949,0.127921125735415,401963.341626719,284355.997095369,380930.87128277,0.252268247315907,0.246515573126712,0.24760998832751,1,1,,0,8e-04,0.001,0.068
MP_saithe_HCR-A_Ftrgt-0.26_Btrigger-170000_TACconstr-FALSE_BB-FALSE_ObsRho--0.12_ObsSd-0.04.rds,MP_saithe,0.26,170000,A,FALSE,FALSE,-0.12,0.04,0.26,107297,149098,117503.339169446,89739.5884604966,112277.278556042,114962.402205582,86874.8879797517,109503.035444775,0.00065,0,0.0026,0,0,0.01,0,0.124377773560839,0.215718290649066,0.126945039262821,0.124289202380238,0.174651637767997,0.127802317075704,401959.063118719,284779.836886546,381132.726045954,0.252272328256261,0.246387242275611,0.247600255939854,1,1,,0,0.0011,0.0026,0.0906
MP_saithe_HCR-A_Ftrgt-0.26_Btrigger-180000_TACconstr-FALSE_BB-FALSE_ObsRho--0.12_ObsSd-0.04.rds,MP_saithe,0.26,180000,A,FALSE,FALSE,-0.12,0.04,0.26,107297,149098,117505.990701625,89688.0599750445,112312.148510367,114962.71687636,87055.0440657323,109527.329379284,0.00065,0,0.0026,0,0,0.01,0,0.124393515230157,0.220175033775094,0.127061340195548,0.124346086210025,0.178293423105743,0.127459280073397,401929.671698589,285545.549227712,381230.605014924,0.252280448449591,0.246087616732465,0.247550633832935,1,1,,0,0.0024,0.0052,0.1126
MP_saithe_HCR-A_Ftrgt-0.26_Btrigger-190000_TACconstr-FALSE_BB-FALSE_ObsRho--0.12_ObsSd-0.04.rds,MP_saithe,0.26,190000,A,FALSE,FALSE,-0.12,0.04,0.26,107297,149098,117509.397600484,89622.3599959224,112353.902714062,114972.525606223,87249.126466382,109599.741094959,6e-04,0,0.0024,0,0,0.01,0,0.124550852105318,0.225338422929995,0.127469811949516,0.124525680914271,0.183303220260422,0.127734318546114,401921.923072319,286882.323925121,381937.918678521,0.252284111537935,0.245720812029869,0.247559599794328,1,1,,0,0.0039,0.007,0.1424
MP_saithe_HCR-A_Ftrgt-0.26_Btrigger-210000_TACconstr-FALSE_BB-FALSE_ObsRho--0.12_ObsSd-0.04.rds,MP_saithe,0.26,210000,A,FALSE,FALSE,-0.12,0.04,0.26,107297,149098,117518.120790184,89435.4225818025,112466.80389016,115002.22743382,87933.4033830502,109747.222149158,6e-04,0,0.0024,0,0,0.01,0,0.124745321604698,0.236344571183621,0.128223518762683,0.124745321604698,0.192958437572391,0.128223518762683,402161.361121685,288993.070368369,382786.534407366,0.252275184765599,0.244390068946477,0.247491414642925,1,1,,0,0.0101,0.0166,0.2174
MP_saithe_HCR-A_Ftrgt-0.26_Btrigger-220000_TACconstr-FALSE_BB-FALSE_ObsRho--0.12_ObsSd-0.04.rds,MP_saithe,0.26,220000,A,FALSE,FALSE,-0.12,0.04,0.26,107297,149098,117523.198470439,89314.6936047178,112535.649487007,115048.073848448,88254.7381981602,109855.791603198,6e-04,0,0.0024,0,0,0.01,0,0.125172401393057,0.242671911496764,0.128465967232962,0.125188548428805,0.198941004661613,0.128801238888348,402225.965202463,291093.629046679,383320.858913779,0.252184369117777,0.243232971627788,0.247470126376534,1,1,,0,0.0164,0.0228,0.2526
MP_saithe_HCR-A_Ftrgt-0.26_Btrigger-230000_TACconstr-FALSE_BB-FALSE_ObsRho--0.12_ObsSd-0.04.rds,MP_saithe,0.26,230000,A,FALSE,FALSE,-0.12,0.04,0.26,107297,149098,117527.095466038,89173.5838698386,112613.042477499,115047.899951171,88722.4555888934,109980.684997483,6e-04,0,0.0024,0,0,0.01,0,0.125664997792663,0.247676738426952,0.128809868005115,0.125460155118681,0.204761752570292,0.129388593057343,402404.807315678,292693.142080166,384132.23532748,0.252055510787743,0.241879941381299,0.247339267061219,1,1,,0,0.0237,0.0306,0.2916
MP_saithe_HCR-A_Ftrgt-0.26_Btrigger-240000_TACconstr-FALSE_BB-FALSE_ObsRho--0.12_ObsSd-0.04.rds,MP_saithe,0.26,240000,A,FALSE,FALSE,-0.12,0.04,0.26,107297,149098,117529.269289917,89011.2537100024,112695.485055566,115094.398231682,89066.616075495,110175.023195004,0.00055,0,0.0022,0,0,0.01,0,0.126616156852306,0.253954706043109,0.129058657294382,0.126387495752561,0.212091699552407,0.129801600448176,402639.743907526,294284.473993357,384621.636065495,0.252044679688003,0.240514720692959,0.247208775066152,1,1,,0,0.0325,0.0422,0.3288
MP_saithe_HCR-A_Ftrgt-0.26_Btrigger-250000_TACconstr-FALSE_BB-FALSE_ObsRho--0.12_ObsSd-0.04.rds,MP_saithe,0.26,250000,A,FALSE,FALSE,-0.12,0.04,0.26,107297,149098,117530.562719541,88829.8342205194,112778.557576549,115215.491294337,89682.6248130538,110358.065287341,5e-04,0,0.002,0,0,0.01,0,0.127615461987793,0.260653466821675,0.130446545286617,0.127334447802821,0.218968111320789,0.13154317041127,402906.60951902,296246.84464763,385592.912925373,0.251973072881272,0.239396721203287,0.246949996355332,1,1,,0,0.0447,0.053,0.3708
MP_saithe_HCR-A_Ftrgt-0.26_Btrigger-260000_TACconstr-FALSE_BB-FALSE_ObsRho--0.12_ObsSd-0.04.rds,MP_saithe,0.26,260000,A,FALSE,FALSE,-0.12,0.04,0.26,107297,149098,117527.7893978,88631.1783726388,112861.360129074,115283.455601194,90281.3945379356,110572.236295246,5e-04,0,0.002,0,0,0.01,0,0.128763135736958,0.270084470664135,0.132636231082572,0.128508311737323,0.226648310626339,0.132933830728448,403306.950254659,298877.521413892,386275.332780316,0.251968742189414,0.237765646402895,0.246822284864929,1,1,,0,0.0575,0.0702,0.4042
MP_saithe_HCR-A_Ftrgt-0.26_Btrigger-270000_TACconstr-FALSE_BB-FALSE_ObsRho--0.12_ObsSd-0.04.rds,MP_saithe,0.26,270000,A,FALSE,FALSE,-0.12,0.04,0.26,107297,149098,117522.389477802,88415.8553776902,112938.266433195,115415.621311404,90696.9397948033,110757.805496538,5e-04,0,0.002,0,0,0.01,0,0.129877545707921,0.283520675942945,0.134021239093234,0.129663039138302,0.234521019114891,0.133921800230698,403688.576744393,301229.41046823,387099.89311117,0.251747465102395,0.23558335051062,0.246675114790684,1,1,,0,0.0759,0.0902,0.434
MP_saithe_HCR-A_Ftrgt-0.26_Btrigger-2e+05_TACconstr-FALSE_BB-FALSE_ObsRho--0.12_ObsSd-0.04.rds,MP_saithe,0.26,2e+05,A,FALSE,FALSE,-0.12,0.04,0.26,107297,149098,117513.217223206,89539.0915548631,112405.713699448,114979.85702645,87508.8187742324,109623.547108773,6e-04,0,0.0024,0,0,0.01,0,0.124602792175183,0.229391704875663,0.127694568339948,0.124602792175184,0.18780315704593,0.127858406356892,402016.401939706,287704.883108756,382243.980211184,0.252275360952442,0.245248888803987,0.247571475846003,1,1,,0,0.0067,0.0118,0.1808
MP_saithe_HCR-A_Ftrgt-0.27_Btrigger-140000_TACconstr-FALSE_BB-FALSE_ObsRho--0.12_ObsSd-0.04.rds,MP_saithe,0.27,140000,A,FALSE,FALSE,-0.12,0.04,0.27,107297,149098,117968.322970256,91757.0893217833,112952.206289713,115414.982245473,88560.5323379403,110208.236063229,0.00075,0,0.003,0,0,0.01,0,0.126803290943645,0.20156512235135,0.130111163822439,0.126560206137791,0.165973179063883,0.130667423240026,386439.611339287,279115.795360848,367769.892363436,0.261803893694073,0.256551594811555,0.256758847825729,1,1,,0,3e-04,2e-04,0.037
MP_saithe_HCR-A_Ftrgt-0.27_Btrigger-150000_TACconstr-FALSE_BB-FALSE_ObsRho--0.12_ObsSd-0.04.rds,MP_saithe,0.27,150000,A,FALSE,FALSE,-0.12,0.04,0.27,107297,149098,117970.378900673,91738.9571501062,112965.505312673,115414.550803223,88659.4584983103,110224.633935138,7e-04,0,0.0028,0,0,0.01,0,0.126803290943645,0.202148105323149,0.130018874188288,0.126560206137791,0.167554009285072,0.130482153766711,386439.611339287,279501.26976794,367868.632310745,0.261803893694073,0.25649422959152,0.256843001377428,1,1,,0,6e-04,0.001,0.0502
MP_saithe_HCR-A_Ftrgt-0.27_Btrigger-160000_TACconstr-FALSE_BB-FALSE_ObsRho--0.12_ObsSd-0.04.rds,MP_saithe,0.27,160000,A,FALSE,FALSE,-0.12,0.04,0.27,107297,149098,117972.532518963,91710.0217663803,112986.1649706,115402.790157917,88799.2262432085,110238.647895385,7e-04,0,0.0028,0,0,0.01,0,0.126925878923215,0.205198282413726,0.13036196856256,0.126605251604731,0.170123622492452,0.130791002086055,386455.746415344,279990.345938946,367981.57553077,0.261770060032019,0.25649422959152,0.2567722826819,1,1,,0,0.0013,0.0024,0.0692
MP_saithe_HCR-A_Ftrgt-0.27_Btrigger-170000_TACconstr-FALSE_BB-FALSE_ObsRho--0.12_ObsSd-0.04.rds,MP_saithe,0.27,170000,A,FALSE,FALSE,-0.12,0.04,0.27,107297,149098,117974.451095979,91670.3351309545,113014.273868222,115414.982245473,88896.9359431577,110253.132319125,0.00065,0,0.0026,0,0,0.01,0,0.126925878923215,0.208777671997106,0.130389918212176,0.126605251604731,0.172917297902098,0.130622614548874,386487.003840066,280428.02514456,368263.661276797,0.261845566763178,0.256239299191094,0.256709389179529,1,1,,0,0.0025,0.0048,0.0934
MP_saithe_HCR-A_Ftrgt-0.27_Btrigger-180000_TACconstr-FALSE_BB-FALSE_ObsRho--0.12_ObsSd-0.04.rds,MP_saithe,0.27,180000,A,FALSE,FALSE,-0.12,0.04,0.27,107297,149098,117977.053392886,91618.3187820297,113047.946272762,115418.264941286,89091.5084112032,110298.357716842,0.00065,0,0.0026,0,0,0.01,0,0.127230323327569,0.213801498081754,0.130482153766711,0.127099970605596,0.174890548490727,0.131028740782347,386490.364070399,281244.745133798,368540.702395401,0.261770099872736,0.25589192648325,0.256714297037103,1,1,,0,0.004,0.0066,0.1164
MP_saithe_HCR-A_Ftrgt-0.27_Btrigger-190000_TACconstr-FALSE_BB-FALSE_ObsRho--0.12_ObsSd-0.04.rds,MP_saithe,0.27,190000,A,FALSE,FALSE,-0.12,0.04,0.27,107297,149098,117979.875495625,91551.1836362349,113090.670640932,115432.920304301,89259.0212076427,110289.692794701,6e-04,0,0.0024,0,0,0.01,0,0.127384194433825,0.219468014997041,0.1307536732056,0.12730008673712,0.180787169948657,0.131060615732924,386546.170436163,281980.861410898,368925.872840779,0.261762283079598,0.255331124769236,0.256719592540746,1,1,,0,0.0066,0.0116,0.1474
MP_saithe_HCR-A_Ftrgt-0.27_Btrigger-210000_TACconstr-FALSE_BB-FALSE_ObsRho--0.12_ObsSd-0.04.rds,MP_saithe,0.27,210000,A,FALSE,FALSE,-0.12,0.04,0.27,107297,149098,117987.730351446,91359.4852104193,113201.431945119,115539.354258909,89837.7784985499,110491.444439785,6e-04,0,0.0024,0,0,0.01,0,0.127961842949272,0.230328542551511,0.131167550898283,0.127887041195828,0.192561266295001,0.13133744045788,386741.77339256,284813.970742803,369936.124088027,0.261662251693649,0.253857486713234,0.256681123208095,1,1,,0,0.0176,0.0224,0.2234
MP_saithe_HCR-A_Ftrgt-0.27_Btrigger-220000_TACconstr-FALSE_BB-FALSE_ObsRho--0.12_ObsSd-0.04.rds,MP_saithe,0.27,220000,A,FALSE,FALSE,-0.12,0.04,0.27,107297,149098,117990.373850592,91233.4482735885,113270.401360775,115572.460671924,90232.4359503313,110628.039290587,6e-04,0,0.0024,0,0,0.01,0,0.128557820389098,0.235969036907366,0.131450590881842,0.128410874309839,0.198416061606818,0.132056159354268,387031.690273078,286705.435829731,370697.725337814,0.261627356170767,0.252462627383544,0.256484940151344,1,1,,0,0.0252,0.0306,0.2622
MP_saithe_HCR-A_Ftrgt-0.27_Btrigger-230000_TACconstr-FALSE_BB-FALSE_ObsRho--0.12_ObsSd-0.04.rds,MP_saithe,0.27,230000,A,FALSE,FALSE,-0.12,0.04,0.27,107297,149098,117992.032442592,91087.7961896751,113344.538444778,115653.689768225,90597.5662386961,110784.841788059,6e-04,0,0.0024,0,0,0.01,0,0.129212781030196,0.240650703701271,0.132114944185964,0.129060178742556,0.204900920950909,0.132890937214375,387127.144224779,288654.893852645,371283.385763473,0.261533961519518,0.251195276200186,0.256332799672414,1,1,,0,0.0345,0.0418,0.3012
MP_saithe_HCR-A_Ftrgt-0.27_Btrigger-240000_TACconstr-FALSE_BB-FALSE_ObsRho--0.12_ObsSd-0.04.rds,MP_saithe,0.27,240000,A,FALSE,FALSE,-0.12,0.04,0.27,107297,149098,117992.443133628,90921.2367013664,113418.993826548,115725.141654183,91162.5700389512,110959.603453437,6e-04,0,0.0024,0,0,0.01,0,0.130154487509967,0.247083297785793,0.133510155101089,0.129967783435196,0.211667320924084,0.133990373108821,387540.155156496,290402.949618044,372135.424632292,0.261469752370634,0.249486144521192,0.256173050585024,1,1,,0,0.0469,0.0546,0.3382
MP_saithe_HCR-A_Ftrgt-0.27_Btrigger-250000_TACconstr-FALSE_BB-FALSE_ObsRho--0.12_ObsSd-0.04.rds,MP_saithe,0.27,250000,A,FALSE,FALSE,-0.12,0.04,0.27,107297,149098,117988.593780054,90735.7791672548,113491.987013509,115829.803014509,91762.4345358266,111178.777109897,5e-04,0,0.002,0,0,0.01,0,0.131544953688406,0.256198489002208,0.134926204941438,0.131532968415061,0.218617608284155,0.135085674116084,387898.709258466,292768.045926061,373023.917175759,0.261394990077434,0.248204363059508,0.256076809862047,1,1,,0,0.0607,0.072,0.3806
MP_saithe_HCR-A_Ftrgt-0.27_Btrigger-260000_TACconstr-FALSE_BB-FALSE_ObsRho--0.12_ObsSd-0.04.rds,MP_saithe,0.27,260000,A,FALSE,FALSE,-0.12,0.04,0.27,107297,149098,117981.7334367,90532.652392672,113559.524873236,116003.304657777,92199.3393422974,111355.370334901,5e-04,0,0.002,0,0,0.01,0,0.13300801843692,0.265906163375175,0.136941944940268,0.132957249073323,0.2278954582811,0.137134791367712,388639.08926482,295034.24941882,374069.581815452,0.261177033497812,0.246666224805711,0.255952574223698,1,1,,0,0.0795,0.0948,0.415
MP_saithe_HCR-A_Ftrgt-0.27_Btrigger-270000_TACconstr-FALSE_BB-FALSE_ObsRho--0.12_ObsSd-0.04.rds,MP_saithe,0.27,270000,A,FALSE,FALSE,-0.12,0.04,0.27,107297,149098,117968.652131017,90314.2820276944,113616.040651296,116182.673522354,92513.5299965181,111609.332160298,5e-04,0,0.002,0,0,0.01,0,0.135320944595553,0.280258922240754,0.139383768917762,0.135130736274783,0.237199819047527,0.139495470334774,389393.06023357,297347.548289656,375408.500188977,0.260856643495192,0.244499896854334,0.255701232988109,1,1,,0,0.1006,0.1166,0.4458
MP_saithe_HCR-A_Ftrgt-0.27_Btrigger-2e+05_TACconstr-FALSE_BB-FALSE_ObsRho--0.12_ObsSd-0.04.rds,MP_saithe,0.27,2e+05,A,FALSE,FALSE,-0.12,0.04,0.27,107297,149098,117983.947092363,91465.0275034919,113141.705706699,115476.630589453,89439.4385019561,110340.196073364,6e-04,0,0.0024,0,0,0.01,0,0.127773315066603,0.225294158694157,0.130634624932575,0.127731204152086,0.186178653748469,0.131076949217745,386585.807456638,283530.383482901,369374.309353739,0.261712178243049,0.254705273745253,0.256678664408281,1,1,,0,0.011,0.0168,0.1856
MP_saithe_HCR-A_Ftrgt-0.28_Btrigger-140000_TACconstr-FALSE_BB-FALSE_ObsRho--0.12_ObsSd-0.04.rds,MP_saithe,0.28,140000,A,FALSE,FALSE,-0.12,0.04,0.28,107297,149098,118371.976377474,93613.9887865558,113595.790317993,115718.287667966,90334.2422001958,110820.674964153,0.00075,0,0.003,0,0,0.01,0,0.129480017378832,0.196797380697655,0.132610205301427,0.129415607191685,0.163286176403067,0.133160150518938,372431.108650644,274993.130080095,355723.187678449,0.271614315767894,0.266262641645606,0.266460287951002,1,1,,0,4e-04,0.001,0.0384
MP_saithe_HCR-A_Ftrgt-0.28_Btrigger-150000_TACconstr-FALSE_BB-FALSE_ObsRho--0.12_ObsSd-0.04.rds,MP_saithe,0.28,150000,A,FALSE,FALSE,-0.12,0.04,0.28,107297,149098,118373.763226971,93594.0202912948,113610.473022005,115725.552780731,90432.5076001074,110861.121617866,0.00075,0,0.003,0,0,0.01,0,0.129480017378832,0.1984864724555,0.132801510599104,0.129409982395734,0.165754335293475,0.133219007861239,372456.923510401,275265.236804693,355940.857189481,0.27160481522213,0.266180013493041,0.26639418903441,1,1,,0,0.0013,0.0014,0.0526
MP_saithe_HCR-A_Ftrgt-0.28_Btrigger-160000_TACconstr-FALSE_BB-FALSE_ObsRho--0.12_ObsSd-0.04.rds,MP_saithe,0.28,160000,A,FALSE,FALSE,-0.12,0.04,0.28,107297,149098,118374.956311538,93564.6095391785,113631.515112097,115726.310449104,90595.992357956,110865.928448136,7e-04,0,0.0028,0,0,0.01,0,0.129502393463353,0.200824082869988,0.132801510599104,0.129480017378832,0.167563949495354,0.133219475463029,372500.308643676,275856.107391007,356129.468404015,0.271609180133238,0.2660738486249,0.26637211894032,1,1,,0,0.0023,0.0046,0.071
MP_saithe_HCR-A_Ftrgt-0.28_Btrigger-170000_TACconstr-FALSE_BB-FALSE_ObsRho--0.12_ObsSd-0.04.rds,MP_saithe,0.28,170000,A,FALSE,FALSE,-0.12,0.04,0.28,107297,149098,118376.889223549,93524.662478581,113658.059808356,115744.091901985,90755.3603102401,110900.416479875,0.00065,0,0.0026,0,0,0.01,0,0.129590798553797,0.204718649702427,0.132892924687678,0.129572799023079,0.170740367126228,0.133633774296008,372553.060360851,276229.829996173,356443.346952628,0.271609180133238,0.265966433105889,0.266311719303299,1,1,,0,0.0044,0.0066,0.0952
MP_saithe_HCR-A_Ftrgt-0.28_Btrigger-180000_TACconstr-FALSE_BB-FALSE_ObsRho--0.12_ObsSd-0.04.rds,MP_saithe,0.28,180000,A,FALSE,FALSE,-0.12,0.04,0.28,107297,149098,118378.944701346,93471.3305468911,113692.517219609,115766.474058153,90925.6083324456,110925.873506329,0.00065,0,0.0026,0,0,0.01,0,0.129656929261272,0.208630281668135,0.132856868389437,0.129620207404788,0.175584038283269,0.133370538009701,372637.055639817,277034.512811495,356737.064222399,0.271593488610031,0.265534557874631,0.266375729008425,1,1,,0,0.0065,0.0102,0.1204
MP_saithe_HCR-A_Ftrgt-0.28_Btrigger-190000_TACconstr-FALSE_BB-FALSE_ObsRho--0.12_ObsSd-0.04.rds,MP_saithe,0.28,190000,A,FALSE,FALSE,-0.12,0.04,0.28,107297,149098,118381.898797012,93400.7516315832,113734.834788216,115808.759943848,91114.4404206119,110983.129857206,0.00065,0,0.0026,0,0,0.01,0,0.129788104086175,0.21250300850426,0.133077551958779,0.129686943745909,0.17896056204034,0.133717899318656,372692.100826581,277760.475250764,357226.404952217,0.271539615329359,0.264691979288671,0.266122459184571,1,1,,0,0.0112,0.0166,0.153
MP_saithe_HCR-A_Ftrgt-0.28_Btrigger-210000_TACconstr-FALSE_BB-FALSE_ObsRho--0.12_ObsSd-0.04.rds,MP_saithe,0.28,210000,A,FALSE,FALSE,-0.12,0.04,0.28,107297,149098,118386.564555389,93201.3802487597,113843.901781471,115889.087973096,91780.935461044,111319.744435514,6e-04,0,0.0024,0,0,0.01,0,0.130783760537311,0.224972865146816,0.133906342206509,0.130601619387312,0.192464935215772,0.134369867882232,372853.78103497,280375.253185029,358003.551833558,0.271371751104941,0.263347799512702,0.26585410032056,1,1,,0,0.0252,0.03,0.2312
MP_saithe_HCR-A_Ftrgt-0.28_Btrigger-220000_TACconstr-FALSE_BB-FALSE_ObsRho--0.12_ObsSd-0.04.rds,MP_saithe,0.28,220000,A,FALSE,FALSE,-0.12,0.04,0.28,107297,149098,118387.385138707,93069.960866967,113910.337165528,115944.912557644,92153.3462808115,111442.564445403,6e-04,0,0.0024,0,0,0.01,0,0.131545414673349,0.230332213000483,0.135485014971555,0.131391100900739,0.199854352469789,0.135612648420064,373003.945098301,282460.915192023,358792.471731746,0.271281694072493,0.261764144274939,0.265785657950702,1,1,,0,0.0356,0.0416,0.271
MP_saithe_HCR-A_Ftrgt-0.28_Btrigger-230000_TACconstr-FALSE_BB-FALSE_ObsRho--0.12_ObsSd-0.04.rds,MP_saithe,0.28,230000,A,FALSE,FALSE,-0.12,0.04,0.28,107297,149098,118387.159455938,92918.6849609621,113977.23730233,116044.493280466,92514.277526104,111696.324838102,6e-04,0,0.0024,0,0,0.01,0,0.133095301598655,0.237825001889746,0.136062475550176,0.133068249147987,0.207458241241082,0.136464601238123,373258.19663921,284421.845083415,359700.055230251,0.271250665427019,0.260435292926348,0.265627163846958,1,1,,0,0.0477,0.0542,0.3108
MP_saithe_HCR-A_Ftrgt-0.28_Btrigger-240000_TACconstr-FALSE_BB-FALSE_ObsRho--0.12_ObsSd-0.04.rds,MP_saithe,0.28,240000,A,FALSE,FALSE,-0.12,0.04,0.28,107297,149098,118382.854427225,92747.6961416641,114041.802323492,116184.791533932,92822.803207057,111854.115124918,6e-04,0,0.0024,0,0,0.01,0,0.134147498740656,0.245221986918643,0.137910114966716,0.134067619988346,0.214917789331868,0.138466848580097,373838.784226802,286437.810705473,360449.165729588,0.271082606517401,0.258441981114938,0.265491173693022,1,1,,0,0.0632,0.0728,0.3504
MP_saithe_HCR-A_Ftrgt-0.28_Btrigger-250000_TACconstr-FALSE_BB-FALSE_ObsRho--0.12_ObsSd-0.04.rds,MP_saithe,0.28,250000,A,FALSE,FALSE,-0.12,0.04,0.28,107297,149098,118374.310280607,92557.9008558875,114099.280820672,116382.164114086,93404.0199714385,112001.318772101,6e-04,0,0.0024,0,0,0.01,0,0.135969318470213,0.252682321196228,0.140128891282266,0.135948343606824,0.219437327653644,0.14043882316595,374560.84382084,288748.695270783,361592.240413177,0.270801662763609,0.256992814543707,0.265302072233703,1,1,,0,0.0833,0.0962,0.3916
MP_saithe_HCR-A_Ftrgt-0.28_Btrigger-260000_TACconstr-FALSE_BB-FALSE_ObsRho--0.12_ObsSd-0.04.rds,MP_saithe,0.28,260000,A,FALSE,FALSE,-0.12,0.04,0.28,107297,149098,118360.362468771,92352.3794756851,114144.651840227,116547.435322884,93888.711211996,112163.642027441,5e-04,0,0.002,0,0,0.01,0,0.137725101434342,0.262805825825872,0.142176420637443,0.13790383679853,0.228012141111318,0.142478017207622,375216.173943906,291319.48116013,362522.638780127,0.270478238507857,0.255318627347519,0.2649585834289,1,1,,0,0.1056,0.1204,0.4264
MP_saithe_HCR-A_Ftrgt-0.28_Btrigger-270000_TACconstr-FALSE_BB-FALSE_ObsRho--0.12_ObsSd-0.04.rds,MP_saithe,0.28,270000,A,FALSE,FALSE,-0.12,0.04,0.28,107297,149098,118342.992638557,92128.3999075764,114180.863615798,116748.229683851,94273.2255090084,112412.316213865,5e-04,0,0.002,0,0,0.01,0,0.140684971514063,0.27551006665611,0.145782110088259,0.140956808727177,0.237702436323652,0.146329393311534,376027.491406967,294016.753630439,364020.840449741,0.27000511409438,0.253118931220207,0.264676510208599,1,1,,0,0.1285,0.1478,0.4582
MP_saithe_HCR-A_Ftrgt-0.28_Btrigger-2e+05_TACconstr-FALSE_BB-FALSE_ObsRho--0.12_ObsSd-0.04.rds,MP_saithe,0.28,2e+05,A,FALSE,FALSE,-0.12,0.04,0.28,107297,149098,118384.797666625,93312.3206044186,113784.381458675,115827.619342565,91452.738207705,111107.798951285,6e-04,0,0.0024,0,0,0.01,0,0.130170512600527,0.217441075071488,0.133700677680135,0.13005251218771,0.183973378136379,0.133897852759686,372736.696897712,279187.292215463,357541.634029755,0.271444499911388,0.264256761710423,0.265861517502694,1,1,,0,0.0174,0.023,0.191
MP_saithe_HCR-A_Ftrgt-0.29_Btrigger-140000_TACconstr-FALSE_BB-FALSE_ObsRho--0.12_ObsSd-0.04.rds,MP_saithe,0.29,140000,A,FALSE,FALSE,-0.12,0.04,0.29,107297,149098,118709.421135353,95391.9753783401,114161.679449687,116010.726282952,91976.1486481224,111404.556757986,0.00085,0,0.0034,0,0,0.01,0,0.132913960596746,0.189724997414067,0.135301445386802,0.132953534464814,0.162399866381605,0.135780052329123,359070.10133783,270451.839198441,344790.321685396,0.281381017822495,0.276184395247428,0.27574853061419,1,1,,0,0.0011,0.0014,0.0402
MP_saithe_HCR-A_Ftrgt-0.29_Btrigger-150000_TACconstr-FALSE_BB-FALSE_ObsRho--0.12_ObsSd-0.04.rds,MP_saithe,0.29,150000,A,FALSE,FALSE,-0.12,0.04,0.29,107297,149098,118710.14271403,95369.7894185409,114178.30418275,116015.169749943,92012.8817649322,111432.775670865,0.00075,0,0.003,0,0,0.01,0,0.132956289040667,0.191579396614728,0.135271873798227,0.132965684900837,0.164450096639627,0.135694668090858,359071.040436643,270966.886181987,344913.351524353,0.281412175909591,0.27613122513737,0.275753355498341,1,1,,0,0.0022,0.0042,0.054
MP_saithe_HCR-A_Ftrgt-0.29_Btrigger-160000_TACconstr-FALSE_BB-FALSE_ObsRho--0.12_ObsSd-0.04.rds,MP_saithe,0.29,160000,A,FALSE,FALSE,-0.12,0.04,0.29,107297,149098,118711.376023183,95340.2492893138,114197.690363767,116012.013693844,92136.7933894591,111439.812450879,7e-04,0,0.0028,0,0,0.01,0,0.132992491795097,0.194574220645157,0.135142343868162,0.133025137058978,0.166068370722619,0.135671347462859,359071.872279118,271616.813815106,345056.234326091,0.281412877915023,0.276000867184224,0.275733436447863,1,1,,0,0.0041,0.0062,0.073
MP_saithe_HCR-A_Ftrgt-0.29_Btrigger-170000_TACconstr-FALSE_BB-FALSE_ObsRho--0.12_ObsSd-0.04.rds,MP_saithe,0.29,170000,A,FALSE,FALSE,-0.12,0.04,0.29,107297,149098,118712.509774268,95299.1997428843,114224.567454716,116025.334845262,92331.6700495891,111493.950683984,7e-04,0,0.0028,0,0,0.01,0,0.133032774346643,0.198400339896566,0.135379271556478,0.133055144244113,0.169514033964418,0.136121474831417,359095.720649729,272183.509730385,345281.528092569,0.281348806477232,0.275716808932971,0.275668359876609,1,1,,0,0.0067,0.0094,0.0992
MP_saithe_HCR-A_Ftrgt-0.29_Btrigger-180000_TACconstr-FALSE_BB-FALSE_ObsRho--0.12_ObsSd-0.04.rds,MP_saithe,0.29,180000,A,FALSE,FALSE,-0.12,0.04,0.29,107297,149098,118714.404273972,95242.2684864886,114258.852981549,116044.214902808,92589.6450246771,111566.621974394,0.00065,0,0.0026,0,0,0.01,0,0.133122303238231,0.20338751383891,0.136236547282221,0.133110875015925,0.174080698866361,0.136505622364179,359107.702743967,273148.525879346,345476.945695586,0.281258242573667,0.275145633100728,0.275618543524001,1,1,,0,0.0113,0.016,0.126
MP_saithe_HCR-A_Ftrgt-0.29_Btrigger-190000_TACconstr-FALSE_BB-FALSE_ObsRho--0.12_ObsSd-0.04.rds,MP_saithe,0.29,190000,A,FALSE,FALSE,-0.12,0.04,0.29,107297,149098,118717.009755465,95168.9532951982,114298.938194564,116087.940214915,92850.0966589459,111679.727074305,0.00065,0,0.0026,0,0,0.01,0,0.133495149368931,0.208293750103304,0.136886370717114,0.133459096172899,0.178248868576139,0.137072101467531,359154.419566564,274203.480539939,345712.376129384,0.281213093450819,0.274433291677808,0.275506620168957,1,1,,0,0.0174,0.0226,0.1576
MP_saithe_HCR-A_Ftrgt-0.29_Btrigger-210000_TACconstr-FALSE_BB-FALSE_ObsRho--0.12_ObsSd-0.04.rds,MP_saithe,0.29,210000,A,FALSE,FALSE,-0.12,0.04,0.29,107297,149098,118718.334369112,94957.1390211099,114407.255643619,116222.520063969,93583.6911614676,111960.271933235,6e-04,0,0.0024,0,0,0.01,0,0.134775673011331,0.221136131710826,0.137837364558572,0.134743010831834,0.192666902301432,0.138624783956074,359517.21650771,276425.456626788,346935.858094805,0.281023849916422,0.272718185379101,0.275227880701754,1,1,,0,0.0365,0.041,0.2404
MP_saithe_HCR-A_Ftrgt-0.29_Btrigger-220000_TACconstr-FALSE_BB-FALSE_ObsRho--0.12_ObsSd-0.04.rds,MP_saithe,0.29,220000,A,FALSE,FALSE,-0.12,0.04,0.29,107297,149098,118717.120419812,94819.4085614676,114466.421576956,116372.537749713,93946.1696253765,112105.944775663,6e-04,0,0.0024,0,0,0.01,0,0.135914477887097,0.227720599103574,0.139197279295052,0.135899143308139,0.20217194221413,0.139758317495054,359895.182110711,278761.416266622,347571.762607202,0.28095619048991,0.27077575180177,0.275081003630325,1,1,,0,0.0485,0.0544,0.2806
MP_saithe_HCR-A_Ftrgt-0.29_Btrigger-230000_TACconstr-FALSE_BB-FALSE_ObsRho--0.12_ObsSd-0.04.rds,MP_saithe,0.29,230000,A,FALSE,FALSE,-0.12,0.04,0.29,107297,149098,118712.130424031,94663.7406528736,114523.720764124,116533.137966352,94435.9125001438,112223.989299376,6e-04,0,0.0024,0,0,0.01,0,0.136880469898428,0.235063277426205,0.140675935391662,0.136856798236875,0.209022775881317,0.141185090163483,360284.610296833,280634.932154421,348370.253206514,0.280829170745565,0.269627637687121,0.275018744468047,1,1,,0,0.0661,0.0734,0.3196
MP_saithe_HCR-A_Ftrgt-0.29_Btrigger-240000_TACconstr-FALSE_BB-FALSE_ObsRho--0.12_ObsSd-0.04.rds,MP_saithe,0.29,240000,A,FALSE,FALSE,-0.12,0.04,0.29,107297,149098,118702.993856222,94487.2782299311,114572.852604047,116690.719163798,94802.9701885317,112432.536400147,6e-04,0,0.0024,0,0,0.01,0,0.139192950388684,0.24127200410628,0.142942254778586,0.139126964940482,0.215565114970516,0.143662858026847,360856.313851361,282871.433933919,349282.660358487,0.280399890469479,0.267567461433993,0.274877697518509,1,1,,0,0.0863,0.0982,0.3598
MP_saithe_HCR-A_Ftrgt-0.29_Btrigger-250000_TACconstr-FALSE_BB-FALSE_ObsRho--0.12_ObsSd-0.04.rds,MP_saithe,0.29,250000,A,FALSE,FALSE,-0.12,0.04,0.29,107297,149098,118688.532902751,94295.1203565979,114607.407235779,116892.689234677,95187.8194098073,112609.656544429,6e-04,0,0.0024,0,0,0.01,0,0.141257842023065,0.250671528525598,0.146344533767959,0.141335639234369,0.22115257231576,0.147016669681974,361744.412370792,285178.856171984,350351.244786285,0.279992163750764,0.26604362887007,0.274522170616041,1,1,,0,0.1089,0.1232,0.4042
MP_saithe_HCR-A_Ftrgt-0.29_Btrigger-260000_TACconstr-FALSE_BB-FALSE_ObsRho--0.12_ObsSd-0.04.rds,MP_saithe,0.29,260000,A,FALSE,FALSE,-0.12,0.04,0.29,107297,149098,118671.357657109,94081.247854892,114636.379366657,117145.490011541,95596.5894312792,112823.505882816,6e-04,0,0.0024,0,0,0.01,0,0.14403546941268,0.260829052074972,0.149188035540912,0.144229801836412,0.230243628592581,0.149506998217467,362772.165134579,287528.750051711,351552.06097914,0.279610086100641,0.263840604740904,0.274078545627485,1,1,,0,0.1328,0.1476,0.4414
MP_saithe_HCR-A_Ftrgt-0.29_Btrigger-270000_TACconstr-FALSE_BB-FALSE_ObsRho--0.12_ObsSd-0.04.rds,MP_saithe,0.29,270000,A,FALSE,FALSE,-0.12,0.04,0.29,107297,149098,118647.09277682,93845.7131509556,114664.539884233,117357.484656087,95877.8319646219,113242.972460635,5e-04,0,0.002,0,0,0.01,0,0.147144438368715,0.273715036282096,0.152744652386994,0.147969946287547,0.238508837189693,0.153180535261027,363983.906894885,290083.79730895,352881.073828506,0.279166544237438,0.261384017229239,0.273536911545763,1,1,,0,0.1588,0.1758,0.4746
MP_saithe_HCR-A_Ftrgt-0.29_Btrigger-2e+05_TACconstr-FALSE_BB-FALSE_ObsRho--0.12_ObsSd-0.04.rds,MP_saithe,0.29,2e+05,A,FALSE,FALSE,-0.12,0.04,0.29,107297,149098,118717.756045578,95074.8059164818,114349.099837531,116142.062594836,93133.5427175021,111805.65117113,0.00065,0,0.0026,0,0,0.01,0,0.134132939453197,0.212656778772779,0.137241894063253,0.134055201267551,0.18557058249929,0.137445594055186,359331.617741186,275148.166160962,346318.439357683,0.281172474722207,0.273587568428301,0.275362307495174,1,1,,0,0.0255,0.0296,0.1988
MP_saithe_HCR-A_Ftrgt-0.3_Btrigger-140000_TACconstr-FALSE_BB-FALSE_ObsRho--0.12_ObsSd-0.04.rds,MP_saithe,0.3,140000,A,FALSE,FALSE,-0.12,0.04,0.3,107297,149098,118990.889259492,97095.6073395554,114656.693345677,116218.892774206,93440.2867186831,111790.459873723,0.00085,0,0.0034,0,0,0.01,0,0.135707219521356,0.184943540396029,0.138144574586099,0.135672193138985,0.161259221323197,0.138461802704052,346349.891964414,266413.642361218,333823.531025969,0.29099024293876,0.285714462863575,0.285080636302401,1,1,,0,0.0025,0.0036,0.0428
MP_saithe_HCR-A_Ftrgt-0.3_Btrigger-150000_TACconstr-FALSE_BB-FALSE_ObsRho--0.12_ObsSd-0.04.rds,MP_saithe,0.3,150000,A,FALSE,FALSE,-0.12,0.04,0.3,107297,149098,118991.296307412,97073.0026619374,114671.796656035,116248.241273522,93497.5735770744,111848.72162935,8e-04,0,0.0032,0,0,0.01,0,0.13581866894618,0.18682107104336,0.138211254696917,0.135790033662197,0.163907931500041,0.138691186665805,346361.410489738,266832.325643371,334022.235032698,0.29098556630674,0.285675507204275,0.285080636302401,1,1,,0,0.0042,0.0058,0.0556
MP_saithe_HCR-A_Ftrgt-0.3_Btrigger-160000_TACconstr-FALSE_BB-FALSE_ObsRho--0.12_ObsSd-0.04.rds,MP_saithe,0.3,160000,A,FALSE,FALSE,-0.12,0.04,0.3,107297,149098,118991.530694224,97042.7300401496,114691.094647891,116284.549241556,93566.3120183977,111882.418814994,8e-04,0,0.0032,0,0,0.01,0,0.135885191367171,0.189572001376569,0.138239395761453,0.135842731855252,0.165660211139926,0.138560479917923,346368.038028452,267298.413127083,334104.751222552,0.290954608110807,0.285529682043689,0.285089168420452,1,1,,0,0.0064,0.0088,0.0754
MP_saithe_HCR-A_Ftrgt-0.3_Btrigger-170000_TACconstr-FALSE_BB-FALSE_ObsRho--0.12_ObsSd-0.04.rds,MP_saithe,0.3,170000,A,FALSE,FALSE,-0.12,0.04,0.3,107297,149098,118992.842953852,96999.5817866855,114716.280743888,116306.117422473,93890.8804080662,111900.766497274,7e-04,0,0.0028,0,0,0.01,0,0.136043107464932,0.193137851850249,0.138797620941782,0.13612529957242,0.169071035771349,0.139076156452197,346404.570528467,267998.469728885,334267.434248061,0.290923662145264,0.285207349345949,0.285077602254053,1,1,,0,0.0113,0.0148,0.103
MP_saithe_HCR-A_Ftrgt-0.3_Btrigger-180000_TACconstr-FALSE_BB-FALSE_ObsRho--0.12_ObsSd-0.04.rds,MP_saithe,0.3,180000,A,FALSE,FALSE,-0.12,0.04,0.3,107297,149098,118995.207179762,96938.0531346997,114749.475213965,116401.999347605,94065.0337576842,111953.737264538,0.00065,0,0.0026,0,0,0.01,0,0.136444912276209,0.198623578334594,0.139256366430192,0.136462158514805,0.173950081753631,0.139430631967894,346459.085855737,269405.606303788,334345.220630507,0.290862163606431,0.284860449683274,0.285025728973686,1,1,,0,0.017,0.0216,0.1308
MP_saithe_HCR-A_Ftrgt-0.3_Btrigger-190000_TACconstr-FALSE_BB-FALSE_ObsRho--0.12_ObsSd-0.04.rds,MP_saithe,0.3,190000,A,FALSE,FALSE,-0.12,0.04,0.3,107297,149098,118995.841143416,96858.8383987824,114790.810397126,116455.504291206,94294.4262115545,112145.542687613,0.00065,0,0.0026,0,0,0.01,0,0.136952138817667,0.203872225538721,0.14007093505634,0.136773793226719,0.18030045788933,0.140367013138474,346528.749629313,270504.221317673,334675.518324162,0.290808935560454,0.284133158766396,0.284951805514838,1,1,,0,0.0248,0.0298,0.1658
MP_saithe_HCR-A_Ftrgt-0.3_Btrigger-210000_TACconstr-FALSE_BB-FALSE_ObsRho--0.12_ObsSd-0.04.rds,MP_saithe,0.3,210000,A,FALSE,FALSE,-0.12,0.04,0.3,107297,149098,118993.693792147,96633.3287783162,114891.090906278,116582.750138624,95128.1220051382,112363.167788362,6e-04,0,0.0024,0,0,0.01,0,0.139040506785312,0.217175115517022,0.141809700623848,0.138906054795102,0.194055525662591,0.142309755325807,347055.513551366,272540.495927146,335770.89268522,0.290731717777502,0.281710787155852,0.284743973254267,1,1,,0,0.049,0.0534,0.2504
MP_saithe_HCR-A_Ftrgt-0.3_Btrigger-220000_TACconstr-FALSE_BB-FALSE_ObsRho--0.12_ObsSd-0.04.rds,MP_saithe,0.3,220000,A,FALSE,FALSE,-0.12,0.04,0.3,107297,149098,118988.377103495,96489.204975407,114942.614349239,116748.689009972,95663.2528422471,112517.741050574,6e-04,0,0.0024,0,0,0.01,0,0.140365936811307,0.223729588781962,0.143846660222415,0.140285917345888,0.20312375991616,0.144122226982764,347492.861162113,274400.869591399,336391.089469838,0.290452456177643,0.279903755651603,0.28461100227503,1,1,,0,0.0667,0.0716,0.2894
MP_saithe_HCR-A_Ftrgt-0.3_Btrigger-230000_TACconstr-FALSE_BB-FALSE_ObsRho--0.12_ObsSd-0.04.rds,MP_saithe,0.3,230000,A,FALSE,FALSE,-0.12,0.04,0.3,107297,149098,118978.87548907,96328.597706756,114983.816476603,116903.595522676,96292.3757652926,112815.034332062,6e-04,0,0.0024,0,0,0.01,0,0.142250047839585,0.228607207803286,0.146043109167553,0.1422015925142,0.211140864806297,0.146800375653647,348189.382069832,276582.435175139,337477.722798395,0.290058093913337,0.27870367016707,0.284240378169572,1,1,,0,0.0872,0.0984,0.3314
MP_saithe_HCR-A_Ftrgt-0.3_Btrigger-240000_TACconstr-FALSE_BB-FALSE_ObsRho--0.12_ObsSd-0.04.rds,MP_saithe,0.3,240000,A,FALSE,FALSE,-0.12,0.04,0.3,107297,149098,118966.247768889,96147.2657046252,115012.184495206,117113.872799366,96743.9871009076,113047.163576138,6e-04,0,0.0024,0,0,0.01,0,0.143815697444027,0.236011003421918,0.149070054802698,0.14386287791187,0.217268434762776,0.150152474499212,349377.975430559,278702.877472272,338265.312836901,0.289700140733147,0.276137382855462,0.283930420304823,1,1,,0,0.1118,0.124,0.3728
MP_saithe_HCR-A_Ftrgt-0.3_Btrigger-250000_TACconstr-FALSE_BB-FALSE_ObsRho--0.12_ObsSd-0.04.rds,MP_saithe,0.3,250000,A,FALSE,FALSE,-0.12,0.04,0.3,107297,149098,118948.769913591,95945.7475634542,115033.274230141,117359.549456829,97181.4990837939,113279.559069826,6e-04,0,0.0024,0,0,0.01,0,0.147458203187062,0.249199066559354,0.152036395262278,0.147828197066684,0.224418147869797,0.153224859402723,350109.880136792,280715.120091156,339900.989700443,0.289459489712234,0.274336332200393,0.283427019721284,1,1,,0,0.1349,0.1486,0.419
MP_saithe_HCR-A_Ftrgt-0.3_Btrigger-260000_TACconstr-FALSE_BB-FALSE_ObsRho--0.12_ObsSd-0.04.rds,MP_saithe,0.3,260000,A,FALSE,FALSE,-0.12,0.04,0.3,107297,149098,118923.767036239,95721.5252607457,115054.773372901,117605.391916186,97416.0741854712,113659.846599903,6e-04,0,0.0024,0,0,0.01,0,0.151020827630711,0.260490888205683,0.156348203281493,0.151776590480248,0.232555030173566,0.156806924434526,351066.393934342,283192.21791756,341756.876112582,0.28894098480901,0.272398125599181,0.282818308811673,1,1,,0,0.162,0.178,0.4562
MP_saithe_HCR-A_Ftrgt-0.3_Btrigger-270000_TACconstr-FALSE_BB-FALSE_ObsRho--0.12_ObsSd-0.04.rds,MP_saithe,0.3,270000,A,FALSE,FALSE,-0.12,0.04,0.3,107297,149098,118895.660832198,95479.2928332026,115061.647417215,117957.6658533,97310.256582348,114031.24670053,6e-04,0,0.0024,0,0,0.01,0,0.154952752146987,0.273784351368254,0.161758397558645,0.155991995694215,0.239076835932287,0.162354268343521,352360.348652085,286106.417960073,343296.628366929,0.288312709291449,0.27002808598097,0.28184115491759,1,1,,0,0.1896,0.2122,0.4876
MP_saithe_HCR-A_Ftrgt-0.3_Btrigger-2e+05_TACconstr-FALSE_BB-FALSE_ObsRho--0.12_ObsSd-0.04.rds,MP_saithe,0.3,2e+05,A,FALSE,FALSE,-0.12,0.04,0.3,107297,149098,118995.542710396,96757.6297312458,114839.968732474,116525.695601762,94663.6285719499,112241.152806568,0.00065,0,0.0026,0,0,0.01,0,0.137704036701937,0.209796023508076,0.141074101293817,0.137704036701937,0.186695008321639,0.141197597545923,346879.244577561,271562.356709177,335236.475217829,0.290771115041514,0.283062370946033,0.284824793450466,1,1,,0,0.0367,0.039,0.207
MP_saithe_HCR-A_Ftrgt-0.31_Btrigger-140000_TACconstr-FALSE_BB-FALSE_ObsRho--0.12_ObsSd-0.04.rds,MP_saithe,0.31,140000,A,FALSE,FALSE,-0.12,0.04,0.31,107297,149098,119217.489529047,98735.0929383071,115078.912035618,116416.704867241,94942.4165218059,111990.89873665,0.00085,0,0.0034,0,0,0.01,0,0.138988790218073,0.1819284865751,0.141003639173189,0.138995694776096,0.161389271547753,0.141476606370478,334122.958950361,262771.228216214,323276.816796079,0.300553174678705,0.295459403297116,0.294530143334526,1,1,,0,0.004,0.0046,0.0438
MP_saithe_HCR-A_Ftrgt-0.31_Btrigger-150000_TACconstr-FALSE_BB-FALSE_ObsRho--0.12_ObsSd-0.04.rds,MP_saithe,0.31,150000,A,FALSE,FALSE,-0.12,0.04,0.31,107297,149098,119217.550806475,98712.3917505435,115093.268400113,116423.0634144,95028.4725162209,112087.055973238,0.00085,0,0.0034,0,0,0.01,0,0.139152945933988,0.183362959700008,0.141003639173189,0.13918950658347,0.163699238473673,0.141418957804662,334124.692401591,263166.898261838,323369.971712367,0.300530903672769,0.295327492605486,0.294529267914754,1,1,,0,0.0061,0.0076,0.0572
MP_saithe_HCR-A_Ftrgt-0.31_Btrigger-160000_TACconstr-FALSE_BB-FALSE_ObsRho--0.12_ObsSd-0.04.rds,MP_saithe,0.31,160000,A,FALSE,FALSE,-0.12,0.04,0.31,107297,149098,119218.387659806,98680.1746408045,115110.629928547,116430.309326454,95220.5223474316,112230.099568677,8e-04,0,0.0032,0,0,0.01,0,0.139364452852526,0.185911079466792,0.141596050826725,0.139402771296234,0.165925622202729,0.141857705451801,334195.237458272,263548.318499095,323431.666651126,0.300512737565668,0.295167255935292,0.294528455253792,1,1,,0,0.011,0.0138,0.0798
MP_saithe_HCR-A_Ftrgt-0.31_Btrigger-170000_TACconstr-FALSE_BB-FALSE_ObsRho--0.12_ObsSd-0.04.rds,MP_saithe,0.31,170000,A,FALSE,FALSE,-0.12,0.04,0.31,107297,149098,119220.453218658,98632.0463331431,115134.816632271,116494.436584096,95470.1631743442,112254.309202728,0.00075,0,0.003,0,0,0.01,0,0.13996129005768,0.188719591878963,0.141893395709036,0.139977526805161,0.169043317105528,0.142199998840973,334226.647451228,263819.947282926,323510.123981112,0.300441460846687,0.294555818913761,0.29451835280411,1,1,,0,0.0166,0.021,0.1088
MP_saithe_HCR-A_Ftrgt-0.31_Btrigger-180000_TACconstr-FALSE_BB-FALSE_ObsRho--0.12_ObsSd-0.04.rds,MP_saithe,0.31,180000,A,FALSE,FALSE,-0.12,0.04,0.31,107297,149098,119220.998858371,98565.5180008228,115168.719401459,116544.210030117,95625.4327026333,112332.099721966,0.00075,0,0.003,0,0,0.01,0,0.140455865725327,0.192254043913296,0.143270682742354,0.140455865725327,0.174336945294132,0.143376432073344,334328.188120255,264827.896603739,323804.254713614,0.300431442872312,0.29424838227333,0.294413001650045,1,1,,0,0.0245,0.028,0.137
MP_saithe_HCR-A_Ftrgt-0.31_Btrigger-190000_TACconstr-FALSE_BB-FALSE_ObsRho--0.12_ObsSd-0.04.rds,MP_saithe,0.31,190000,A,FALSE,FALSE,-0.12,0.04,0.31,107297,149098,119220.319349692,98478.2413229172,115210.819538711,116624.842688338,95780.5288144195,112370.729546483,0.00065,0,0.0026,0,0,0.01,0,0.140941357837101,0.198960211138034,0.143983479860028,0.140991983322283,0.178649497449024,0.144406854202464,334669.136602541,266013.960129043,324329.057716751,0.300404617705493,0.293657341958795,0.294403252114916,1,1,,0,0.0364,0.0372,0.173
MP_saithe_HCR-A_Ftrgt-0.31_Btrigger-210000_TACconstr-FALSE_BB-FALSE_ObsRho--0.12_ObsSd-0.04.rds,MP_saithe,0.31,210000,A,FALSE,FALSE,-0.12,0.04,0.31,107297,149098,119213.595070428,98236.6773180613,115298.475583616,116949.339861332,96799.6667227724,112751.414021113,0.00065,0,0.0026,0,0,0.01,0,0.144091678533629,0.211915375379822,0.146095583546169,0.144016495882731,0.194985309691044,0.146914417949848,335488.82488687,268779.840361158,325335.902142466,0.30005313583216,0.291068575127977,0.294065814867373,1,1,,0,0.066,0.0698,0.2586
MP_saithe_HCR-A_Ftrgt-0.31_Btrigger-220000_TACconstr-FALSE_BB-FALSE_ObsRho--0.12_ObsSd-0.04.rds,MP_saithe,0.31,220000,A,FALSE,FALSE,-0.12,0.04,0.31,107297,149098,119204.061837789,98088.1790869557,115333.632298247,117109.211667424,97376.082802071,112968.856788535,6e-04,0,0.0024,0,0,0.01,0,0.145859796522958,0.219671070880237,0.148217902833255,0.145805526699601,0.206738966023489,0.149319381711442,336203.468736709,270212.696096091,326255.536279489,0.299633037468281,0.289139609775929,0.29357134411999,1,1,,0,0.0872,0.0962,0.2992
MP_saithe_HCR-A_Ftrgt-0.31_Btrigger-230000_TACconstr-FALSE_BB-FALSE_ObsRho--0.12_ObsSd-0.04.rds,MP_saithe,0.31,230000,A,FALSE,FALSE,-0.12,0.04,0.31,107297,149098,119192.364744375,97919.672196777,115358.145083339,117285.409706838,97908.532016084,113164.361692611,6e-04,0,0.0024,0,0,0.01,0,0.147574294139553,0.227047198019638,0.151508792044575,0.147574294139554,0.212644092388263,0.15321405181963,337076.164441251,272242.31680244,327591.140643017,0.299311946495108,0.287053165551434,0.293306787590349,1,1,,0,0.1122,0.1216,0.344
MP_saithe_HCR-A_Ftrgt-0.31_Btrigger-240000_TACconstr-FALSE_BB-FALSE_ObsRho--0.12_ObsSd-0.04.rds,MP_saithe,0.31,240000,A,FALSE,FALSE,-0.12,0.04,0.31,107297,149098,119175.641749003,97728.171107546,115376.311669756,117553.960837939,98520.2032808781,113449.281817161,6e-04,0,0.0024,0,0,0.01,0,0.151494835465184,0.234691691378376,0.154826133060929,0.151852926096778,0.220184047797247,0.155852233317837,338098.729847698,274543.08167791,329013.213443585,0.298970828105408,0.284829371849702,0.29270254151447,1,1,,0,0.1367,0.1478,0.3868
MP_saithe_HCR-A_Ftrgt-0.31_Btrigger-250000_TACconstr-FALSE_BB-FALSE_ObsRho--0.12_ObsSd-0.04.rds,MP_saithe,0.31,250000,A,FALSE,FALSE,-0.12,0.04,0.31,107297,149098,119152.739112816,97515.3624206837,115391.032783961,117846.953903414,98892.8716495433,113953.310917926,6e-04,0,0.0024,0,0,0.01,0,0.154782120695364,0.246412550265032,0.159778242054004,0.155295055668513,0.227920014183776,0.16069422396601,339036.868622474,276568.457311554,330564.380617372,0.298582244864485,0.2830588904415,0.292143874350045,1,1,,0,0.1629,0.1768,0.4338
MP_saithe_HCR-A_Ftrgt-0.31_Btrigger-260000_TACconstr-FALSE_BB-FALSE_ObsRho--0.12_ObsSd-0.04.rds,MP_saithe,0.31,260000,A,FALSE,FALSE,-0.12,0.04,0.31,107297,149098,119125.25749676,97283.9542586373,115391.258895064,118268.672998316,99199.8291431916,114341.356272848,6e-04,0,0.0024,0,0,0.01,0,0.15895934802347,0.259724335453098,0.165766853357356,0.159511057151532,0.237405836244857,0.166054678504819,340645.977787374,279283.821250584,331986.494188084,0.297824685308468,0.280853691134184,0.290777075096116,1,1,,0,0.1916,0.211,0.4712
MP_saithe_HCR-A_Ftrgt-0.31_Btrigger-270000_TACconstr-FALSE_BB-FALSE_ObsRho--0.12_ObsSd-0.04.rds,MP_saithe,0.31,270000,A,FALSE,FALSE,-0.12,0.04,0.31,107297,149098,119093.821133364,97033.6815549198,115377.935684205,118727.727822925,98708.5738338999,114915.639470535,6e-04,0,0.0024,0,0,0.01,0,0.16322563383385,0.273326161692061,0.170655528500661,0.163861134191701,0.245407399914722,0.170760416703363,342065.095995131,281973.577418488,333634.32349216,0.297161762576458,0.278231713953262,0.290058078365201,1,1,,0,0.2243,0.2456,0.5004
MP_saithe_HCR-A_Ftrgt-0.31_Btrigger-2e+05_TACconstr-FALSE_BB-FALSE_ObsRho--0.12_ObsSd-0.04.rds,MP_saithe,0.31,2e+05,A,FALSE,FALSE,-0.12,0.04,0.31,107297,149098,119218.29654737,98368.6972417594,115254.412972428,116763.411640306,96187.4057099384,112503.000674451,0.00065,0,0.0026,0,0,0.01,0,0.142122654812007,0.205079620092354,0.145339220966403,0.142122654812007,0.186606407534759,0.145812063014921,334881.417046097,267440.264022689,324793.433031061,0.300289646322241,0.292429056003177,0.294043533522757,1,1,,0,0.0484,0.0522,0.217
MP_saithe_HCR-A_Ftrgt-0.32_Btrigger-140000_TACconstr-FALSE_BB-FALSE_ObsRho--0.12_ObsSd-0.04.rds,MP_saithe,0.32,140000,A,FALSE,FALSE,-0.12,0.04,0.32,107297,149098,119395.998397457,100316.438014403,115431.444902433,116480.035608459,96646.36763506,112293.670718209,0.00085,0,0.0034,0,0,0.01,0,0.142657855406967,0.176522054300202,0.145098506663823,0.142554888631795,0.160941581287529,0.145195089089041,322417.785431985,258800.149098069,313136.622601034,0.310215107680977,0.304981428441091,0.30359406305591,1,1,,0,0.0061,0.0074,0.0448
MP_saithe_HCR-A_Ftrgt-0.32_Btrigger-150000_TACconstr-FALSE_BB-FALSE_ObsRho--0.12_ObsSd-0.04.rds,MP_saithe,0.32,150000,A,FALSE,FALSE,-0.12,0.04,0.32,107297,149098,119396.560268062,100292.647691723,115443.60806687,116507.66415241,96799.0228263656,112329.746801887,0.00085,0,0.0034,0,0,0.01,0,0.142856220873615,0.177815551098742,0.145301189895754,0.142784884238115,0.16294688230676,0.145350934223945,322456.727098276,259111.835805906,313324.365225982,0.310201925055979,0.304981428441091,0.303598879404018,1,1,,0,0.0101,0.0124,0.059
MP_saithe_HCR-A_Ftrgt-0.32_Btrigger-160000_TACconstr-FALSE_BB-FALSE_ObsRho--0.12_ObsSd-0.04.rds,MP_saithe,0.32,160000,A,FALSE,FALSE,-0.12,0.04,0.32,107297,149098,119398.25752433,100255.444180843,115460.203314222,116544.853433742,96903.6591614316,112411.577328535,8e-04,0,0.0032,0,0,0.01,0,0.143276686305157,0.180565726363504,0.145437747681512,0.143150926096096,0.165497357957721,0.145437747681512,322530.569094636,259434.221441025,313480.730441105,0.310150331549495,0.304632084240682,0.303561642769314,1,1,,0,0.0164,0.0198,0.084
MP_saithe_HCR-A_Ftrgt-0.32_Btrigger-170000_TACconstr-FALSE_BB-FALSE_ObsRho--0.12_ObsSd-0.04.rds,MP_saithe,0.32,170000,A,FALSE,FALSE,-0.12,0.04,0.32,107297,149098,119398.986952858,100202.318776249,115485.198198744,116606.779537247,97092.5108703511,112455.130171469,8e-04,0,0.0032,0,0,0.01,0,0.143643043710163,0.183869050428737,0.146123895705593,0.143500948605842,0.169842341528178,0.146172536586567,322718.338738766,259886.785474716,313759.231831899,0.310122673278388,0.304225326217048,0.303654631319271,1,1,,0,0.0237,0.026,0.1144
MP_saithe_HCR-A_Ftrgt-0.32_Btrigger-180000_TACconstr-FALSE_BB-FALSE_ObsRho--0.12_ObsSd-0.04.rds,MP_saithe,0.32,180000,A,FALSE,FALSE,-0.12,0.04,0.32,107297,149098,119398.841128153,100127.373068955,115521.110979294,116641.076195741,97327.9487024027,112597.872244769,0.00075,0,0.003,0,0,0.01,0,0.144149013331261,0.188749990602573,0.146465101155303,0.144052533201668,0.173611286344096,0.146521352751623,322846.850854697,260866.48589473,314164.003565552,0.310117578324417,0.303427758654142,0.303414319040752,1,1,,0,0.0351,0.036,0.146
MP_saithe_HCR-A_Ftrgt-0.32_Btrigger-190000_TACconstr-FALSE_BB-FALSE_ObsRho--0.12_ObsSd-0.04.rds,MP_saithe,0.32,190000,A,FALSE,FALSE,-0.12,0.04,0.32,107297,149098,119397.238600094,100030.736645341,115559.822921213,116772.041015801,97555.7148325355,112728.112058884,0.00075,0,0.003,0,0,0.01,0,0.145228367875364,0.195092564432551,0.148631288323597,0.145149353005117,0.178719657281817,0.148685203118035,323256.804371378,261486.961649321,314353.005463588,0.309951843322154,0.303142838852858,0.303291682049461,1,1,,0,0.0473,0.0502,0.1814
MP_saithe_HCR-A_Ftrgt-0.32_Btrigger-210000_TACconstr-FALSE_BB-FALSE_ObsRho--0.12_ObsSd-0.04.rds,MP_saithe,0.32,210000,A,FALSE,FALSE,-0.12,0.04,0.32,107297,149098,119385.80482651,99774.2005550232,115626.107220501,117207.82338508,98453.1146312603,113150.752353615,0.00065,0,0.0026,0,0,0.01,0,0.149558526168776,0.208287084856624,0.151768367817376,0.149558526168777,0.197796100522306,0.152593946799071,324801.20950388,264887.957087956,315710.197016867,0.309376937299259,0.300179006896481,0.302849025690142,1,1,,0,0.0864,0.0934,0.2688
MP_saithe_HCR-A_Ftrgt-0.32_Btrigger-220000_TACconstr-FALSE_BB-FALSE_ObsRho--0.12_ObsSd-0.04.rds,MP_saithe,0.32,220000,A,FALSE,FALSE,-0.12,0.04,0.32,107297,149098,119374.590267521,99617.280481879,115646.394916031,117493.686029104,98753.8982324189,113422.900404169,0.00065,0,0.0026,0,0,0.01,0,0.151770498286913,0.216049281295151,0.154228099822033,0.151824816902698,0.207722193997411,0.155529738278268,325265.068228881,266706.935373052,316727.002035686,0.309003635640225,0.298067696381324,0.302600429354306,1,1,,0,0.1109,0.1178,0.3132
MP_saithe_HCR-A_Ftrgt-0.32_Btrigger-230000_TACconstr-FALSE_BB-FALSE_ObsRho--0.12_ObsSd-0.04.rds,MP_saithe,0.32,230000,A,FALSE,FALSE,-0.12,0.04,0.32,107297,149098,119359.256379951,99439.4103708963,115661.724801039,117761.486822226,99470.4612988094,113763.131536648,6e-04,0,0.0024,0,0,0.01,0,0.155525205643463,0.223664240816617,0.157091442035857,0.1559445520104,0.213847510764734,0.158479253049314,326215.603922388,268391.493533198,318271.0333715,0.308554683950552,0.295724976517528,0.302063367868674,1,1,,0,0.1356,0.1458,0.357
MP_saithe_HCR-A_Ftrgt-0.32_Btrigger-240000_TACconstr-FALSE_BB-FALSE_ObsRho--0.12_ObsSd-0.04.rds,MP_saithe,0.32,240000,A,FALSE,FALSE,-0.12,0.04,0.32,107297,149098,119337.257150143,99235.4750327474,115674.256051121,118099.491771261,100028.868958808,114273.783008158,6e-04,0,0.0024,0,0,0.01,0,0.158660021876816,0.233827594773344,0.161880893380279,0.15893846664783,0.220695058765852,0.162723797971296,327519.169294203,270482.13764041,319564.746113659,0.30813105737776,0.293811269452386,0.301529425752619,1,1,,0,0.1623,0.1758,0.4022
MP_saithe_HCR-A_Ftrgt-0.32_Btrigger-250000_TACconstr-FALSE_BB-FALSE_ObsRho--0.12_ObsSd-0.04.rds,MP_saithe,0.32,250000,A,FALSE,FALSE,-0.12,0.04,0.32,107297,149098,119311.419961034,99011.652901264,115672.367145022,118552.480157669,100321.816123619,114557.519198202,6e-04,0,0.0024,0,0,0.01,0,0.162778220359036,0.244969383991509,0.168712800525216,0.163431542507955,0.229316505899194,0.168952087644522,329043.73374968,272793.176607612,321232.553024916,0.307311017816208,0.291856385759127,0.300275605496566,1,1,,0,0.1922,0.2092,0.4468
MP_saithe_HCR-A_Ftrgt-0.32_Btrigger-260000_TACconstr-FALSE_BB-FALSE_ObsRho--0.12_ObsSd-0.04.rds,MP_saithe,0.32,260000,A,FALSE,FALSE,-0.12,0.04,0.32,107297,149098,119280.500055133,98772.1021078808,115656.040554748,118964.20185457,100322.475069879,115135.445150604,6e-04,0,0.0024,0,0,0.01,0,0.167124896738981,0.258394914749274,0.175088526216409,0.167728139105514,0.240125422482268,0.175367020792875,330561.375639683,275294.652218518,322511.539122796,0.306800703840854,0.289485107837695,0.299224748358274,1,1,,0,0.2257,0.2446,0.484
MP_saithe_HCR-A_Ftrgt-0.32_Btrigger-270000_TACconstr-FALSE_BB-FALSE_ObsRho--0.12_ObsSd-0.04.rds,MP_saithe,0.32,270000,A,FALSE,FALSE,-0.12,0.04,0.32,107297,149098,119245.997093839,98518.8660033213,115618.655015289,119403.034385618,99998.4210607449,115592.3422109,6e-04,0,0.0024,0,0,0.01,0,0.172480422302375,0.271288753664416,0.180511535230236,0.173101918880751,0.249875566550822,0.180915544838447,332409.548239088,277835.983348257,324636.891519512,0.305837236916335,0.286252546620557,0.298503275863864,1,1,,0,0.2612,0.2862,0.515
MP_saithe_HCR-A_Ftrgt-0.32_Btrigger-2e+05_TACconstr-FALSE_BB-FALSE_ObsRho--0.12_ObsSd-0.04.rds,MP_saithe,0.32,2e+05,A,FALSE,FALSE,-0.12,0.04,0.32,107297,149098,119394.225140552,99912.0344751983,115595.649889405,116922.399997931,98064.0167294648,112980.614167864,0.00065,0,0.0026,0,0,0.01,0,0.147226042321942,0.200675535071941,0.150083239987524,0.146961083129614,0.18786825860461,0.15014529057152,324058.736135262,263383.841715788,314959.793258837,0.309886463171064,0.301991357820326,0.303396697118601,1,1,,0,0.0652,0.0676,0.226
MP_saithe_HCR-A_Ftrgt-0.33_Btrigger-140000_TACconstr-FALSE_BB-FALSE_ObsRho--0.12_ObsSd-0.04.rds,MP_saithe,0.33,140000,A,FALSE,FALSE,-0.12,0.04,0.33,107297,149098,119549.169922642,101819.224707186,115740.576032047,116601.545044661,98355.4902155089,112658.166646283,9e-04,0,0.0034,2e-04,0,0.01,0.001,0.145003886629949,0.173418579438381,0.148166195671942,0.144929946538767,0.159240932096943,0.14866288281139,311668.668350711,254678.068784146,303522.563989098,0.320096196581486,0.314895954802015,0.312750005649625,1,1,,0,0.0096,0.0106,0.0466
MP_saithe_HCR-A_Ftrgt-0.33_Btrigger-150000_TACconstr-FALSE_BB-FALSE_ObsRho--0.12_ObsSd-0.04.rds,MP_saithe,0.33,150000,A,FALSE,FALSE,-0.12,0.04,0.33,107297,149098,119550.25140496,101792.961738948,115750.434731073,116700.168250401,98476.1779953654,112674.956710018,0.00085,0,0.0034,0,0,0.01,0,0.145281741941026,0.17419686288251,0.148293581861879,0.145191650738498,0.161655513783659,0.148672385282965,311740.005992698,254841.106433862,303617.894760912,0.320084258802521,0.31471171644915,0.312797399828206,1,1,,0,0.0154,0.0174,0.0646
MP_saithe_HCR-A_Ftrgt-0.33_Btrigger-160000_TACconstr-FALSE_BB-FALSE_ObsRho--0.12_ObsSd-0.04.rds,MP_saithe,0.33,160000,A,FALSE,FALSE,-0.12,0.04,0.33,107297,149098,119550.130313119,101750.396296972,115768.141170376,116702.603000645,98579.9055214373,112762.063818701,0.00085,0,0.0034,0,0,0.01,0,0.145891477004538,0.176777113429667,0.149209532269321,0.145765752777596,0.164992657401243,0.149209532269321,311988.242469999,255362.912376733,303819.422955876,0.320236504436321,0.314354234425591,0.313113667547064,1,1,,0,0.0218,0.024,0.0886
MP_saithe_HCR-A_Ftrgt-0.33_Btrigger-170000_TACconstr-FALSE_BB-FALSE_ObsRho--0.12_ObsSd-0.04.rds,MP_saithe,0.33,170000,A,FALSE,FALSE,-0.12,0.04,0.33,107297,149098,119550.379107791,101688.638892819,115795.98673481,116800.515848971,98704.6304893971,112791.962602097,8e-04,0,0.0032,0,0,0.01,0,0.146693030252988,0.180502246617146,0.149714285560131,0.146336490365676,0.169058728865515,0.149714285560131,312147.57227822,256043.379899326,304100.200730567,0.320171805595304,0.313775094421438,0.313141851061377,1,1,,0,0.0342,0.0336,0.1206
MP_saithe_HCR-A_Ftrgt-0.33_Btrigger-180000_TACconstr-FALSE_BB-FALSE_ObsRho--0.12_ObsSd-0.04.rds,MP_saithe,0.33,180000,A,FALSE,FALSE,-0.12,0.04,0.33,107297,149098,119558.285328969,101603.871096122,115830.092053714,116908.289942018,98926.3658463508,112937.285271788,0.00075,0,0.003,0,0,0.01,0,0.148018691099575,0.18509847632518,0.151728094665777,0.147782388964083,0.174060966407466,0.152075071012575,312694.568229723,257088.583202172,304444.889978129,0.320049137475624,0.3133126910544,0.312815176810721,1,1,,0,0.0451,0.0482,0.153
MP_saithe_HCR-A_Ftrgt-0.33_Btrigger-190000_TACconstr-FALSE_BB-FALSE_ObsRho--0.12_ObsSd-0.04.rds,MP_saithe,0.33,190000,A,FALSE,FALSE,-0.12,0.04,0.33,107297,149098,119536.894466608,101497.822680021,115860.279376737,117088.215755676,99150.0063123491,113159.790048537,0.00075,0,0.003,0,0,0.01,0,0.149964069686814,0.191107926615711,0.153180745027732,0.149825298790158,0.181500124514844,0.153306002604039,313357.134501463,257746.037105094,304854.882127673,0.319879833869801,0.312469751718643,0.313039775957424,1,1,,0,0.062,0.0658,0.191
MP_saithe_HCR-A_Ftrgt-0.33_Btrigger-210000_TACconstr-FALSE_BB-FALSE_ObsRho--0.12_ObsSd-0.04.rds,MP_saithe,0.33,210000,A,FALSE,FALSE,-0.12,0.04,0.33,107297,149098,119518.449787494,101224.267969144,115905.6939905,117530.789360275,100132.699693148,113654.455680469,0.00065,0,0.0026,0,0,0.01,0,0.155428350775985,0.204790008378374,0.157284836325246,0.155585390056985,0.200441365065471,0.158130347361736,314459.416978156,261178.953878319,306415.271886576,0.319002600870913,0.309248807105496,0.311945675057212,1,1,,0,0.1078,0.1134,0.2786
MP_saithe_HCR-A_Ftrgt-0.33_Btrigger-220000_TACconstr-FALSE_BB-FALSE_ObsRho--0.12_ObsSd-0.04.rds,MP_saithe,0.33,220000,A,FALSE,FALSE,-0.12,0.04,0.33,107297,149098,119503.620369232,101056.891505763,115919.405671982,117905.304188636,100627.441652744,113997.819334347,0.00065,0,0.0026,0,0,0.01,0,0.158579772432916,0.212918560933699,0.161121447661025,0.159078875650002,0.209064568169778,0.162721889140678,315524.856037111,263227.097138481,308071.638483435,0.318462860476543,0.307210781515828,0.311272625074346,1,1,,0,0.1349,0.1414,0.3244
MP_saithe_HCR-A_Ftrgt-0.33_Btrigger-230000_TACconstr-FALSE_BB-FALSE_ObsRho--0.12_ObsSd-0.04.rds,MP_saithe,0.33,230000,A,FALSE,FALSE,-0.12,0.04,0.33,107297,149098,119483.133643082,100864.295224823,115931.606773919,118292.032356343,101074.564906981,114430.531783538,0.00065,0,0.0026,0,0,0.01,0,0.162105951200849,0.222033812331505,0.165528503974742,0.162753847819182,0.215945900775567,0.165972108390206,316710.003816495,264581.499405452,309434.695048162,0.318115775423106,0.304815783237935,0.310703452234137,1,1,,0,0.1617,0.1712,0.3754
MP_saithe_HCR-A_Ftrgt-0.33_Btrigger-240000_TACconstr-FALSE_BB-FALSE_ObsRho--0.12_ObsSd-0.04.rds,MP_saithe,0.33,240000,A,FALSE,FALSE,-0.12,0.04,0.33,107297,149098,119459.890523558,100644.185966265,115935.021995441,118634.845003906,101576.106104927,114818.590632467,6e-04,0,0.0024,0,0,0.01,0,0.166765715915204,0.232423738716199,0.171960988486932,0.167086052010307,0.225762283099816,0.172418165873809,318125.30028498,266597.083721822,310841.669487514,0.317163622947485,0.302589161097296,0.309990034432089,1,1,,0,0.1914,0.2068,0.4162
MP_saithe_HCR-A_Ftrgt-0.33_Btrigger-250000_TACconstr-FALSE_BB-FALSE_ObsRho--0.12_ObsSd-0.04.rds,MP_saithe,0.33,250000,A,FALSE,FALSE,-0.12,0.04,0.33,107297,149098,119432.498667585,100414.482940453,115913.077170368,119084.724971278,101645.418630475,115246.470841339,6e-04,0,0.0024,0,0,0.01,0,0.171325414194849,0.245268150290071,0.178363033061387,0.171908420859525,0.233892993573931,0.178986173576089,319750.893184367,269354.662124556,312660.848930345,0.316365924499814,0.300565279298552,0.308752777297957,1,1,,0,0.2253,0.2432,0.463
MP_saithe_HCR-A_Ftrgt-0.33_Btrigger-260000_TACconstr-FALSE_BB-FALSE_ObsRho--0.12_ObsSd-0.04.rds,MP_saithe,0.33,260000,A,FALSE,FALSE,-0.12,0.04,0.33,107297,149098,119400.863760009,100170.626086927,115872.209410327,119683.123270414,101560.421956912,115926.559331755,6e-04,0,0.0024,0,0,0.01,0,0.178142504783836,0.257154368422416,0.184538960988594,0.178535866514181,0.242249934249677,0.184782916560182,321703.904780397,271660.122992691,314698.106500817,0.315470032708615,0.29747091564126,0.308105926426313,1,1,,0,0.2616,0.2842,0.4994
MP_saithe_HCR-A_Ftrgt-0.33_Btrigger-270000_TACconstr-FALSE_BB-FALSE_ObsRho--0.12_ObsSd-0.04.rds,MP_saithe,0.33,270000,A,FALSE,FALSE,-0.12,0.04,0.33,107297,149098,119360.782190968,99908.6665314932,115820.799550168,120241.132414934,101185.768989092,116352.287400355,6e-04,0,0.0024,0,0,0.01,0,0.183485091688546,0.269636481961669,0.191524772478297,0.183817025731876,0.253275002088913,0.192326277404805,323686.550455267,274230.308882813,317042.256258386,0.314041476843927,0.294273542190218,0.30649660044861,1,1,,0,0.2983,0.3168,0.5316
MP_saithe_HCR-A_Ftrgt-0.33_Btrigger-2e+05_TACconstr-FALSE_BB-FALSE_ObsRho--0.12_ObsSd-0.04.rds,MP_saithe,0.33,2e+05,A,FALSE,FALSE,-0.12,0.04,0.33,107297,149098,119529.155408749,101369.375051372,115889.772534047,117308.133598858,99685.8302733138,113305.097443877,7e-04,0,0.0028,0,0,0.01,0,0.152973440370189,0.196963879184542,0.155367361185238,0.153030107862762,0.190645689172044,0.155658215074642,313698.63601386,259401.233300644,305613.333019661,0.319277178838134,0.311249889792636,0.312303216057725,1,1,,0,0.0841,0.09,0.2344
MP_saithe_HCR-A_Ftrgt-0.34_Btrigger-140000_TACconstr-FALSE_BB-FALSE_ObsRho--0.12_ObsSd-0.04.rds,MP_saithe,0.34,140000,A,FALSE,FALSE,-0.12,0.04,0.34,107297,149098,119662.743981166,103266.937572813,115988.88800743,116691.736375583,99834.3500645391,112844.401168541,0.0011,0,0.004,4e-04,0,0.01,0.001,0.149183443598057,0.169926331241368,0.152152103995063,0.148880185005399,0.159972687489621,0.152729413120392,301656.769168376,250525.326829691,294190.780434323,0.329941074503976,0.32465800287839,0.322158723424718,1,1,,0,0.0133,0.0152,0.048
MP_saithe_HCR-A_Ftrgt-0.34_Btrigger-150000_TACconstr-FALSE_BB-FALSE_ObsRho--0.12_ObsSd-0.04.rds,MP_saithe,0.34,150000,A,FALSE,FALSE,-0.12,0.04,0.34,107297,149098,119662.457310007,103233.897543744,116001.365257955,116771.578456368,99990.277929051,112880.561764257,0.0011,0,0.004,4e-04,0,0.01,0.001,0.149652219045179,0.171097662001651,0.153053622358502,0.149343519271642,0.162208488457398,0.153741314171022,301763.228083781,250922.2693566,294450.805407822,0.329896518944811,0.324353805718795,0.322055612085961,1,1,,0,0.02,0.0224,0.0674
MP_saithe_HCR-A_Ftrgt-0.34_Btrigger-160000_TACconstr-FALSE_BB-FALSE_ObsRho--0.12_ObsSd-0.04.rds,MP_saithe,0.34,160000,A,FALSE,FALSE,-0.12,0.04,0.34,107297,149098,119663.648935121,103184.276232346,116020.419478389,116855.790031925,100132.321711658,112910.212081016,0.0011,0,0.004,4e-04,0,0.01,0.001,0.150106039379895,0.173799680189961,0.153892188649379,0.149665712160021,0.165044852586593,0.154380397233877,301994.024647024,251463.311886823,294759.826868962,0.329944164305725,0.324296927121404,0.322293599228417,1,1,,0,0.0313,0.0302,0.095
MP_saithe_HCR-A_Ftrgt-0.34_Btrigger-170000_TACconstr-FALSE_BB-FALSE_ObsRho--0.12_ObsSd-0.04.rds,MP_saithe,0.34,170000,A,FALSE,FALSE,-0.12,0.04,0.34,107297,149098,119662.140429696,103113.266144852,116048.440711411,116928.612063951,100318.283156933,113103.557517263,0.001,0,0.0038,2e-04,0,0.01,0.001,0.151467050484072,0.176632191066456,0.154980134854769,0.151265616530916,0.169065434753143,0.155352824222377,302395.660806947,252346.655394168,294953.604739078,0.329893936308544,0.323696032815284,0.322287706012228,1,1,,0,0.0427,0.0436,0.1284
MP_saithe_HCR-A_Ftrgt-0.34_Btrigger-180000_TACconstr-FALSE_BB-FALSE_ObsRho--0.12_ObsSd-0.04.rds,MP_saithe,0.34,180000,A,FALSE,FALSE,-0.12,0.04,0.34,107297,149098,119660.440806946,103016.263648674,116077.138788496,117091.089199445,100553.076736481,113305.529781439,0.001,0,0.0038,2e-04,0,0.01,0.001,0.15326843257089,0.181098469789531,0.156187450750865,0.153216335391207,0.175108871183867,0.157028827003258,302933.585178137,253739.922444834,295399.599524662,0.329614741278384,0.323008188780318,0.32196201883253,1,1,,0,0.0588,0.0626,0.1614
MP_saithe_HCR-A_Ftrgt-0.34_Btrigger-190000_TACconstr-FALSE_BB-FALSE_ObsRho--0.12_ObsSd-0.04.rds,MP_saithe,0.34,190000,A,FALSE,FALSE,-0.12,0.04,0.34,107297,149098,119656.900295935,102897.443564182,116098.963647364,117414.964638075,101002.959727417,113511.471062676,9e-04,0,0.0034,2e-04,0,0.01,0.001,0.155802535918386,0.188388105113763,0.15848120520318,0.155925880242737,0.182714533424535,0.158513083976477,303496.552730649,254756.631643131,296089.436382631,0.329235726752032,0.321651236944861,0.321617246685025,1,1,,0,0.0807,0.0832,0.2002
MP_saithe_HCR-A_Ftrgt-0.34_Btrigger-210000_TACconstr-FALSE_BB-FALSE_ObsRho--0.12_ObsSd-0.04.rds,MP_saithe,0.34,210000,A,FALSE,FALSE,-0.12,0.04,0.34,107297,149098,119634.008224123,102606.938505807,116124.383590188,117884.506047761,101828.559401823,114028.878313749,0.00075,0,0.0028,2e-04,0,0.01,0.001,0.162016740468154,0.201760947052199,0.164712326504517,0.162613054468554,0.20082289915401,0.165362963722888,305231.460685775,257442.278634785,298484.05328485,0.328238861236897,0.318348434258611,0.320839740732755,1,1,,0,0.1329,0.1372,0.2932
MP_saithe_HCR-A_Ftrgt-0.34_Btrigger-220000_TACconstr-FALSE_BB-FALSE_ObsRho--0.12_ObsSd-0.04.rds,MP_saithe,0.34,220000,A,FALSE,FALSE,-0.12,0.04,0.34,107297,149098,119616.15875109,102422.869868004,116135.947632681,118320.894296749,102280.124913837,114405.73214634,7e-04,0,0.0026,2e-04,0,0.01,0.001,0.165809577003807,0.210738299870464,0.169444735873457,0.166097402786824,0.211220257331049,0.170888845927386,306412.617060181,259496.520819251,299931.654845115,0.327879355309327,0.316069915966965,0.320053862879028,1,1,,0,0.1598,0.1666,0.3432
MP_saithe_HCR-A_Ftrgt-0.34_Btrigger-230000_TACconstr-FALSE_BB-FALSE_ObsRho--0.12_ObsSd-0.04.rds,MP_saithe,0.34,230000,A,FALSE,FALSE,-0.12,0.04,0.34,107297,149098,119594.125162192,102212.044730641,116144.214429021,118720.30497286,102617.70586922,114947.902065321,7e-04,0,0.0026,2e-04,0,0.01,0.001,0.170260457349295,0.221172543424626,0.174385011135064,0.170933547041695,0.220152556375794,0.17505218229667,307883.372166203,261027.375351578,301413.962175554,0.327018645591532,0.313867216980802,0.319408215772068,1,1,,0,0.1881,0.1994,0.3886
MP_saithe_HCR-A_Ftrgt-0.34_Btrigger-240000_TACconstr-FALSE_BB-FALSE_ObsRho--0.12_ObsSd-0.04.rds,MP_saithe,0.34,240000,A,FALSE,FALSE,-0.12,0.04,0.34,107297,149098,119573.2270783,101984.797650484,116122.987571057,119189.406219101,102981.982581932,115530.857568171,0.00065,0,0.0024,2e-04,0,0.01,0.001,0.175634493911273,0.231741754694171,0.181479518175402,0.175684776090567,0.228243246465085,0.181582076830028,309296.562228261,263276.182034538,303081.485731098,0.326109706523667,0.311340358655894,0.318500047914233,1,1,,0,0.2227,0.2384,0.4312
MP_saithe_HCR-A_Ftrgt-0.34_Btrigger-250000_TACconstr-FALSE_BB-FALSE_ObsRho--0.12_ObsSd-0.04.rds,MP_saithe,0.34,250000,A,FALSE,FALSE,-0.12,0.04,0.34,107297,149098,119544.858842935,101749.349616172,116080.06726448,119762.69454124,102994.823510227,116078.165740205,6e-04,0,0.0024,0,0,0.01,0,0.181906258710315,0.24541506721678,0.187841418956146,0.182517073405924,0.238804221429636,0.188501304374911,311323.122575087,265817.369164332,305263.467732217,0.32491052436541,0.309239574009611,0.317372661092265,1,1,,0,0.26,0.2784,0.4774
MP_saithe_HCR-A_Ftrgt-0.34_Btrigger-260000_TACconstr-FALSE_BB-FALSE_ObsRho--0.12_ObsSd-0.04.rds,MP_saithe,0.34,260000,A,FALSE,FALSE,-0.12,0.04,0.34,107297,149098,119496.936131952,101496.008342268,116027.179782895,120344.755316112,102804.39338536,116618.349261568,6e-04,0,0.0024,0,0,0.01,0,0.188158708518252,0.257461571221564,0.196986898924763,0.18859599329447,0.247367843303827,0.198000432387738,313251.326518602,268358.456486027,307257.407619332,0.323537647225785,0.305714422629077,0.316062949586572,1,1,,0,0.2958,0.3136,0.5144
MP_saithe_HCR-A_Ftrgt-0.34_Btrigger-270000_TACconstr-FALSE_BB-FALSE_ObsRho--0.12_ObsSd-0.04.rds,MP_saithe,0.34,270000,A,FALSE,FALSE,-0.12,0.04,0.34,107297,149098,119455.059056372,101228.368153489,115962.070049067,120889.1985035,101822.385940702,117134.445286256,6e-04,0,0.0024,0,0,0.01,0,0.195182165646057,0.269890126571504,0.203338404459782,0.195808981620518,0.256226408468047,0.203980997101723,315444.265115737,271253.745395602,309635.055750549,0.322304629203575,0.301946626065343,0.314354656781663,1,1,,0,0.3348,0.3508,0.5488
MP_saithe_HCR-A_Ftrgt-0.34_Btrigger-2e+05_TACconstr-FALSE_BB-FALSE_ObsRho--0.12_ObsSd-0.04.rds,MP_saithe,0.34,2e+05,A,FALSE,FALSE,-0.12,0.04,0.34,107297,149098,119647.362565576,102763.671040017,116113.359004768,117617.996856772,101357.435844599,113789.967664782,0.00085,0,0.0032,2e-04,0,0.01,0.001,0.158338854199004,0.194160725964996,0.159967830945293,0.158601757156876,0.191719496397109,0.161114973540199,304173.663275032,255961.340614697,297131.173913888,0.328956982469911,0.320126431905121,0.321063651433639,1,1,,0,0.1049,0.1094,0.2432
MP_saithe_HCR-A_Ftrgt-0.35_Btrigger-140000_TACconstr-FALSE_BB-FALSE_ObsRho--0.12_ObsSd-0.04.rds,MP_saithe,0.35,140000,A,FALSE,FALSE,-0.12,0.04,0.35,107297,149098,119759.39047858,104651.722954811,116193.91848807,116856.42078278,101322.758236071,112842.137712578,0.00125,1e-04,0.0044,4e-04,0.001,0.011,0.001,0.153310524415528,0.167040062069509,0.155451243110337,0.153115792508675,0.160737914805938,0.156155708702128,292076.648677181,247783.210862608,285196.555005664,0.339744440985728,0.334184451693419,0.331341465626698,1,1,,0,0.0188,0.0202,0.053
MP_saithe_HCR-A_Ftrgt-0.35_Btrigger-150000_TACconstr-FALSE_BB-FALSE_ObsRho--0.12_ObsSd-0.04.rds,MP_saithe,0.35,150000,A,FALSE,FALSE,-0.12,0.04,0.35,107297,149098,119760.839111774,104612.646195178,116205.678642479,116968.28898966,101602.848453176,112949.540258427,0.0012,1e-04,0.0042,4e-04,0.001,0.01,0.001,0.153867573664154,0.168733586008387,0.156697683017211,0.153383024533045,0.163389717536325,0.157691774382882,292215.968634377,248123.003922183,285595.075753655,0.339716016057632,0.333975399863388,0.331317876507358,1,1,,0,0.0277,0.029,0.0728
MP_saithe_HCR-A_Ftrgt-0.35_Btrigger-160000_TACconstr-FALSE_BB-FALSE_ObsRho--0.12_ObsSd-0.04.rds,MP_saithe,0.35,160000,A,FALSE,FALSE,-0.12,0.04,0.35,107297,149098,119760.092742461,104552.840752351,116226.195241041,117011.149705001,101729.39448435,113076.281383545,0.0012,1e-04,0.0042,4e-04,0.001,0.01,0.001,0.154570676224161,0.171865002759023,0.158072016744844,0.154230625520298,0.166947585569808,0.159110637901977,292558.894764565,248700.628316583,285906.334105879,0.339662064809278,0.333931194477077,0.331306812038073,1,1,,0,0.0406,0.04,0.1024
MP_saithe_HCR-A_Ftrgt-0.35_Btrigger-170000_TACconstr-FALSE_BB-FALSE_ObsRho--0.12_ObsSd-0.04.rds,MP_saithe,0.35,170000,A,FALSE,FALSE,-0.12,0.04,0.35,107297,149098,119758.558418193,104467.934147062,116252.185261666,117202.730696338,102018.140415854,113277.879526106,0.00115,1e-04,0.004,4e-04,0.001,0.01,0.001,0.156256565356763,0.174523586595039,0.159983888127439,0.155891172131475,0.170474731042917,0.160272173509194,292931.292696289,249184.466831447,286548.378570658,0.339627705180748,0.332922492634339,0.331274149510652,1,1,,0,0.0554,0.0572,0.1384
MP_saithe_HCR-A_Ftrgt-0.35_Btrigger-180000_TACconstr-FALSE_BB-FALSE_ObsRho--0.12_ObsSd-0.04.rds,MP_saithe,0.35,180000,A,FALSE,FALSE,-0.12,0.04,0.35,107297,149098,119753.971889969,104357.874006131,116277.858732987,117388.197841635,102227.972307649,113461.495207297,0.00105,1e-04,0.0038,2e-04,0.001,0.01,0.001,0.158399409444219,0.17945851380613,0.16189378938473,0.158321879185247,0.17678113905138,0.161871957763067,293715.54708917,250125.647942185,287299.332089241,0.339181523436519,0.332191815444412,0.331362004501103,1,1,,0,0.0752,0.0784,0.1712
MP_saithe_HCR-A_Ftrgt-0.35_Btrigger-190000_TACconstr-FALSE_BB-FALSE_ObsRho--0.12_ObsSd-0.04.rds,MP_saithe,0.35,190000,A,FALSE,FALSE,-0.12,0.04,0.35,107297,149098,119714.300412074,104231.792484962,116325.238872118,117594.190293429,102561.062352987,113790.558075055,0.001,1e-04,0.0036,2e-04,0.001,0.01,0.001,0.161286481798851,0.185446983705438,0.16439466999641,0.161387792938286,0.184474631708497,0.16449764978488,294276.453683482,251146.291953924,288429.722240842,0.338854993054104,0.331533196997085,0.331312796021234,1,1,,0,0.0997,0.1038,0.2106
MP_saithe_HCR-A_Ftrgt-0.35_Btrigger-210000_TACconstr-FALSE_BB-FALSE_ObsRho--0.12_ObsSd-0.04.rds,MP_saithe,0.35,210000,A,FALSE,FALSE,-0.12,0.04,0.35,107297,149098,119691.021419516,103913.234879607,116321.720134746,118350.766119793,103438.436124687,114500.390645289,0.00085,1e-04,0.003,2e-04,0.001,0.01,0.001,0.169580216418683,0.200489646495067,0.172270765533117,0.169909814083907,0.203593309142639,0.173607899861918,296370.187866829,254174.355060313,290779.102240402,0.337769038784603,0.327848574970217,0.329515787313617,1,1,,0,0.1554,0.1588,0.3112
MP_saithe_HCR-A_Ftrgt-0.35_Btrigger-220000_TACconstr-FALSE_BB-FALSE_ObsRho--0.12_ObsSd-0.04.rds,MP_saithe,0.35,220000,A,FALSE,FALSE,-0.12,0.04,0.35,107297,149098,119673.13793553,103709.293836399,116329.612157884,118703.93448159,103988.485183999,114952.447725119,0.00075,0,0.0028,2e-04,0,0.01,0.001,0.174284977028774,0.210763200012823,0.177453007878505,0.174561726709101,0.214490277113781,0.178518508469062,297691.632620237,255707.243224992,292164.757015973,0.337072849800848,0.324984206621979,0.3287790329505,1,1,,0,0.184,0.1932,0.3582
MP_saithe_HCR-A_Ftrgt-0.35_Btrigger-230000_TACconstr-FALSE_BB-FALSE_ObsRho--0.12_ObsSd-0.04.rds,MP_saithe,0.35,230000,A,FALSE,FALSE,-0.12,0.04,0.35,107297,149098,119653.165508468,103489.307253358,116318.141452237,119202.478454824,104230.917468323,115600.866672339,7e-04,0,0.0026,2e-04,0,0.01,0.001,0.179341695099425,0.222549070740726,0.183718216401689,0.179473591003882,0.224757071041716,0.184574131937525,299215.22379072,257645.549644389,293910.633292303,0.335771864373021,0.322571842617079,0.328252686167839,1,1,,0,0.2185,0.2322,0.4034
MP_saithe_HCR-A_Ftrgt-0.35_Btrigger-240000_TACconstr-FALSE_BB-FALSE_ObsRho--0.12_ObsSd-0.04.rds,MP_saithe,0.35,240000,A,FALSE,FALSE,-0.12,0.04,0.35,107297,149098,119630.371037361,103256.541462147,116280.867392628,119759.696298116,104464.318473879,116155.665593832,7e-04,0,0.0026,2e-04,0,0.01,0.001,0.186256117293713,0.23389361274819,0.191753141837331,0.186871381206906,0.233046030094882,0.192539847244671,301119.403507691,260053.189078301,295894.611331995,0.334783373393958,0.319795269227952,0.326965113855501,1,1,,0,0.2568,0.2734,0.4456
MP_saithe_HCR-A_Ftrgt-0.35_Btrigger-250000_TACconstr-FALSE_BB-FALSE_ObsRho--0.12_ObsSd-0.04.rds,MP_saithe,0.35,250000,A,FALSE,FALSE,-0.12,0.04,0.35,107297,149098,119584.64876027,103010.478140324,116251.474858407,120447.538014507,104292.219678678,116695.702622903,0.00065,0,0.0024,2e-04,0,0.01,0.001,0.192582842899953,0.244714698535325,0.199222337124472,0.193080413444978,0.24163620667001,0.200657611885563,303237.790790154,262624.975468622,297903.846875852,0.333161345884892,0.317033907304548,0.325716037476305,1,1,,0,0.2936,0.3112,0.4918
MP_saithe_HCR-A_Ftrgt-0.35_Btrigger-260000_TACconstr-FALSE_BB-FALSE_ObsRho--0.12_ObsSd-0.04.rds,MP_saithe,0.35,260000,A,FALSE,FALSE,-0.12,0.04,0.35,107297,149098,119546.978149587,102749.637861721,116179.649508173,120845.344095452,103856.691522655,117256.302840588,6e-04,0,0.0024,0,0,0.01,0,0.199805608471688,0.257088206033912,0.207151183672265,0.200275133165571,0.251806104113743,0.209667541798202,305394.663246217,264793.583055551,300595.04363434,0.331410664286351,0.313228559622802,0.323406336825043,1,1,,0,0.3306,0.3488,0.531
MP_saithe_HCR-A_Ftrgt-0.35_Btrigger-270000_TACconstr-FALSE_BB-FALSE_ObsRho--0.12_ObsSd-0.04.rds,MP_saithe,0.35,270000,A,FALSE,FALSE,-0.12,0.04,0.35,107297,149098,119497.053938831,102471.402509235,116110.030447204,121442.068650541,102874.37184404,117720.010672282,6e-04,0,0.0024,0,0,0.01,0,0.206847429232017,0.268455557957168,0.215300033745018,0.207694542860616,0.258541809969376,0.218456340135371,307896.035220918,267589.819467415,302851.698267942,0.329819821096739,0.30923524600289,0.321620201109336,1,1,,0,0.3664,0.3846,0.5668
MP_saithe_HCR-A_Ftrgt-0.35_Btrigger-2e+05_TACconstr-FALSE_BB-FALSE_ObsRho--0.12_ObsSd-0.04.rds,MP_saithe,0.35,2e+05,A,FALSE,FALSE,-0.12,0.04,0.35,107297,149098,119715.515205867,104085.355071424,116313.737786737,117921.384577056,103044.849898932,114113.399015324,0.00095,1e-04,0.0034,2e-04,0.001,0.01,0.001,0.164916130723706,0.192250378592123,0.167025051414445,0.165076502876285,0.193637210470398,0.167382755081453,295307.375432145,252762.659367544,289504.359408908,0.338237760129618,0.329684803822207,0.330455622392098,1,1,,0,0.1279,0.13,0.2574
MP_saithe_HCR-A_Ftrgt-0.36_Btrigger-140000_TACconstr-FALSE_BB-FALSE_ObsRho--0.12_ObsSd-0.04.rds,MP_saithe,0.36,140000,A,FALSE,FALSE,-0.12,0.04,0.36,107297,149098,119795.581744613,105969.093232611,116388.000107359,116830.277376148,102743.224203792,112943.737398099,0.00135,2e-04,0.0044,6e-04,0.001,0.011,0.002,0.156613870260924,0.166039617898845,0.159583936452561,0.156355541278738,0.16198372352428,0.159882158308649,282754.656947915,244028.850229053,277308.995489548,0.34945941024522,0.344160419253824,0.340952913201183,1,1,,0,0.0248,0.026,0.0572
MP_saithe_HCR-A_Ftrgt-0.36_Btrigger-150000_TACconstr-FALSE_BB-FALSE_ObsRho--0.12_ObsSd-0.04.rds,MP_saithe,0.36,150000,A,FALSE,FALSE,-0.12,0.04,0.36,107297,149098,119796.054901825,105920.601186577,116402.015858117,116959.800873782,102894.889160258,113038.065748437,0.0013,2e-04,0.0042,6e-04,0.001,0.01,0.002,0.157661001991711,0.168651809760076,0.160768085520249,0.157361412450802,0.166402476636257,0.161413092423205,283142.5541098,244516.749844702,277644.07060222,0.349576749688381,0.343593351668181,0.340981653285988,1,1,,0,0.0382,0.0366,0.0806
MP_saithe_HCR-A_Ftrgt-0.36_Btrigger-160000_TACconstr-FALSE_BB-FALSE_ObsRho--0.12_ObsSd-0.04.rds,MP_saithe,0.36,160000,A,FALSE,FALSE,-0.12,0.04,0.36,107297,149098,119794.468283809,105847.777329811,116424.919527664,117115.068259917,103121.460563969,113340.328973364,0.0013,2e-04,0.0042,6e-04,0.001,0.01,0.002,0.159030691680788,0.170825977341014,0.162345678566349,0.158790617399474,0.169645655530869,0.162794021683118,283675.85275527,245022.842263692,278057.809085836,0.34950252932213,0.342971333469848,0.340786063632408,1,1,,0,0.0528,0.0518,0.1106
MP_saithe_HCR-A_Ftrgt-0.36_Btrigger-170000_TACconstr-FALSE_BB-FALSE_ObsRho--0.12_ObsSd-0.04.rds,MP_saithe,0.36,170000,A,FALSE,FALSE,-0.12,0.04,0.36,107297,149098,119790.288031736,105748.037026831,116448.085832537,117364.454926554,103369.192938496,113533.536474453,0.0013,2e-04,0.0042,6e-04,0.001,0.01,0.002,0.161946954109257,0.17369149731539,0.165180185994583,0.16177957874413,0.173597426542027,0.165364487927073,284158.266461916,245731.889509188,278515.798672143,0.34928233362046,0.342250766897644,0.340917682255595,1,1,,0,0.0713,0.0724,0.1466
MP_saithe_HCR-A_Ftrgt-0.36_Btrigger-180000_TACconstr-FALSE_BB-FALSE_ObsRho--0.12_ObsSd-0.04.rds,MP_saithe,0.36,180000,A,FALSE,FALSE,-0.12,0.04,0.36,107297,149098,119776.497020571,105627.802911738,116469.173856965,117586.326891502,103740.632292399,113834.240730613,0.00115,2e-04,0.0038,4e-04,0.001,0.01,0.001,0.164621835687966,0.177103170917279,0.167427947642975,0.164621835687966,0.178251679483499,0.167638731132699,284834.660693989,246674.170027838,279708.715682074,0.348856540971631,0.341353474222623,0.340696131286432,1,1,,0,0.0942,0.0958,0.1798
MP_saithe_HCR-A_Ftrgt-0.36_Btrigger-190000_TACconstr-FALSE_BB-FALSE_ObsRho--0.12_ObsSd-0.04.rds,MP_saithe,0.36,190000,A,FALSE,FALSE,-0.12,0.04,0.36,107297,149098,119764.133416638,105491.643840092,116476.717922298,117911.071812623,104183.027499405,114069.020755272,0.00115,2e-04,0.0038,4e-04,0.001,0.01,0.001,0.168233868812428,0.184007616551795,0.171622307042095,0.168316682906271,0.187260088762881,0.171750601343865,285681.921029649,247934.706997092,280892.127569663,0.348295518635795,0.340692689187443,0.340402354998036,1,1,,0,0.1216,0.1238,0.2208
MP_saithe_HCR-A_Ftrgt-0.36_Btrigger-210000_TACconstr-FALSE_BB-FALSE_ObsRho--0.12_ObsSd-0.04.rds,MP_saithe,0.36,210000,A,FALSE,FALSE,-0.12,0.04,0.36,107297,149098,119717.493783697,105131.119514876,116505.019975248,118587.708683097,105071.428881835,114935.448185843,0.00095,2e-04,0.0032,2e-04,0.001,0.01,0.001,0.177281500774762,0.200902365220649,0.179879500031302,0.177281500774762,0.208669934836412,0.180043660885926,288021.888373919,250613.702361977,283650.068380824,0.346886295785679,0.33682705868029,0.338461457807607,1,1,,0,0.178,0.1864,0.3264
MP_saithe_HCR-A_Ftrgt-0.36_Btrigger-220000_TACconstr-FALSE_BB-FALSE_ObsRho--0.12_ObsSd-0.04.rds,MP_saithe,0.36,220000,A,FALSE,FALSE,-0.12,0.04,0.36,107297,149098,119689.096995959,104913.57984832,116500.861267244,119099.663348532,105477.737909484,115554.536625359,9e-04,2e-04,0.003,2e-04,0.001,0.01,0.001,0.182425234446231,0.210918068362903,0.18553025674525,0.182479566250918,0.219376282922984,0.186140713206667,289342.278257112,252363.0675166,284903.668481313,0.345818720149675,0.33392766179708,0.338121625646311,1,1,,0,0.2144,0.225,0.372
MP_saithe_HCR-A_Ftrgt-0.36_Btrigger-230000_TACconstr-FALSE_BB-FALSE_ObsRho--0.12_ObsSd-0.04.rds,MP_saithe,0.36,230000,A,FALSE,FALSE,-0.12,0.04,0.36,107297,149098,119669.134135932,104687.658084841,116470.274788542,119726.808171748,105855.666023328,116155.419718958,0.00085,2e-04,0.0028,2e-04,0.001,0.01,0.001,0.189279677683517,0.221409798938157,0.19436499513067,0.190141988314623,0.229705480462048,0.195180228067261,291420.149185633,254475.501072689,286627.387024134,0.344647942656754,0.331106572081334,0.336524932091687,1,1,,0,0.2519,0.2626,0.4172
MP_saithe_HCR-A_Ftrgt-0.36_Btrigger-240000_TACconstr-FALSE_BB-FALSE_ObsRho--0.12_ObsSd-0.04.rds,MP_saithe,0.36,240000,A,FALSE,FALSE,-0.12,0.04,0.36,107297,149098,119640.294543693,104444.602632169,116426.568763835,120307.073639487,105870.177062547,116834.952410719,8e-04,2e-04,0.0026,2e-04,0.001,0.01,0.001,0.196893196870441,0.234324694603596,0.2021869991361,0.197510254418313,0.237035806841242,0.203319610717264,293603.377189615,256531.860821365,288974.395516614,0.342734092722654,0.327963188046539,0.335156965417037,1,1,,0,0.2891,0.303,0.4612
MP_saithe_HCR-A_Ftrgt-0.36_Btrigger-250000_TACconstr-FALSE_BB-FALSE_ObsRho--0.12_ObsSd-0.04.rds,MP_saithe,0.36,250000,A,FALSE,FALSE,-0.12,0.04,0.36,107297,149098,119614.062453982,104188.194639282,116367.413081052,120815.203106429,105585.761468825,117281.090601681,8e-04,2e-04,0.0026,2e-04,0.001,0.01,0.001,0.203717161725925,0.247192535955281,0.209938886935962,0.204443538266439,0.247360765769695,0.212083959520649,295827.192238734,259197.319147872,291534.507004809,0.341104019348352,0.324535533783479,0.33303496118794,1,1,,0,0.3264,0.3416,0.5096
MP_saithe_HCR-A_Ftrgt-0.36_Btrigger-260000_TACconstr-FALSE_BB-FALSE_ObsRho--0.12_ObsSd-0.04.rds,MP_saithe,0.36,260000,A,FALSE,FALSE,-0.12,0.04,0.36,107297,149098,119571.773485615,103920.982832262,116295.004669119,121438.793710593,104670.761891258,117861.253819592,0.00075,2e-04,0.0024,2e-04,0.001,0.01,0.001,0.211815737490501,0.257844096809892,0.218632760760266,0.212543717917997,0.254705373570044,0.219782652087367,298189.812795419,261487.068584706,293736.682531412,0.339555912771307,0.320522243472749,0.330507456334737,1,1,,0,0.3612,0.38,0.5498
MP_saithe_HCR-A_Ftrgt-0.36_Btrigger-270000_TACconstr-FALSE_BB-FALSE_ObsRho--0.12_ObsSd-0.04.rds,MP_saithe,0.36,270000,A,FALSE,FALSE,-0.12,0.04,0.36,107297,149098,119523.289189583,103636.384019419,116218.372185122,121881.621481998,103331.346892739,118367.06543795,0.00075,2e-04,0.0024,2e-04,0.001,0.01,0.001,0.220683365773242,0.269702955636199,0.228347535243675,0.221651423590615,0.263105180647643,0.230405892415314,300393.055976632,263950.569360823,296144.230385918,0.337281280848548,0.316022274509504,0.328933728112569,1,1,,0,0.4002,0.4146,0.5802
MP_saithe_HCR-A_Ftrgt-0.36_Btrigger-2e+05_TACconstr-FALSE_BB-FALSE_ObsRho--0.12_ObsSd-0.04.rds,MP_saithe,0.36,2e+05,A,FALSE,FALSE,-0.12,0.04,0.36,107297,149098,119749.489848072,105328.576757407,116485.458376769,118312.04943884,104604.235746024,114477.997054047,0.001,2e-04,0.0034,2e-04,0.001,0.01,0.001,0.1731994103665,0.192157845551128,0.175463070423071,0.173348653861176,0.197473537954173,0.175975693253315,286802.060025141,249453.174259139,281838.7261409,0.347564695649315,0.339075613438037,0.339347148022035,1,1,,0,0.1503,0.1526,0.2714
MP_saithe_HCR-A_Ftrgt-0.37_Btrigger-140000_TACconstr-FALSE_BB-FALSE_ObsRho--0.12_ObsSd-0.04.rds,MP_saithe,0.37,140000,A,FALSE,FALSE,-0.12,0.04,0.37,107297,149098,119823.808900425,107222.496024207,116538.340077956,116969.634987129,104108.334453753,113247.72475547,0.0015,3e-04,0.0046,8e-04,0.001,0.012,0.003,0.160772613135867,0.164644861749945,0.163366048950157,0.160481136829902,0.164995348503029,0.163664167334646,274236.982141769,240710.807384796,269373.28182558,0.359452395412729,0.353813754608387,0.34996321208784,1,1,,0,0.0337,0.0324,0.0622
MP_saithe_HCR-A_Ftrgt-0.37_Btrigger-150000_TACconstr-FALSE_BB-FALSE_ObsRho--0.12_ObsSd-0.04.rds,MP_saithe,0.37,150000,A,FALSE,FALSE,-0.12,0.04,0.37,107297,149098,119820.264019631,107162.386815038,116556.799468714,117106.109255034,104254.52149806,113347.052400437,0.00145,2e-04,0.0046,8e-04,0.001,0.012,0.003,0.162034981500901,0.166446070674681,0.164867091140371,0.161992070752574,0.16701212240624,0.165206743874026,274578.701327092,240938.327310991,270035.154814968,0.359298498707648,0.353458464369638,0.349931782199622,1,1,,0,0.0476,0.046,0.087
MP_saithe_HCR-A_Ftrgt-0.37_Btrigger-160000_TACconstr-FALSE_BB-FALSE_ObsRho--0.12_ObsSd-0.04.rds,MP_saithe,0.37,160000,A,FALSE,FALSE,-0.12,0.04,0.37,107297,149098,119816.233808015,107074.253616065,116577.381850044,117298.871474973,104379.519708385,113506.213211627,0.0014,2e-04,0.0044,8e-04,0.001,0.011,0.003,0.164575788219157,0.169872556065049,0.16627189683265,0.164485726884535,0.171680017889179,0.166374366815691,275193.71339535,241587.948762413,270732.506766871,0.359170319581414,0.352598405108866,0.349834127069061,1,1,,0,0.0652,0.0658,0.119
MP_saithe_HCR-A_Ftrgt-0.37_Btrigger-170000_TACconstr-FALSE_BB-FALSE_ObsRho--0.12_ObsSd-0.04.rds,MP_saithe,0.37,170000,A,FALSE,FALSE,-0.12,0.04,0.37,107297,149098,119809.56129024,106962.517902965,116598.788392837,117469.790711137,104610.732528632,113808.768252129,0.0014,2e-04,0.0044,8e-04,0.001,0.011,0.003,0.167704254969435,0.173283034739068,0.171105396924846,0.167718424074381,0.175174463660083,0.171122131923395,275659.165707252,242221.902376857,271515.21607624,0.358624473528731,0.352150532092745,0.349841759581394,1,1,,0,0.0874,0.0878,0.1542
MP_saithe_HCR-A_Ftrgt-0.37_Btrigger-180000_TACconstr-FALSE_BB-FALSE_ObsRho--0.12_ObsSd-0.04.rds,MP_saithe,0.37,180000,A,FALSE,FALSE,-0.12,0.04,0.37,107297,149098,119799.154176632,106830.595547685,116611.953207163,117806.6782448,105094.357826421,114139.915499429,0.00135,2e-04,0.0042,8e-04,0.001,0.01,0.003,0.171216943295344,0.177719717707584,0.174313382677275,0.171150508260209,0.180628606308947,0.174439396850802,276566.746847704,242959.872337466,272269.475115583,0.358151885077945,0.351249803491425,0.349618595130098,1,1,,0,0.1141,0.1158,0.1904
MP_saithe_HCR-A_Ftrgt-0.37_Btrigger-190000_TACconstr-FALSE_BB-FALSE_ObsRho--0.12_ObsSd-0.04.rds,MP_saithe,0.37,190000,A,FALSE,FALSE,-0.12,0.04,0.37,107297,149098,119809.267609366,106677.502076889,116620.914261394,118171.32910777,105500.638465552,114445.689618971,0.0012,2e-04,0.0038,6e-04,0.001,0.01,0.002,0.176296620228194,0.183327123757192,0.178151359144845,0.176500167550989,0.189462507991417,0.178151359144845,277617.150206913,244419.484929203,273312.215065301,0.357449467090616,0.350108638510149,0.348631328531396,1,1,,0,0.1424,0.1446,0.2326
MP_saithe_HCR-A_Ftrgt-0.37_Btrigger-210000_TACconstr-FALSE_BB-FALSE_ObsRho--0.12_ObsSd-0.04.rds,MP_saithe,0.37,210000,A,FALSE,FALSE,-0.12,0.04,0.37,107297,149098,119767.445471784,106279.02012295,116631.894297508,119146.929103368,106465.288599848,115431.60229865,0.0011,2e-04,0.0034,6e-04,0.001,0.01,0.002,0.186141680398948,0.199104630060502,0.188956414520088,0.186462890058389,0.211001177101087,0.188715730731664,280317.774234418,247592.31586441,276189.884803405,0.355641540967921,0.345672239308705,0.347424052491208,1,1,,0,0.2074,0.2154,0.3398
MP_saithe_HCR-A_Ftrgt-0.37_Btrigger-220000_TACconstr-FALSE_BB-FALSE_ObsRho--0.12_ObsSd-0.04.rds,MP_saithe,0.37,220000,A,FALSE,FALSE,-0.12,0.04,0.37,107297,149098,119741.053209389,106051.031134664,116611.145698284,119630.685873939,106941.689810328,116189.093194201,0.00095,2e-04,0.003,4e-04,0.001,0.01,0.001,0.193008925600269,0.211885505418992,0.197667010039585,0.193634200049392,0.222581898886708,0.197779948552436,282122.341546783,249043.857610333,278131.733340492,0.354444314407679,0.342865666518725,0.346409711230457,1,1,,0,0.2443,0.2532,0.3852
MP_saithe_HCR-A_Ftrgt-0.37_Btrigger-230000_TACconstr-FALSE_BB-FALSE_ObsRho--0.12_ObsSd-0.04.rds,MP_saithe,0.37,230000,A,FALSE,FALSE,-0.12,0.04,0.37,107297,149098,119720.183525214,105813.01936285,116577.54580621,120191.505259221,107233.982363023,116861.269825114,9e-04,2e-04,0.0028,4e-04,0.001,0.01,0.001,0.200404806289978,0.223402094869626,0.205332350576431,0.201024281579145,0.23389694355166,0.205956353884208,284449.864788689,250967.300454309,280205.216745645,0.352929673775991,0.339467348208298,0.344870345653803,1,1,,0,0.2823,0.296,0.4316
MP_saithe_HCR-A_Ftrgt-0.37_Btrigger-240000_TACconstr-FALSE_BB-FALSE_ObsRho--0.12_ObsSd-0.04.rds,MP_saithe,0.37,240000,A,FALSE,FALSE,-0.12,0.04,0.37,107297,149098,119667.638521571,105558.1413606,116526.821912585,120863.568715641,107355.872548418,117382.477975554,0.00085,2e-04,0.0026,4e-04,0.001,0.01,0.001,0.207868275244068,0.235701153864368,0.213059455920688,0.208679469443639,0.242451918009216,0.214588808236829,286788.473953783,253107.24071342,282561.327524387,0.350983716680815,0.336289126943569,0.342720140586499,1,1,,0,0.3195,0.3346,0.4778
MP_saithe_HCR-A_Ftrgt-0.37_Btrigger-250000_TACconstr-FALSE_BB-FALSE_ObsRho--0.12_ObsSd-0.04.rds,MP_saithe,0.37,250000,A,FALSE,FALSE,-0.12,0.04,0.37,107297,149098,119632.296751367,105291.067598107,116462.737724913,121443.51484082,106791.36630361,118092.922691204,8e-04,2e-04,0.0026,2e-04,0.001,0.01,0.001,0.215989822939206,0.247084313391508,0.221889960118798,0.216612022579648,0.250762801623664,0.22375030060501,288902.439614802,255418.799228005,284726.384420413,0.34927818703368,0.332744996721016,0.339942024249612,1,1,,0,0.3562,0.3706,0.5264
MP_saithe_HCR-A_Ftrgt-0.37_Btrigger-260000_TACconstr-FALSE_BB-FALSE_ObsRho--0.12_ObsSd-0.04.rds,MP_saithe,0.37,260000,A,FALSE,FALSE,-0.12,0.04,0.37,107297,149098,119590.686702255,105013.46031343,116385.423678339,122054.183013404,105597.252398561,118508.46087444,0.00075,2e-04,0.0024,2e-04,0.001,0.01,0.001,0.224852835157431,0.259716150034893,0.231903670706674,0.225836228249233,0.260925654849243,0.234224258005568,291383.7269415,257866.215245512,287254.372874981,0.346906314217462,0.327724468287156,0.338000014314085,1,1,,0,0.3956,0.407,0.5612
MP_saithe_HCR-A_Ftrgt-0.37_Btrigger-270000_TACconstr-FALSE_BB-FALSE_ObsRho--0.12_ObsSd-0.04.rds,MP_saithe,0.37,270000,A,FALSE,FALSE,-0.12,0.04,0.37,107297,149098,119535.992316334,104726.809381107,116300.858801464,122440.152567655,104061.973402406,118920.439127056,0.00075,2e-04,0.0024,2e-04,0.001,0.01,0.001,0.234515888447336,0.27070741283648,0.239698476778895,0.235369588733797,0.269261911115802,0.243255676049626,293815.752371499,260698.574321605,289714.262746784,0.344020323063953,0.323796860013871,0.335841422271221,1,1,,0,0.4309,0.4418,0.5962
MP_saithe_HCR-A_Ftrgt-0.37_Btrigger-2e+05_TACconstr-FALSE_BB-FALSE_ObsRho--0.12_ObsSd-0.04.rds,MP_saithe,0.37,2e+05,A,FALSE,FALSE,-0.12,0.04,0.37,107297,149098,119778.474267768,106492.442094722,116634.361528186,118605.603252579,105930.469071201,114912.157898637,0.00115,2e-04,0.0036,6e-04,0.001,0.01,0.002,0.180810977036754,0.189401771976333,0.182018352521524,0.180910446924179,0.198067177057488,0.182137853212658,279025.044402358,246116.080153844,274679.04509923,0.356743168781073,0.348271384444924,0.347746190746675,1,1,,0,0.1709,0.1762,0.2886
MP_saithe_HCR-A_Ftrgt-0.38_Btrigger-140000_TACconstr-FALSE_BB-FALSE_ObsRho--0.12_ObsSd-0.04.rds,MP_saithe,0.38,140000,A,FALSE,FALSE,-0.12,0.04,0.38,107297,149098,119794.326592742,108458.185610229,116642.457289924,116948.290768511,105512.861447873,113424.713311951,0.00165,4e-04,0.0048,0.001,0.001,0.013,0.003,0.16448290080392,0.162100447003008,0.167746404371276,0.164467568169242,0.163903143779699,0.168044078200526,265996.800195356,236622.112939656,262000.753257294,0.3694726223995,0.363641340779861,0.359023544760797,1,1,,0,0.0428,0.0408,0.0674
MP_saithe_HCR-A_Ftrgt-0.38_Btrigger-150000_TACconstr-FALSE_BB-FALSE_ObsRho--0.12_ObsSd-0.04.rds,MP_saithe,0.38,150000,A,FALSE,FALSE,-0.12,0.04,0.38,107297,149098,119792.429206412,108382.681312331,116661.243511488,117101.857469599,105557.019969983,113575.383108265,0.00165,4e-04,0.0048,0.001,0.001,0.013,0.003,0.166566724170398,0.163680859626173,0.169320155748628,0.166553051832771,0.16644199727441,0.169399183502246,266398.900963468,237034.734932914,262666.6806963,0.369378907604691,0.363460514758934,0.358876759290455,1,1,,0,0.0601,0.0594,0.0954
MP_saithe_HCR-A_Ftrgt-0.38_Btrigger-160000_TACconstr-FALSE_BB-FALSE_ObsRho--0.12_ObsSd-0.04.rds,MP_saithe,0.38,160000,A,FALSE,FALSE,-0.12,0.04,0.38,107297,149098,119787.403718968,108278.836641573,116682.481998317,117273.308105086,105821.275111363,113700.987745038,0.0016,4e-04,0.0046,0.001,0.001,0.012,0.003,0.17043566457729,0.168358477406993,0.173261077017786,0.17043566457729,0.171935686520635,0.173456278209943,267100.646073892,238016.538619633,263321.069890765,0.368793464791831,0.362859776499646,0.359029653184303,1,1,,0,0.0821,0.0806,0.1278
MP_saithe_HCR-A_Ftrgt-0.38_Btrigger-170000_TACconstr-FALSE_BB-FALSE_ObsRho--0.12_ObsSd-0.04.rds,MP_saithe,0.38,170000,A,FALSE,FALSE,-0.12,0.04,0.38,107297,149098,119796.274748192,108155.058265007,116675.463179221,117701.743410418,105997.380549653,113936.698311771,0.0016,4e-04,0.0046,0.001,0.001,0.012,0.003,0.173899388141593,0.172161721088252,0.176570658885393,0.173932847352237,0.178664272222389,0.176537214749782,267925.27340333,238665.656090595,264352.580485399,0.368555179026022,0.362102522497894,0.358747452393741,1,1,,0,0.1073,0.1082,0.1632
MP_saithe_HCR-A_Ftrgt-0.38_Btrigger-180000_TACconstr-FALSE_BB-FALSE_ObsRho--0.12_ObsSd-0.04.rds,MP_saithe,0.38,180000,A,FALSE,FALSE,-0.12,0.04,0.38,107297,149098,119789.932756156,108007.240311361,116689.80091259,118128.65012748,106294.571288648,114333.331673411,0.00155,4e-04,0.0046,8e-04,0.001,0.012,0.003,0.178354465877447,0.177201368187889,0.180392942103075,0.178354465877447,0.183892072187333,0.180532928309512,268995.169377396,239735.9286903,265333.863920334,0.367370603342466,0.361268956467244,0.358252842960519,1,1,,0,0.1359,0.1342,0.2
MP_saithe_HCR-A_Ftrgt-0.38_Btrigger-190000_TACconstr-FALSE_BB-FALSE_ObsRho--0.12_ObsSd-0.04.rds,MP_saithe,0.38,190000,A,FALSE,FALSE,-0.12,0.04,0.38,107297,149098,119775.474793642,107830.157117271,116704.238363067,118598.571522508,106641.68180869,114826.650535534,0.00135,3e-04,0.004,8e-04,0.001,0.01,0.003,0.183293118861282,0.182459486972939,0.184651194799141,0.183307489150796,0.193486090692731,0.184651194799141,270253.628649695,241054.787899956,266362.237101919,0.366572265750424,0.359716764338512,0.357262635307458,1,1,,0,0.1639,0.165,0.248
MP_saithe_HCR-A_Ftrgt-0.38_Btrigger-210000_TACconstr-FALSE_BB-FALSE_ObsRho--0.12_ObsSd-0.04.rds,MP_saithe,0.38,210000,A,FALSE,FALSE,-0.12,0.04,0.38,107297,149098,119765.882737932,107393.77232074,116704.593471049,119551.601154261,107783.138475463,116130.688704399,0.0011,2e-04,0.0034,6e-04,0.001,0.01,0.002,0.195113832451282,0.198808057608259,0.200319983758154,0.195756271299302,0.212281950216422,0.199914014393263,273362.121099104,243944.805844642,269488.487015657,0.364182853287339,0.35489588584192,0.356025057477093,1,1,,0,0.237,0.2438,0.354
MP_saithe_HCR-A_Ftrgt-0.38_Btrigger-220000_TACconstr-FALSE_BB-FALSE_ObsRho--0.12_ObsSd-0.04.rds,MP_saithe,0.38,220000,A,FALSE,FALSE,-0.12,0.04,0.38,107297,149098,119748.063272429,107156.150570603,116676.344461275,120095.039507858,108220.14526099,116775.322136729,0.001,2e-04,0.0032,4e-04,0.001,0.01,0.001,0.202945291651747,0.21248651600905,0.208714087272432,0.203410975850995,0.224612721480208,0.209041402546,275371.809194418,245709.718255473,271642.40432203,0.362926757660041,0.35146212237621,0.355142779019248,1,1,,0,0.2739,0.2834,0.4008
MP_saithe_HCR-A_Ftrgt-0.38_Btrigger-230000_TACconstr-FALSE_BB-FALSE_ObsRho--0.12_ObsSd-0.04.rds,MP_saithe,0.38,230000,A,FALSE,FALSE,-0.12,0.04,0.38,107297,149098,119715.309290918,106902.22704977,116641.10106653,120804.006416882,108502.832829995,117419.1046377,0.00095,2e-04,0.003,4e-04,0.001,0.01,0.001,0.211141404931392,0.226399625534597,0.217723710988816,0.21163400088988,0.238124983938765,0.218363120070597,277880.20736065,247593.768764982,273930.197515092,0.360824646491507,0.347632969550303,0.352497392979958,1,1,,0,0.3127,0.3248,0.4476
MP_saithe_HCR-A_Ftrgt-0.38_Btrigger-240000_TACconstr-FALSE_BB-FALSE_ObsRho--0.12_ObsSd-0.04.rds,MP_saithe,0.38,240000,A,FALSE,FALSE,-0.12,0.04,0.38,107297,149098,119682.047858816,106632.925675017,116590.303064186,121425.721524408,108380.973851693,117987.675758673,9e-04,2e-04,0.0028,4e-04,0.001,0.01,0.001,0.220202783256897,0.236386509058478,0.225386461004976,0.220716926376147,0.24486608698879,0.226377150276902,280048.540369108,249684.910401426,276001.034009495,0.359263353228367,0.343710598070919,0.350778410752794,1,1,,0,0.3492,0.3596,0.4944
MP_saithe_HCR-A_Ftrgt-0.38_Btrigger-250000_TACconstr-FALSE_BB-FALSE_ObsRho--0.12_ObsSd-0.04.rds,MP_saithe,0.38,250000,A,FALSE,FALSE,-0.12,0.04,0.38,107297,149098,119632.694240726,106353.448908273,116545.195584901,122071.509035093,107554.815018531,118505.601903868,0.00085,2e-04,0.0026,4e-04,0.001,0.01,0.001,0.229557201194684,0.247775332128742,0.235102046803073,0.230120902153682,0.253830832309907,0.237532383909455,282358.464288901,252111.497589335,278651.408932241,0.356879938293803,0.339472160281913,0.348297638439787,1,1,,0,0.3884,0.3984,0.5398
MP_saithe_HCR-A_Ftrgt-0.38_Btrigger-260000_TACconstr-FALSE_BB-FALSE_ObsRho--0.12_ObsSd-0.04.rds,MP_saithe,0.38,260000,A,FALSE,FALSE,-0.12,0.04,0.38,107297,149098,119584.271929675,106057.07112464,116475.442852197,122495.584814151,106163.653072301,118880.160066488,8e-04,2e-04,0.0026,2e-04,0.001,0.01,0.001,0.238801205612817,0.258206281876731,0.244258986954821,0.239895203211173,0.26518176615785,0.247149736781912,285099.501559841,254915.810292993,280873.227882511,0.353859925211757,0.334691604494118,0.344910724636391,1,1,,0,0.4248,0.4344,0.578
MP_saithe_HCR-A_Ftrgt-0.38_Btrigger-270000_TACconstr-FALSE_BB-FALSE_ObsRho--0.12_ObsSd-0.04.rds,MP_saithe,0.38,270000,A,FALSE,FALSE,-0.12,0.04,0.38,107297,149098,119528.921476939,105749.126747391,116404.068907079,122939.303412124,104708.744684426,119276.26833959,0.00075,2e-04,0.0024,2e-04,0.001,0.01,0.001,0.248768522980264,0.270912392054414,0.253745735680648,0.249837641761254,0.271998367513505,0.256128129259241,287670.81419203,257296.467002548,283450.565637529,0.351284795997157,0.33033901943945,0.342526286816117,1,1,,0,0.46,0.4708,0.6102
MP_saithe_HCR-A_Ftrgt-0.38_Btrigger-2e+05_TACconstr-FALSE_BB-FALSE_ObsRho--0.12_ObsSd-0.04.rds,MP_saithe,0.38,2e+05,A,FALSE,FALSE,-0.12,0.04,0.38,107297,149098,119782.650669055,107630.995888986,116709.206340241,119023.931140866,107183.859679017,115446.811301927,0.00125,2e-04,0.0038,8e-04,0.001,0.01,0.003,0.188531372232011,0.190337991914439,0.191382095227364,0.188934951120518,0.201914596182354,0.191283564223828,271587.044179599,242543.289894086,267708.992700378,0.365724942318311,0.35717147608886,0.356875152704864,1,1,,0,0.1984,0.2034,0.3026
MP_saithe_HCR-A_Ftrgt-0.39_Btrigger-140000_TACconstr-FALSE_BB-FALSE_ObsRho--0.12_ObsSd-0.04.rds,MP_saithe,0.39,140000,A,FALSE,FALSE,-0.12,0.04,0.39,107297,149098,119811.337873854,109590.925881849,116704.093078206,117010.301500407,106782.846896733,113359.943366114,0.0019,8e-04,0.005,0.001,0.002,0.013,0.003,0.170239900216883,0.160850724474581,0.172429939622558,0.169972599749751,0.165076137509061,0.173084050984707,258071.523144425,232930.316149624,254972.007367891,0.379043476312055,0.37385032852108,0.368250146076585,1,1,,0,0.0541,0.0502,0.076
MP_saithe_HCR-A_Ftrgt-0.39_Btrigger-150000_TACconstr-FALSE_BB-FALSE_ObsRho--0.12_ObsSd-0.04.rds,MP_saithe,0.39,150000,A,FALSE,FALSE,-0.12,0.04,0.39,107297,149098,119793.153245516,109508.311784727,116717.75070271,117129.340645512,106890.872469961,113569.078754438,0.0018,7e-04,0.0048,0.001,0.001,0.013,0.003,0.172908736803987,0.163643701102147,0.174988484070792,0.172844368304998,0.169567941191914,0.174678438002693,258621.427541596,233287.944717697,255624.338446449,0.378817661976535,0.373514823733403,0.368129069427383,1,1,,0,0.0754,0.0722,0.1024
MP_saithe_HCR-A_Ftrgt-0.39_Btrigger-160000_TACconstr-FALSE_BB-FALSE_ObsRho--0.12_ObsSd-0.04.rds,MP_saithe,0.39,160000,A,FALSE,FALSE,-0.12,0.04,0.39,107297,149098,119785.942051168,109390.403739423,116737.088506738,117540.668430679,107045.710023407,113918.909713341,0.0017,6e-04,0.0046,0.001,0.001,0.012,0.003,0.176324877713337,0.167810971808502,0.179187939541868,0.176371808421591,0.173501942553783,0.179068695523555,259424.079232505,233902.767202168,256185.10873078,0.378210858722479,0.372908129125078,0.367794485572114,1,1,,0,0.0986,0.0968,0.1362
MP_saithe_HCR-A_Ftrgt-0.39_Btrigger-170000_TACconstr-FALSE_BB-FALSE_ObsRho--0.12_ObsSd-0.04.rds,MP_saithe,0.39,170000,A,FALSE,FALSE,-0.12,0.04,0.39,107297,149098,119786.229087753,109243.179238522,116754.532876923,117992.069244895,107267.216540315,114334.996341615,0.0017,6e-04,0.0046,0.001,0.001,0.012,0.003,0.181079722215296,0.171102997022409,0.183515125636938,0.181120475672461,0.179885076948967,0.182716668122768,260613.537351616,234773.640651173,257380.249962312,0.377722701839714,0.372108169498216,0.367606372730804,1,1,,0,0.1263,0.124,0.1754
MP_saithe_HCR-A_Ftrgt-0.39_Btrigger-180000_TACconstr-FALSE_BB-FALSE_ObsRho--0.12_ObsSd-0.04.rds,MP_saithe,0.39,180000,A,FALSE,FALSE,-0.12,0.04,0.39,107297,149098,119779.295484855,109075.298002509,116771.773707283,118376.123102528,107626.818583019,114749.656961261,0.00165,6e-04,0.0046,8e-04,0.001,0.012,0.003,0.185380090389812,0.176221905318435,0.187308277013683,0.18492323969093,0.187410916648894,0.187104396804984,261764.595961297,236042.878188097,258376.228966715,0.376581577161113,0.3704027230287,0.366963177303188,1,1,,0,0.1567,0.1556,0.2154
MP_saithe_HCR-A_Ftrgt-0.39_Btrigger-190000_TACconstr-FALSE_BB-FALSE_ObsRho--0.12_ObsSd-0.04.rds,MP_saithe,0.39,190000,A,FALSE,FALSE,-0.12,0.04,0.39,107297,149098,119771.915222814,108875.273062399,116785.722166573,118770.866027474,107959.104555581,115303.231665007,0.00155,5e-04,0.0044,8e-04,0.001,0.011,0.003,0.190767690483473,0.182664399866645,0.193987596183828,0.191272433414746,0.196711774243724,0.193285333065063,262896.72793429,237598.776845042,259703.225831794,0.375838045918452,0.368833342415601,0.366644498354344,1,1,,0,0.1881,0.1912,0.2636
MP_saithe_HCR-A_Ftrgt-0.39_Btrigger-210000_TACconstr-FALSE_BB-FALSE_ObsRho--0.12_ObsSd-0.04.rds,MP_saithe,0.39,210000,A,FALSE,FALSE,-0.12,0.04,0.39,107297,149098,119780.715947161,108406.908256564,116770.864187386,119913.160949955,108892.54500121,116671.149407073,0.0013,4e-04,0.0036,8e-04,0.001,0.01,0.003,0.206236344172235,0.202580414072379,0.21076057429546,0.206962098833224,0.216358826158543,0.210761609349757,267037.233514839,240818.797278373,263377.340827785,0.37274064268004,0.363721526853775,0.364356886569449,1,1,,0,0.2647,0.2722,0.3684
MP_saithe_HCR-A_Ftrgt-0.39_Btrigger-220000_TACconstr-FALSE_BB-FALSE_ObsRho--0.12_ObsSd-0.04.rds,MP_saithe,0.39,220000,A,FALSE,FALSE,-0.12,0.04,0.39,107297,149098,119739.679877174,108162.254909686,116750.024145807,120640.359384431,109502.621008694,117369.309903775,0.0012,4e-04,0.0034,6e-04,0.001,0.01,0.002,0.214612774159588,0.215931607645863,0.220977273362996,0.214960348665645,0.227901281525681,0.219897761725262,269008.623117339,242368.747343128,265391.298531536,0.370661795400896,0.35979050076964,0.362594367845933,1,1,,0,0.3021,0.3124,0.4168
MP_saithe_HCR-A_Ftrgt-0.39_Btrigger-230000_TACconstr-FALSE_BB-FALSE_ObsRho--0.12_ObsSd-0.04.rds,MP_saithe,0.39,230000,A,FALSE,FALSE,-0.12,0.04,0.39,107297,149098,119707.02502958,107897.837248957,116707.806352113,121295.872987755,109870.966000427,118006.172086158,0.00105,3e-04,0.0032,4e-04,0.001,0.01,0.001,0.224355724569199,0.228447672643029,0.229715455883219,0.224858451787186,0.240900188854037,0.230507322191508,271151.860879218,244359.886029175,267594.368494646,0.368780421811958,0.354684078343169,0.360170186106174,1,1,,0,0.3399,0.3502,0.4646
MP_saithe_HCR-A_Ftrgt-0.39_Btrigger-240000_TACconstr-FALSE_BB-FALSE_ObsRho--0.12_ObsSd-0.04.rds,MP_saithe,0.39,240000,A,FALSE,FALSE,-0.12,0.04,0.39,107297,149098,119680.160358552,107616.004241517,116656.762258552,122085.025750252,109260.854501502,118584.181962866,9e-04,2e-04,0.0028,4e-04,0.001,0.01,0.001,0.234444698203778,0.23738667881508,0.238792197297962,0.234945567293677,0.250301440349709,0.240452283493739,273672.938589762,246738.981966037,270310.818182677,0.366563357650359,0.351507486966751,0.358208796702904,1,1,,0,0.3789,0.3882,0.5084
MP_saithe_HCR-A_Ftrgt-0.39_Btrigger-250000_TACconstr-FALSE_BB-FALSE_ObsRho--0.12_ObsSd-0.04.rds,MP_saithe,0.39,250000,A,FALSE,FALSE,-0.12,0.04,0.39,107297,149098,119646.077571358,107348.065863914,116575.263004401,122622.232714786,108382.127696503,118864.807985758,9e-04,2e-04,0.0028,4e-04,0.001,0.01,0.001,0.244932824700372,0.249148624699075,0.247528589790468,0.245862687542788,0.257862132561334,0.249642334051865,276017.054780958,249094.272932648,272488.092414575,0.363651059240897,0.346049897826967,0.354976511583717,1,1,,0,0.417,0.4244,0.554
MP_saithe_HCR-A_Ftrgt-0.39_Btrigger-260000_TACconstr-FALSE_BB-FALSE_ObsRho--0.12_ObsSd-0.04.rds,MP_saithe,0.39,260000,A,FALSE,FALSE,-0.12,0.04,0.39,107297,149098,119602.734171016,107064.823504416,116502.25477646,122903.380810365,107018.18469886,119402.388357233,0.00095,2e-04,0.0026,8e-04,0.001,0.01,0.001,0.254122388959716,0.260986587119918,0.258695546240223,0.255203853391268,0.267176682076996,0.261750224356753,278796.562239836,251378.544099345,275079.144711688,0.36089479007599,0.341742675464499,0.351689202189206,1,1,,0,0.4502,0.461,0.5922
MP_saithe_HCR-A_Ftrgt-0.39_Btrigger-270000_TACconstr-FALSE_BB-FALSE_ObsRho--0.12_ObsSd-0.04.rds,MP_saithe,0.39,270000,A,FALSE,FALSE,-0.12,0.04,0.39,107297,149098,119564.584808431,106744.428847439,116425.094076493,122994.160723546,105148.607334763,119214.832501851,0.00085,2e-04,0.0026,4e-04,0.001,0.01,0.001,0.263399483697623,0.271368640759882,0.26640003456201,0.264557577587411,0.276753228909185,0.270771068601894,281476.963380781,254255.198551995,277706.388176465,0.358196072699904,0.336590370873325,0.348327607430677,1,1,,0,0.4891,0.4966,0.621
MP_saithe_HCR-A_Ftrgt-0.39_Btrigger-2e+05_TACconstr-FALSE_BB-FALSE_ObsRho--0.12_ObsSd-0.04.rds,MP_saithe,0.39,2e+05,A,FALSE,FALSE,-0.12,0.04,0.39,107297,149098,119792.438246437,108649.577019664,116783.523468406,119252.126407288,108454.444452126,116101.337000145,0.0014,4e-04,0.004,8e-04,0.001,0.01,0.003,0.197718834581425,0.191266248414569,0.202268718877285,0.198229900420385,0.204981229384644,0.202224411969128,264650.798049002,239048.261353788,261543.22509056,0.374253178119871,0.36636422340043,0.365873236833618,1,1,,0,0.227,0.232,0.3164
MP_saithe_HCR-A_Ftrgt-0.4_Btrigger-140000_TACconstr-FALSE_BB-FALSE_ObsRho--0.12_ObsSd-0.04.rds,MP_saithe,0.4,140000,A,FALSE,FALSE,-0.12,0.04,0.4,107297,149098,119758.104182928,110675.226477003,116762.795046284,116960.750820454,107681.56539549,113516.518679243,0.0024,0.0014,0.0056,0.0012,0.002,0.013,0.003,0.176250366513908,0.16010549218365,0.178083604243882,0.176080892775639,0.166329947155037,0.17799446689917,250715.732760088,229412.885838632,248269.721115706,0.388747350833083,0.383483913567167,0.377487952731541,1,1,,0,0.0666,0.0646,0.083
MP_saithe_HCR-A_Ftrgt-0.4_Btrigger-150000_TACconstr-FALSE_BB-FALSE_ObsRho--0.12_ObsSd-0.04.rds,MP_saithe,0.4,150000,A,FALSE,FALSE,-0.12,0.04,0.4,107297,149098,119753.833284646,110569.045371757,116780.87629342,117376.277912079,107795.519249638,113883.037848817,0.00225,0.0012,0.0054,0.0012,0.002,0.013,0.003,0.179727645210334,0.163595362526995,0.181137022314925,0.179727645210334,0.170830679865139,0.180917906676523,251322.807589822,229928.783352473,248827.024972366,0.388212841830948,0.382857809466323,0.377271010076792,1,1,,0,0.0901,0.0888,0.1114
MP_saithe_HCR-A_Ftrgt-0.4_Btrigger-160000_TACconstr-FALSE_BB-FALSE_ObsRho--0.12_ObsSd-0.04.rds,MP_saithe,0.4,160000,A,FALSE,FALSE,-0.12,0.04,0.4,107297,149098,119749.824301687,110436.238698288,116798.239281635,117664.432815366,107971.468420592,114238.991563429,0.0021,0.001,0.0052,0.0012,0.002,0.013,0.003,0.183745812045523,0.167521130277884,0.185372629789478,0.183814245187854,0.176126200787523,0.184721382038686,252401.7283133,230482.099404872,249872.999480046,0.387601010988267,0.382269574665047,0.377108269355571,1,1,,0,0.1165,0.1134,0.1446
MP_saithe_HCR-A_Ftrgt-0.4_Btrigger-170000_TACconstr-FALSE_BB-FALSE_ObsRho--0.12_ObsSd-0.04.rds,MP_saithe,0.4,170000,A,FALSE,FALSE,-0.12,0.04,0.4,107297,149098,119762.84003931,110277.961096078,116781.802643701,118126.058267888,108438.022073654,114547.715453009,0.00195,9e-04,0.0048,0.0012,0.002,0.012,0.003,0.188585210860508,0.170741649629514,0.188941554654831,0.188585210860508,0.184313015689951,0.188396183570876,253472.665526554,231143.43668599,250866.80138733,0.387025537406374,0.381121741711155,0.376871158374775,1,1,,0,0.1458,0.1426,0.1858
MP_saithe_HCR-A_Ftrgt-0.4_Btrigger-180000_TACconstr-FALSE_BB-FALSE_ObsRho--0.12_ObsSd-0.04.rds,MP_saithe,0.4,180000,A,FALSE,FALSE,-0.12,0.04,0.4,107297,149098,119751.940477757,110087.290644704,116798.69783543,118536.476050096,108968.839531456,115209.457469852,0.0019,8e-04,0.0048,0.0012,0.002,0.012,0.003,0.19446406055556,0.175827846394541,0.194284365675123,0.19446406055556,0.191028439119661,0.193608057322178,254473.354702134,232480.53869506,251950.462249571,0.386049866371241,0.379972477376486,0.376070026946518,1,1,,0,0.1764,0.1768,0.23
MP_saithe_HCR-A_Ftrgt-0.4_Btrigger-190000_TACconstr-FALSE_BB-FALSE_ObsRho--0.12_ObsSd-0.04.rds,MP_saithe,0.4,190000,A,FALSE,FALSE,-0.12,0.04,0.4,107297,149098,119751.593680985,109867.085476611,116818.508670537,119046.173176838,109306.928260028,115902.315869704,0.0018,7e-04,0.0048,0.001,0.002,0.012,0.003,0.200971121820142,0.184100482361966,0.204127526297005,0.201626434996472,0.199863820043695,0.204080718407487,256364.862987188,233712.121518078,253564.393400568,0.384288686483662,0.378208838118935,0.375779883422037,1,1,,0,0.2139,0.219,0.2786
MP_saithe_HCR-A_Ftrgt-0.4_Btrigger-210000_TACconstr-FALSE_BB-FALSE_ObsRho--0.12_ObsSd-0.04.rds,MP_saithe,0.4,210000,A,FALSE,FALSE,-0.12,0.04,0.4,107297,149098,119745.171620137,109366.384684806,116797.674425342,120478.067786388,110389.027037716,117122.81212172,0.00145,6e-04,0.0038,8e-04,0.002,0.01,0.003,0.217633078714983,0.206035450730129,0.22341465590599,0.218091821074688,0.220153119679153,0.223414655905991,259890.339361034,237332.775591681,257228.904334344,0.380543164428423,0.3720546359776,0.372333109287512,1,1,,0,0.2917,0.2994,0.3836
MP_saithe_HCR-A_Ftrgt-0.4_Btrigger-220000_TACconstr-FALSE_BB-FALSE_ObsRho--0.12_ObsSd-0.04.rds,MP_saithe,0.4,220000,A,FALSE,FALSE,-0.12,0.04,0.4,107297,149098,119725.053736523,109100.001755728,116765.377392295,121158.500893251,110670.727663735,117755.089252381,0.0013,5e-04,0.0034,8e-04,0.002,0.01,0.003,0.228057095719832,0.217761674241954,0.232095667460237,0.228798174363689,0.233094847074131,0.232793779923215,262584.376058185,239570.543525831,259603.977776744,0.378975989418757,0.367453326742132,0.370507597998915,1,1,,0,0.3311,0.3398,0.4314
MP_saithe_HCR-A_Ftrgt-0.4_Btrigger-230000_TACconstr-FALSE_BB-FALSE_ObsRho--0.12_ObsSd-0.04.rds,MP_saithe,0.4,230000,A,FALSE,FALSE,-0.12,0.04,0.4,107297,149098,119704.376592786,108822.341185641,116706.631228181,121753.999126861,110653.29192666,118291.178732385,0.00115,5e-04,0.0032,4e-04,0.002,0.01,0.001,0.237166124431229,0.229235246241998,0.241710365396239,0.237962830466103,0.244860313348293,0.243323102980432,265205.646833294,241375.112485788,261891.546643746,0.376515851850652,0.362882087169558,0.36836116896899,1,1,,0,0.37,0.3772,0.4792
MP_saithe_HCR-A_Ftrgt-0.4_Btrigger-240000_TACconstr-FALSE_BB-FALSE_ObsRho--0.12_ObsSd-0.04.rds,MP_saithe,0.4,240000,A,FALSE,FALSE,-0.12,0.04,0.4,107297,149098,119664.992323554,108536.107195397,116651.766328003,122433.235059684,110139.186217956,118921.699680968,0.001,3e-04,0.003,4e-04,0.001,0.01,0.001,0.248399453910217,0.240456758177496,0.252434540153725,0.249217289215791,0.253131533954618,0.254134332496201,267511.725106697,243412.734085206,264745.81623192,0.373491503569218,0.358091892514273,0.364939113782856,1,1,,0,0.4086,0.4128,0.5224
MP_saithe_HCR-A_Ftrgt-0.4_Btrigger-250000_TACconstr-FALSE_BB-FALSE_ObsRho--0.12_ObsSd-0.04.rds,MP_saithe,0.4,250000,A,FALSE,FALSE,-0.12,0.04,0.4,107297,149098,119628.345339089,108253.42063982,116578.308022247,123005.903006092,109127.764451818,119399.243392977,0.001,4e-04,0.0028,4e-04,0.001,0.01,0.001,0.258337629299345,0.251736497706559,0.263749393563787,0.259354387375454,0.262011565417647,0.265257550150138,270350.133625166,245893.006138576,267136.020402972,0.37112942973847,0.353418289797527,0.361901585028742,1,1,,0,0.4405,0.4474,0.5674
MP_saithe_HCR-A_Ftrgt-0.4_Btrigger-260000_TACconstr-FALSE_BB-FALSE_ObsRho--0.12_ObsSd-0.04.rds,MP_saithe,0.4,260000,A,FALSE,FALSE,-0.12,0.04,0.4,107297,149098,119586.132845802,107980.396370096,116490.809425416,123153.070554635,107379.421857369,119674.478723975,0.00095,4e-04,0.0026,4e-04,0.001,0.01,0.001,0.267906296400408,0.262488213617498,0.27082025901497,0.268885854552078,0.270807200572482,0.275018396681031,272860.77742167,248599.913226115,269808.094673692,0.368244078192775,0.348076220810051,0.357566900882002,1,1,,0,0.4813,0.484,0.6036
MP_saithe_HCR-A_Ftrgt-0.4_Btrigger-270000_TACconstr-FALSE_BB-FALSE_ObsRho--0.12_ObsSd-0.04.rds,MP_saithe,0.4,270000,A,FALSE,FALSE,-0.12,0.04,0.4,107297,149098,119537.831206101,107678.691692167,116433.3754557,122939.549163831,105762.419704932,119233.892038456,0.00095,4e-04,0.0026,4e-04,0.001,0.01,0.001,0.277361783066104,0.27190939170467,0.280531690531666,0.278727289794985,0.279321880814116,0.284414611446684,275645.336573378,250802.742601834,272425.620017059,0.364632487983048,0.342582698293848,0.35431730296594,1,1,,0,0.5095,0.521,0.6352
MP_saithe_HCR-A_Ftrgt-0.4_Btrigger-2e+05_TACconstr-FALSE_BB-FALSE_ObsRho--0.12_ObsSd-0.04.rds,MP_saithe,0.4,2e+05,A,FALSE,FALSE,-0.12,0.04,0.4,107297,149098,119759.929362357,109624.265795596,116781.027762084,119606.828225367,109906.918608135,116498.362628536,0.0016,7e-04,0.0042,8e-04,0.002,0.01,0.003,0.20915354268394,0.193107398342468,0.212687155306807,0.209965276674548,0.208742365951625,0.21228213734016,258166.647478315,235511.262989218,255428.466441935,0.38274282468285,0.375454888506449,0.373847578808043,1,1,,0,0.2534,0.2584,0.3316
MP_saithe_HCR-A_Ftrgt-0.41_Btrigger-140000_TACconstr-FALSE_BB-FALSE_ObsRho--0.12_ObsSd-0.04.rds,MP_saithe,0.41,140000,A,FALSE,FALSE,-0.12,0.04,0.41,107297,149098,119676.74144267,111715.96765341,116846.463354353,117163.493470298,108917.168736719,113751.678973671,0.0042,0.0034,0.0074,0.0026,0.008,0.016,0.004,0.182818387839616,0.159448830632501,0.183049400522852,0.182818387839616,0.168094773401961,0.182352664808835,243845.485981729,225613.309614439,241746.658209552,0.398279717629141,0.393000308412028,0.387022378469061,1,1,,0,0.0817,0.0782,0.0906
MP_saithe_HCR-A_Ftrgt-0.41_Btrigger-150000_TACconstr-FALSE_BB-FALSE_ObsRho--0.12_ObsSd-0.04.rds,MP_saithe,0.41,150000,A,FALSE,FALSE,-0.12,0.04,0.41,107297,149098,119666.604185788,111593.167226603,116873.581722571,117488.834143195,109033.94354904,114211.308037821,0.0037,0.0028,0.007,0.0022,0.006,0.015,0.004,0.186115905674953,0.161484083067278,0.18715425727831,0.186253015567444,0.172387989689306,0.186450820597109,244473.715750084,226386.944878413,242558.848979458,0.397722901680022,0.392419761993112,0.386792717502323,1,1,,0,0.1071,0.1028,0.1204
MP_saithe_HCR-A_Ftrgt-0.41_Btrigger-160000_TACconstr-FALSE_BB-FALSE_ObsRho--0.12_ObsSd-0.04.rds,MP_saithe,0.41,160000,A,FALSE,FALSE,-0.12,0.04,0.41,107297,149098,119643.889136048,111452.756621641,116892.643874297,117984.520851137,109255.288240464,114484.245166855,0.00345,0.0024,0.0068,0.0022,0.005,0.015,0.004,0.19067922843872,0.166902044009383,0.191263494141793,0.190654739200782,0.17802796508156,0.190648525600463,245518.899095497,226768.888365803,243532.259409022,0.396942746089028,0.391647868854885,0.38660820190989,1,1,,0,0.1357,0.1286,0.1542
MP_saithe_HCR-A_Ftrgt-0.41_Btrigger-170000_TACconstr-FALSE_BB-FALSE_ObsRho--0.12_ObsSd-0.04.rds,MP_saithe,0.41,170000,A,FALSE,FALSE,-0.12,0.04,0.41,107297,149098,119630.848196514,111254.846271142,116933.812229788,118284.290822604,109568.382241478,115101.830129156,0.0029,0.0018,0.0062,0.0018,0.005,0.013,0.003,0.196775543119545,0.171069973477608,0.195935886746957,0.197048330990704,0.185134068481173,0.195337238984949,246668.982061535,227710.458640655,244570.101320793,0.396115697304965,0.390642485370146,0.385915189365877,1,1,,0,0.1666,0.1628,0.2008
MP_saithe_HCR-A_Ftrgt-0.41_Btrigger-180000_TACconstr-FALSE_BB-FALSE_ObsRho--0.12_ObsSd-0.04.rds,MP_saithe,0.41,180000,A,FALSE,FALSE,-0.12,0.04,0.41,107297,149098,119623.243819597,111034.682703229,116960.265274307,118789.58170463,109983.671461866,115818.453926932,0.0028,0.0018,0.0058,0.0018,0.005,0.013,0.003,0.20241517282687,0.176140662312721,0.205001442151453,0.202848327929609,0.192752214342595,0.204135902189147,248293.965727537,228984.33480988,246010.263295946,0.394610310511905,0.389090553977343,0.385311009965456,1,1,,0,0.2029,0.202,0.243
MP_saithe_HCR-A_Ftrgt-0.41_Btrigger-190000_TACconstr-FALSE_BB-FALSE_ObsRho--0.12_ObsSd-0.04.rds,MP_saithe,0.41,190000,A,FALSE,FALSE,-0.12,0.04,0.41,107297,149098,119651.66017525,110785.486040777,116965.310656663,119440.559917997,110516.297840108,116417.808075008,0.00275,0.002,0.0054,0.0016,0.005,0.012,0.003,0.211097068392217,0.185253612486473,0.21402550827465,0.211440224809134,0.202894120052232,0.212562637398785,249980.701344011,230388.736758219,247450.010992462,0.392928386598752,0.386726851153418,0.384081582905458,1,1,,0,0.242,0.2442,0.2926
MP_saithe_HCR-A_Ftrgt-0.41_Btrigger-210000_TACconstr-FALSE_BB-FALSE_ObsRho--0.12_ObsSd-0.04.rds,MP_saithe,0.41,210000,A,FALSE,FALSE,-0.12,0.04,0.41,107297,149098,119654.794004255,110260.377320882,116951.014149878,120978.698043976,111714.687529754,117812.893473262,0.00235,0.0017,0.0046,0.0014,0.004,0.01,0.003,0.230356691865225,0.208279206938088,0.233959047940512,0.231140432285261,0.223845051459351,0.232878938007323,254251.299183521,234204.231507755,251714.40552308,0.388813766456932,0.379973154895653,0.380346140444723,1,1,,0,0.3173,0.3238,0.3974
MP_saithe_HCR-A_Ftrgt-0.41_Btrigger-220000_TACconstr-FALSE_BB-FALSE_ObsRho--0.12_ObsSd-0.04.rds,MP_saithe,0.41,220000,A,FALSE,FALSE,-0.12,0.04,0.41,107297,149098,119643.388294044,109963.601943629,116914.679696775,121614.95665671,111711.553730587,118398.454981149,0.00205,0.0017,0.0036,0.0012,0.004,0.01,0.003,0.240177855509391,0.220229212656824,0.242653606307536,0.240704154555826,0.236653455528966,0.243845593664093,256761.553215742,236111.864454995,254085.978846021,0.386286046712819,0.37559620148664,0.379273983650462,1,1,,0,0.3564,0.3636,0.448
MP_saithe_HCR-A_Ftrgt-0.41_Btrigger-230000_TACconstr-FALSE_BB-FALSE_ObsRho--0.12_ObsSd-0.04.rds,MP_saithe,0.41,230000,A,FALSE,FALSE,-0.12,0.04,0.41,107297,149098,119607.33597181,109675.925008697,116889.809607596,122189.839286167,111645.417156718,118998.064015117,0.00185,0.0016,0.0034,8e-04,0.004,0.01,0.001,0.250310390239308,0.231239004993249,0.252464502845215,0.251311975331092,0.246095451388508,0.254281377002845,259315.209577374,238319.205044927,256831.605811481,0.383270217740875,0.370647443271395,0.375633781203614,1,1,,0,0.3975,0.402,0.4938
MP_saithe_HCR-A_Ftrgt-0.41_Btrigger-240000_TACconstr-FALSE_BB-FALSE_ObsRho--0.12_ObsSd-0.04.rds,MP_saithe,0.41,240000,A,FALSE,FALSE,-0.12,0.04,0.41,107297,149098,119600.305917793,109387.507919653,116802.083541275,122965.081552509,110833.316008063,119477.847050506,0.00165,0.0013,0.0032,8e-04,0.004,0.01,0.001,0.261140382062977,0.243980312931204,0.265607514521251,0.262336241297137,0.256999143539127,0.26642261961167,261952.77377809,240742.709055685,259333.554398664,0.381214740422188,0.365790345400821,0.372045086801191,1,1,,0,0.43,0.4356,0.5354
MP_saithe_HCR-A_Ftrgt-0.41_Btrigger-250000_TACconstr-FALSE_BB-FALSE_ObsRho--0.12_ObsSd-0.04.rds,MP_saithe,0.41,250000,A,FALSE,FALSE,-0.12,0.04,0.41,107297,149098,119583.355393207,109086.049265575,116736.497265513,123245.226104056,109516.553775508,119847.362471578,0.00145,0.0011,0.003,6e-04,0.004,0.01,0.001,0.273123915904129,0.25389718808017,0.274138732407175,0.274522172335379,0.266994615575862,0.276511082018228,264582.793863157,242973.933989348,262217.162064247,0.378522812509516,0.360635736335141,0.36813714936792,1,1,,0,0.4685,0.4722,0.5818
MP_saithe_HCR-A_Ftrgt-0.41_Btrigger-260000_TACconstr-FALSE_BB-FALSE_ObsRho--0.12_ObsSd-0.04.rds,MP_saithe,0.41,260000,A,FALSE,FALSE,-0.12,0.04,0.41,107297,149098,119568.250450334,108793.254336594,116665.61827718,123146.267870937,108112.863344269,119862.57547199,0.00125,8e-04,0.0028,6e-04,0.002,0.01,0.001,0.282859028870712,0.263584418342664,0.285779009096023,0.284462622830197,0.274267523665867,0.287903496913219,267224.640659882,245631.774959449,265165.860749695,0.374715333713782,0.354639207421436,0.36425419435691,1,1,,0,0.5012,0.5068,0.6168
MP_saithe_HCR-A_Ftrgt-0.41_Btrigger-270000_TACconstr-FALSE_BB-FALSE_ObsRho--0.12_ObsSd-0.04.rds,MP_saithe,0.41,270000,A,FALSE,FALSE,-0.12,0.04,0.41,107297,149098,119525.068305586,108491.490928243,116581.395893185,122646.14294973,106131.490986114,118865.689807856,0.0011,6e-04,0.0026,6e-04,0.002,0.01,0.001,0.291875977817486,0.273043736088872,0.296601772152633,0.294849899464977,0.280786370936239,0.301902694793931,270158.857030147,248019.607928824,267748.842384329,0.370525510977737,0.348952416762826,0.359865042845217,1,1,,0,0.5318,0.5422,0.6486
MP_saithe_HCR-A_Ftrgt-0.41_Btrigger-2e+05_TACconstr-FALSE_BB-FALSE_ObsRho--0.12_ObsSd-0.04.rds,MP_saithe,0.41,2e+05,A,FALSE,FALSE,-0.12,0.04,0.41,107297,149098,119652.700998485,110524.403274977,116955.798164251,120149.700610983,111223.336292384,117150.751739667,0.0025,0.0017,0.005,0.0016,0.004,0.011,0.003,0.220434772559541,0.193544650516921,0.225139058590836,0.220971444113246,0.21292458158039,0.224485413631345,252003.155915002,232200.871193954,249559.109843687,0.390691839684052,0.384108260278015,0.382558874178851,1,1,,0,0.2788,0.2834,0.3488
MP_saithe_HCR-A_Ftrgt-0.42_Btrigger-140000_TACconstr-FALSE_BB-FALSE_ObsRho--0.12_ObsSd-0.04.rds,MP_saithe,0.42,140000,A,FALSE,FALSE,-0.12,0.04,0.42,107297,149098,119615.189819201,112739.266298401,116853.36732712,117267.299155213,110143.648996161,113948.958433644,0.0056,0.0051,0.0082,0.004,0.009,0.017,0.006,0.188469452891361,0.161843730892073,0.189024837987208,0.188553387437221,0.170335063355338,0.18743343082428,236988.47107592,221740.073135204,235353.948545856,0.407645370568753,0.403614284775072,0.396420987355276,1,1,,0,0.0954,0.094,0.0986
MP_saithe_HCR-A_Ftrgt-0.42_Btrigger-150000_TACconstr-FALSE_BB-FALSE_ObsRho--0.12_ObsSd-0.04.rds,MP_saithe,0.42,150000,A,FALSE,FALSE,-0.12,0.04,0.42,107297,149098,119622.351317627,112587.095639601,116886.338413525,117631.976424218,110273.205453922,114286.671612806,0.0052,0.0046,0.0078,0.0038,0.008,0.017,0.006,0.192847115251067,0.164613450413114,0.192114846351532,0.192847115251066,0.174271887498828,0.190918628574859,237717.806454946,222307.365291457,236402.726015236,0.407115822439624,0.402658993367189,0.39591959482942,1,1,,0,0.124,0.1172,0.1292
MP_saithe_HCR-A_Ftrgt-0.42_Btrigger-160000_TACconstr-FALSE_BB-FALSE_ObsRho--0.12_ObsSd-0.04.rds,MP_saithe,0.42,160000,A,FALSE,FALSE,-0.12,0.04,0.42,107297,149098,119616.685987943,112410.938627778,116918.611553679,118045.762970447,110521.088589358,114984.030071433,0.0049,0.0043,0.0072,0.0038,0.009,0.016,0.006,0.198832053452104,0.168395846823565,0.197886171026636,0.199209886788154,0.180234940178299,0.196864303606806,239057.749717978,223023.572230576,237481.695265071,0.406375227250144,0.401029571156111,0.396031100072887,1,1,,0,0.1554,0.1492,0.168
MP_saithe_HCR-A_Ftrgt-0.42_Btrigger-170000_TACconstr-FALSE_BB-FALSE_ObsRho--0.12_ObsSd-0.04.rds,MP_saithe,0.42,170000,A,FALSE,FALSE,-0.12,0.04,0.42,107297,149098,119619.214627272,112225.378523527,116915.324155427,118449.82932155,110925.954134941,115456.859559075,0.00445,0.0038,0.0068,0.0034,0.007,0.015,0.005,0.205287424284772,0.172107000930227,0.205753416098963,0.206066728410048,0.189112054036152,0.204483602091689,240514.985181964,223965.61268348,238994.091048296,0.40487068512038,0.399817908714753,0.395035104273621,1,1,,0,0.1873,0.1852,0.2136
MP_saithe_HCR-A_Ftrgt-0.42_Btrigger-180000_TACconstr-FALSE_BB-FALSE_ObsRho--0.12_ObsSd-0.04.rds,MP_saithe,0.42,180000,A,FALSE,FALSE,-0.12,0.04,0.42,107297,149098,119595.38053561,111983.398679429,116955.405949968,119192.469470352,111302.147614631,116074.411687051,0.0039,0.0032,0.0062,0.003,0.006,0.014,0.005,0.213307033435707,0.177556352228882,0.217608901419524,0.21419986857284,0.198544921980958,0.214172518754569,242064.74357502,225495.191390246,240480.710639639,0.403344652726739,0.397715434302548,0.394135144197163,1,1,,0,0.2281,0.23,0.2584
MP_saithe_HCR-A_Ftrgt-0.42_Btrigger-190000_TACconstr-FALSE_BB-FALSE_ObsRho--0.12_ObsSd-0.04.rds,MP_saithe,0.42,190000,A,FALSE,FALSE,-0.12,0.04,0.42,107297,149098,119599.903162887,111701.184529902,116994.558991033,119832.190904037,111732.81470363,116911.892852078,0.00335,0.0025,0.0056,0.0028,0.005,0.012,0.005,0.223491346156138,0.18692985830673,0.226781451751066,0.224638011755017,0.207310742674995,0.224407847070695,244016.304982316,227294.173281713,242491.68301339,0.401416921907446,0.39550559308068,0.392646754966331,1,1,,0,0.2668,0.27,0.3082
MP_saithe_HCR-A_Ftrgt-0.42_Btrigger-210000_TACconstr-FALSE_BB-FALSE_ObsRho--0.12_ObsSd-0.04.rds,MP_saithe,0.42,210000,A,FALSE,FALSE,-0.12,0.04,0.42,107297,149098,119602.122668209,111133.341990173,116983.608387134,121257.716614238,112622.701930622,118365.11257991,0.0028,0.0021,0.0046,0.0024,0.005,0.01,0.005,0.242777274814365,0.209783280234817,0.245804833189095,0.24368932827987,0.227023592312899,0.245953529197788,248505.682898821,231002.756653192,247055.512456575,0.396843777534875,0.3880728205334,0.389275881702007,1,1,,0,0.3429,0.3504,0.4142
MP_saithe_HCR-A_Ftrgt-0.42_Btrigger-220000_TACconstr-FALSE_BB-FALSE_ObsRho--0.12_ObsSd-0.04.rds,MP_saithe,0.42,220000,A,FALSE,FALSE,-0.12,0.04,0.42,107297,149098,119619.539295037,110847.130087867,116928.48743058,121961.094429048,112704.158183786,118768.966722388,0.0027,0.0022,0.0044,0.002,0.005,0.01,0.004,0.253514601982715,0.221952677654052,0.255187089532844,0.253905344201638,0.240751936482063,0.256506489320929,250998.178558415,233024.258023752,249343.430310526,0.393951535467252,0.382993757969006,0.386219547654272,1,1,,0,0.3837,0.3888,0.4618
MP_saithe_HCR-A_Ftrgt-0.42_Btrigger-230000_TACconstr-FALSE_BB-FALSE_ObsRho--0.12_ObsSd-0.04.rds,MP_saithe,0.42,230000,A,FALSE,FALSE,-0.12,0.04,0.42,107297,149098,119603.74411686,110556.318321812,116875.838642193,122689.10631862,112460.262613877,119314.942145807,0.00235,0.002,0.0036,0.0018,0.005,0.01,0.003,0.266212504119432,0.235340133550331,0.264980465700287,0.267839356976087,0.249978249563637,0.267033661194531,253787.010317961,235296.775339155,251841.461867801,0.391523764902929,0.377871167631138,0.382638799163785,1,1,,0,0.4199,0.4236,0.506
MP_saithe_HCR-A_Ftrgt-0.42_Btrigger-240000_TACconstr-FALSE_BB-FALSE_ObsRho--0.12_ObsSd-0.04.rds,MP_saithe,0.42,240000,A,FALSE,FALSE,-0.12,0.04,0.42,107297,149098,119559.425730346,110259.391590897,116827.397646393,123128.121180386,111346.165693249,119885.641043062,0.0021,0.0019,0.0034,0.0012,0.004,0.01,0.002,0.276367879238162,0.246802638725474,0.277704957672176,0.279119172613051,0.263180923151961,0.279022073899511,256430.653781777,237397.698128454,254731.843160533,0.388468381160877,0.372284115449546,0.378455881989149,1,1,,0,0.4584,0.4608,0.5486
MP_saithe_HCR-A_Ftrgt-0.42_Btrigger-250000_TACconstr-FALSE_BB-FALSE_ObsRho--0.12_ObsSd-0.04.rds,MP_saithe,0.42,250000,A,FALSE,FALSE,-0.12,0.04,0.42,107297,149098,119545.179105645,109948.794945167,116753.21410231,123219.938178851,109877.535050142,119903.755532634,0.00185,0.0017,0.003,0.001,0.004,0.01,0.002,0.287070541764481,0.256361039995621,0.28757523125701,0.289704335106699,0.269975807109965,0.289629568938091,259123.479520318,240200.295599126,257691.723512746,0.384800449316579,0.366599689562174,0.374868757490779,1,1,,0,0.4911,0.4954,0.5952
MP_saithe_HCR-A_Ftrgt-0.42_Btrigger-260000_TACconstr-FALSE_BB-FALSE_ObsRho--0.12_ObsSd-0.04.rds,MP_saithe,0.42,260000,A,FALSE,FALSE,-0.12,0.04,0.42,107297,149098,119587.203129596,109652.740264737,116594.074127369,122968.611656535,108424.594490163,119349.522243836,0.0017,0.0015,0.0028,0.001,0.004,0.01,0.002,0.298023118600451,0.267582097870964,0.301256491309298,0.30019643380041,0.27867822841076,0.304858932251156,262230.897891481,242642.872917498,259961.511987592,0.380662232846088,0.361481251982183,0.369090315586341,1,1,,0,0.5205,0.5304,0.6294
MP_saithe_HCR-A_Ftrgt-0.42_Btrigger-270000_TACconstr-FALSE_BB-FALSE_ObsRho--0.12_ObsSd-0.04.rds,MP_saithe,0.42,270000,A,FALSE,FALSE,-0.12,0.04,0.42,107297,149098,119563.667242869,109348.884394017,116513.969993452,122108.084487033,106812.841661999,118242.876155886,0.00155,0.0014,0.0028,6e-04,0.004,0.01,0.001,0.308850806243142,0.277433587714564,0.309471384596577,0.312054135627924,0.287984010546607,0.31500268795213,264993.314317747,245260.0106013,262659.335428223,0.375930243105226,0.356055357959418,0.364483126819307,1,1,,0,0.5528,0.5584,0.6606
MP_saithe_HCR-A_Ftrgt-0.42_Btrigger-2e+05_TACconstr-FALSE_BB-FALSE_ObsRho--0.12_ObsSd-0.04.rds,MP_saithe,0.42,2e+05,A,FALSE,FALSE,-0.12,0.04,0.42,107297,149098,119614.149804621,111422.522880229,116986.278324441,120639.849582905,112051.730534066,117684.539729513,0.0031,0.0023,0.0052,0.0026,0.005,0.011,0.005,0.232939059272734,0.198067503178272,0.236185828246438,0.233577316891427,0.215244093353297,0.235032637063844,246122.894015202,229289.085086732,244414.933409257,0.399357975310484,0.392425348852426,0.390308179744574,1,1,,0,0.3059,0.3126,0.361
MP_saithe_HCR-A_Ftrgt-0.43_Btrigger-140000_TACconstr-FALSE_BB-FALSE_ObsRho--0.12_ObsSd-0.04.rds,MP_saithe,0.43,140000,A,FALSE,FALSE,-0.12,0.04,0.43,107297,149098,119591.238697664,113649.027242017,116839.954471399,117378.661223353,111443.742679842,114085.46186091,0.0066,0.0063,0.0098,0.004,0.011,0.019,0.007,0.195336698046276,0.162895861771489,0.194118293822766,0.195501340051812,0.174370976178983,0.193183968182968,230471.786483793,218747.511567586,229460.653615328,0.417265372728733,0.413399821657373,0.405345064578807,1,1,,0,0.1123,0.1048,0.1096
MP_saithe_HCR-A_Ftrgt-0.43_Btrigger-150000_TACconstr-FALSE_BB-FALSE_ObsRho--0.12_ObsSd-0.04.rds,MP_saithe,0.43,150000,A,FALSE,FALSE,-0.12,0.04,0.43,107297,149098,119613.397910241,113478.69979028,116856.186696381,117720.387554158,111581.144738972,114442.254797049,0.0064,0.0061,0.0096,0.0038,0.011,0.019,0.006,0.201826892164727,0.166282856136616,0.199407120789806,0.201859009972888,0.17894299637594,0.198195784298688,231528.252432287,219240.836146636,230659.215846013,0.416772359681957,0.412058787725236,0.405226047909296,1,1,,0,0.1428,0.135,0.141
MP_saithe_HCR-A_Ftrgt-0.43_Btrigger-160000_TACconstr-FALSE_BB-FALSE_ObsRho--0.12_ObsSd-0.04.rds,MP_saithe,0.43,160000,A,FALSE,FALSE,-0.12,0.04,0.43,107297,149098,119604.668070217,113283.572306833,116897.245211758,118275.292042335,111812.936175545,115152.533742437,0.00615,0.0058,0.009,0.004,0.009,0.017,0.005,0.2081465833679,0.17102155292118,0.206362416473394,0.20848895952083,0.183299555364113,0.205592994118611,232965.821182031,219900.549442287,231591.149369575,0.415496179564739,0.410499310146309,0.40442776499262,1,1,,0,0.1747,0.167,0.1808
MP_saithe_HCR-A_Ftrgt-0.43_Btrigger-170000_TACconstr-FALSE_BB-FALSE_ObsRho--0.12_ObsSd-0.04.rds,MP_saithe,0.43,170000,A,FALSE,FALSE,-0.12,0.04,0.43,107297,149098,119620.652250419,113054.639776142,116905.051458416,118860.807821151,112015.953810071,115720.334924914,0.00565,0.0053,0.0078,0.0042,0.009,0.016,0.005,0.215421124363546,0.176218299971391,0.216679117866134,0.216018064214261,0.191948497767509,0.215556643486233,234586.047196917,220637.210850137,233288.504981505,0.413737079792195,0.408742288951466,0.403733426130044,1,1,,0,0.2108,0.2114,0.2276
MP_saithe_HCR-A_Ftrgt-0.43_Btrigger-180000_TACconstr-FALSE_BB-FALSE_ObsRho--0.12_ObsSd-0.04.rds,MP_saithe,0.43,180000,A,FALSE,FALSE,-0.12,0.04,0.43,107297,149098,119606.696611406,112793.549555614,116931.170202214,119583.908435947,112486.631785044,116461.434928129,0.00515,0.0047,0.0074,0.0038,0.009,0.015,0.005,0.22526379333928,0.182763477820605,0.226979592790801,0.225544343379952,0.19972227929718,0.225018284496319,236461.329976942,222084.980114357,235371.080588144,0.41157821766523,0.406537052039356,0.402083864138516,1,1,,0,0.253,0.2536,0.274
MP_saithe_HCR-A_Ftrgt-0.43_Btrigger-190000_TACconstr-FALSE_BB-FALSE_ObsRho--0.12_ObsSd-0.04.rds,MP_saithe,0.43,190000,A,FALSE,FALSE,-0.12,0.04,0.43,107297,149098,119607.531747295,112534.282004286,116943.316123258,120294.425247777,112826.121135018,117244.329786988,0.00465,0.0042,0.0068,0.0034,0.009,0.015,0.004,0.234946730146333,0.190595117203512,0.237082070131964,0.235424851589689,0.210033978828272,0.235100648667871,238633.644324521,223871.402131091,237190.131836943,0.409614599664692,0.403958110736429,0.400389538192733,1,1,,0,0.2938,0.2938,0.3222
MP_saithe_HCR-A_Ftrgt-0.43_Btrigger-210000_TACconstr-FALSE_BB-FALSE_ObsRho--0.12_ObsSd-0.04.rds,MP_saithe,0.43,210000,A,FALSE,FALSE,-0.12,0.04,0.43,107297,149098,119645.158090488,111926.406866631,116894.170479475,121647.040159478,113697.391491577,118677.284493453,0.00375,0.0034,0.0056,0.0026,0.006,0.012,0.004,0.256813894801718,0.214644162510364,0.2584527831684,0.257626170585726,0.232338514113604,0.257837874188213,243482.193197073,228215.261928076,242025.174306471,0.404069210170008,0.395520562563594,0.396112900955518,1,1,,0,0.3684,0.3716,0.4282
MP_saithe_HCR-A_Ftrgt-0.43_Btrigger-220000_TACconstr-FALSE_BB-FALSE_ObsRho--0.12_ObsSd-0.04.rds,MP_saithe,0.43,220000,A,FALSE,FALSE,-0.12,0.04,0.43,107297,149098,119586.658711423,111623.521978708,116913.693597216,122376.7075318,113590.250745943,119423.594437043,0.00345,0.0032,0.0048,0.0026,0.006,0.01,0.004,0.269385955548755,0.224087669770874,0.266099237057548,0.270290336593591,0.242952904985392,0.26598676233319,245917.137618748,229959.598784989,244143.907632625,0.401399153411727,0.390730989740375,0.392759054055619,1,1,,0,0.4089,0.4112,0.4736
MP_saithe_HCR-A_Ftrgt-0.43_Btrigger-230000_TACconstr-FALSE_BB-FALSE_ObsRho--0.12_ObsSd-0.04.rds,MP_saithe,0.43,230000,A,FALSE,FALSE,-0.12,0.04,0.43,107297,149098,119572.677451708,111305.0038434,116902.612599797,123158.592212858,113062.095361001,119811.409221327,0.00315,0.0029,0.0044,0.0024,0.006,0.01,0.003,0.280018831099574,0.236987224021386,0.278162486489539,0.281868594610151,0.255387969656007,0.278600588472129,248444.185140898,232176.44148708,246859.314374723,0.398027522521845,0.385420905602775,0.388922783381446,1,1,,0,0.4451,0.445,0.5212
MP_saithe_HCR-A_Ftrgt-0.43_Btrigger-240000_TACconstr-FALSE_BB-FALSE_ObsRho--0.12_ObsSd-0.04.rds,MP_saithe,0.43,240000,A,FALSE,FALSE,-0.12,0.04,0.43,107297,149098,119582.019772988,111004.130617951,116792.213886199,123491.724699119,111876.028523905,120089.076333653,0.0028,0.003,0.0036,0.0016,0.006,0.01,0.002,0.291778987224808,0.251422917782904,0.291030852538223,0.293260738955556,0.266897559807362,0.291968585565282,251451.918039802,234488.821736884,249951.124369412,0.394206339573857,0.379605144096424,0.385052217241241,1,1,,0,0.4793,0.4804,0.563
MP_saithe_HCR-A_Ftrgt-0.43_Btrigger-250000_TACconstr-FALSE_BB-FALSE_ObsRho--0.12_ObsSd-0.04.rds,MP_saithe,0.43,250000,A,FALSE,FALSE,-0.12,0.04,0.43,107297,149098,119609.653025158,110704.513427385,116696.496259505,123290.073556174,109989.360869486,119720.550238712,0.00255,0.0027,0.0032,0.0016,0.007,0.01,0.002,0.304847661751466,0.259525892953812,0.303914721102181,0.306688141594084,0.273947987716511,0.306777986182486,254147.962208081,237308.89058709,253048.398556269,0.390505448896663,0.373160225181436,0.38054146662116,1,1,,0,0.509,0.518,0.6062
MP_saithe_HCR-A_Ftrgt-0.43_Btrigger-260000_TACconstr-FALSE_BB-FALSE_ObsRho--0.12_ObsSd-0.04.rds,MP_saithe,0.43,260000,A,FALSE,FALSE,-0.12,0.04,0.43,107297,149098,119589.450992203,110407.541405881,116629.217187872,122609.687529465,108531.424734551,118775.922980884,0.00225,0.0026,0.003,8e-04,0.005,0.01,0.001,0.314016839228252,0.270431669071568,0.314541955168489,0.317285049075236,0.283163108607795,0.318793703220765,257224.3350021,239978.391676377,255146.651628851,0.385706710827249,0.367704498015966,0.37463722151258,1,1,,0,0.54,0.5474,0.643
MP_saithe_HCR-A_Ftrgt-0.43_Btrigger-270000_TACconstr-FALSE_BB-FALSE_ObsRho--0.12_ObsSd-0.04.rds,MP_saithe,0.43,270000,A,FALSE,FALSE,-0.12,0.04,0.43,107297,149098,119586.304540686,110102.609017138,116537.711957317,121749.310789112,107106.164145903,117834.681883,0.0021,0.0024,0.0028,8e-04,0.005,0.01,0.001,0.324010178565962,0.280488588449334,0.322559377007864,0.326293634131662,0.293248313013089,0.329118677257535,260469.411797658,242671.140864456,257956.214024866,0.380861912308502,0.36159976913432,0.369515385062735,1,1,,0,0.57,0.5756,0.6728
MP_saithe_HCR-A_Ftrgt-0.43_Btrigger-2e+05_TACconstr-FALSE_BB-FALSE_ObsRho--0.12_ObsSd-0.04.rds,MP_saithe,0.43,2e+05,A,FALSE,FALSE,-0.12,0.04,0.43,107297,149098,119642.090011137,112236.117700282,116936.502884221,120926.276575929,113132.402437909,118116.328921616,0.0042,0.0039,0.0058,0.0032,0.007,0.013,0.004,0.247767052270015,0.201667744849571,0.247926948517799,0.248519279902283,0.220729367410979,0.246658468844249,240878.21209656,225756.753004766,239480.198353728,0.40713410669868,0.400281862405434,0.3983470254464,1,1,,0,0.3295,0.334,0.3772
MP_saithe_HCR-A_Ftrgt-0.44_Btrigger-140000_TACconstr-FALSE_BB-FALSE_ObsRho--0.12_ObsSd-0.04.rds,MP_saithe,0.44,140000,A,FALSE,FALSE,-0.12,0.04,0.44,107297,149098,119522.347523313,114504.174201373,116820.299288888,117434.958277203,112445.371397229,114158.945898591,0.0091,0.0094,0.0114,0.0062,0.014,0.02,0.009,0.203711752988883,0.165736428259239,0.200649579649176,0.203711752988883,0.176812149738076,0.198928621040314,224598.17514087,215457.042104928,223694.513001943,0.426403967862755,0.42280939988735,0.414666838947227,1,1,,0,0.1292,0.1212,0.1176
MP_saithe_HCR-A_Ftrgt-0.44_Btrigger-150000_TACconstr-FALSE_BB-FALSE_ObsRho--0.12_ObsSd-0.04.rds,MP_saithe,0.44,150000,A,FALSE,FALSE,-0.12,0.04,0.44,107297,149098,119497.134138421,114314.3513807,116911.25761303,117879.951302915,112646.30471147,114688.324939604,0.0085,0.0086,0.0106,0.0062,0.013,0.02,0.009,0.21116526341893,0.169187121638833,0.208272140614734,0.211382193533682,0.181277699706258,0.207497044276802,225532.833225753,215871.351978975,224688.642736455,0.425852134888009,0.421792741706914,0.41456137157842,1,1,,0,0.1614,0.1508,0.1508
MP_saithe_HCR-A_Ftrgt-0.44_Btrigger-160000_TACconstr-FALSE_BB-FALSE_ObsRho--0.12_ObsSd-0.04.rds,MP_saithe,0.44,160000,A,FALSE,FALSE,-0.12,0.04,0.44,107297,149098,119501.00895359,114082.317978456,116941.924832955,118413.42585882,112835.174250736,115312.189156949,0.0079,0.0078,0.01,0.006,0.012,0.018,0.008,0.217505265226542,0.173179108027613,0.216414312989636,0.218240551736437,0.18655557181417,0.215820838715423,227274.514597811,216662.335021623,226679.746294604,0.424138939911454,0.420126524167174,0.413470982745721,1,1,,0,0.1961,0.192,0.1936
MP_saithe_HCR-A_Ftrgt-0.44_Btrigger-170000_TACconstr-FALSE_BB-FALSE_ObsRho--0.12_ObsSd-0.04.rds,MP_saithe,0.44,170000,A,FALSE,FALSE,-0.12,0.04,0.44,107297,149098,119501.667887342,113857.834317364,116983.701675985,119143.608320265,113230.677299727,116058.795973978,0.00805,0.0082,0.0096,0.0062,0.011,0.018,0.008,0.227509622769735,0.177378643182305,0.22631140088909,0.227895161570216,0.194269863841202,0.224166637351347,228995.670682926,217688.32061539,228297.888693336,0.422071107345528,0.417834377283518,0.412296715319771,1,1,,0,0.2375,0.234,0.241
MP_saithe_HCR-A_Ftrgt-0.44_Btrigger-180000_TACconstr-FALSE_BB-FALSE_ObsRho--0.12_ObsSd-0.04.rds,MP_saithe,0.44,180000,A,FALSE,FALSE,-0.12,0.04,0.44,107297,149098,119556.678321063,113567.424129097,116909.075996155,119860.836318266,113467.858688747,116738.306634653,0.00725,0.0073,0.0084,0.006,0.011,0.015,0.008,0.237509425897666,0.185830980387145,0.238463314876743,0.237427285676381,0.202524993376175,0.23512063031796,230940.862089518,218917.150836717,230133.204285678,0.419705191209509,0.415549804291682,0.410168728501992,1,1,,0,0.2775,0.2758,0.2892
MP_saithe_HCR-A_Ftrgt-0.44_Btrigger-190000_TACconstr-FALSE_BB-FALSE_ObsRho--0.12_ObsSd-0.04.rds,MP_saithe,0.44,190000,A,FALSE,FALSE,-0.12,0.04,0.44,107297,149098,119534.017189707,113244.475934215,116968.067981783,120556.110412801,113969.01759736,117604.018032953,0.0069,0.0069,0.008,0.0058,0.01,0.015,0.008,0.248799501381868,0.195208872480414,0.249662594973427,0.249512970260979,0.21628639922542,0.24787472100416,233123.51723356,220709.013387285,232611.722901071,0.41693056750579,0.412616232026221,0.408985030030507,1,1,,0,0.3159,0.3176,0.3398
MP_saithe_HCR-A_Ftrgt-0.44_Btrigger-210000_TACconstr-FALSE_BB-FALSE_ObsRho--0.12_ObsSd-0.04.rds,MP_saithe,0.44,210000,A,FALSE,FALSE,-0.12,0.04,0.44,107297,149098,119557.502063586,112638.804717615,116915.322020474,122019.482397678,114458.300900581,119219.025115237,0.0057,0.006,0.0062,0.0046,0.011,0.012,0.007,0.271303097135964,0.217550693524225,0.269257496596382,0.272549292972425,0.238073625942157,0.267707907615054,237965.677218156,224813.193306716,237063.091194799,0.411960431660009,0.403128354241595,0.403507701278259,1,1,,0,0.3942,0.3912,0.443
MP_saithe_HCR-A_Ftrgt-0.44_Btrigger-220000_TACconstr-FALSE_BB-FALSE_ObsRho--0.12_ObsSd-0.04.rds,MP_saithe,0.44,220000,A,FALSE,FALSE,-0.12,0.04,0.44,107297,149098,119552.451042867,112342.418686595,116887.877097307,122878.759925966,114283.977356737,119877.622285852,0.0052,0.0055,0.0056,0.0042,0.01,0.01,0.007,0.283639155604825,0.227848509941465,0.280184328605327,0.284533030866066,0.248319173504688,0.280379781277742,240676.851631136,227160.323313653,239451.070511196,0.408470633747476,0.398561156202739,0.399013467985447,1,1,,0,0.4312,0.432,0.4878
MP_saithe_HCR-A_Ftrgt-0.44_Btrigger-230000_TACconstr-FALSE_BB-FALSE_ObsRho--0.12_ObsSd-0.04.rds,MP_saithe,0.44,230000,A,FALSE,FALSE,-0.12,0.04,0.44,107297,149098,119556.957677789,112026.840010191,116889.905839977,123187.639483961,113552.09816643,120363.074814908,0.00475,0.0048,0.0052,0.0042,0.009,0.01,0.007,0.294805432406378,0.240154601037807,0.292540713096545,0.295707424949565,0.259124373384976,0.293120658357239,243527.935664956,229436.355136633,242610.193973163,0.404776332584598,0.39277306361544,0.395646846698646,1,1,,0,0.4674,0.4676,0.5312
MP_saithe_HCR-A_Ftrgt-0.44_Btrigger-240000_TACconstr-FALSE_BB-FALSE_ObsRho--0.12_ObsSd-0.04.rds,MP_saithe,0.44,240000,A,FALSE,FALSE,-0.12,0.04,0.44,107297,149098,119529.741319394,111722.708698366,116840.753940543,123166.778229789,112445.680560996,120073.539761587,0.00415,0.0044,0.004,0.0038,0.007,0.01,0.005,0.307320747799817,0.252485585039241,0.304360032430214,0.309881640389959,0.269844875435971,0.30587056552316,246366.700951626,231762.84231529,245593.600273707,0.400691374362331,0.386869767071126,0.392815001850828,1,1,,0,0.4991,0.5024,0.5756
MP_saithe_HCR-A_Ftrgt-0.44_Btrigger-250000_TACconstr-FALSE_BB-FALSE_ObsRho--0.12_ObsSd-0.04.rds,MP_saithe,0.44,250000,A,FALSE,FALSE,-0.12,0.04,0.44,107297,149098,119567.218882227,111407.698299591,116795.29911524,122880.412364892,110284.921378981,119541.106978354,0.0037,0.0043,0.0034,0.0028,0.007,0.01,0.004,0.31811049050934,0.264248974679551,0.318447933521406,0.320267743014527,0.281110041047601,0.321368504200929,248986.566449354,234499.34641398,248080.604185318,0.396268683229408,0.379888900736986,0.386687198431983,1,1,,0,0.5278,0.5354,0.6192
MP_saithe_HCR-A_Ftrgt-0.44_Btrigger-260000_TACconstr-FALSE_BB-FALSE_ObsRho--0.12_ObsSd-0.04.rds,MP_saithe,0.44,260000,A,FALSE,FALSE,-0.12,0.04,0.44,107297,149098,119562.27150728,111118.033875275,116701.271545826,122059.394043385,108869.715461629,118450.687660501,0.00315,0.0039,0.0032,0.0016,0.007,0.01,0.003,0.328558662865606,0.272804613781001,0.327368567867066,0.33132466561745,0.285891797839623,0.334774587330376,252389.636743016,237123.919247413,250698.758987473,0.390812164202562,0.372548053137402,0.38172178593395,1,1,,0,0.5578,0.5622,0.6538
MP_saithe_HCR-A_Ftrgt-0.44_Btrigger-270000_TACconstr-FALSE_BB-FALSE_ObsRho--0.12_ObsSd-0.04.rds,MP_saithe,0.44,270000,A,FALSE,FALSE,-0.12,0.04,0.44,107297,149098,119522.138523468,110820.369624933,116693.838494336,120902.899652148,107269.636349152,117349.231848687,0.003,0.0039,0.0028,0.0014,0.007,0.01,0.002,0.340742727887051,0.282652454985276,0.335469839697541,0.342495256065282,0.295532671771185,0.344048904059902,255309.280784696,240006.813985614,253552.104736825,0.385852758185874,0.366188007704192,0.375271267450095,1,1,,0,0.5866,0.5954,0.685
MP_saithe_HCR-A_Ftrgt-0.44_Btrigger-2e+05_TACconstr-FALSE_BB-FALSE_ObsRho--0.12_ObsSd-0.04.rds,MP_saithe,0.44,2e+05,A,FALSE,FALSE,-0.12,0.04,0.44,107297,149098,119543.610434535,112948.783970766,116950.769535228,121179.653398347,114278.698272098,118663.182853894,0.0059,0.006,0.0068,0.0048,0.009,0.013,0.007,0.259276075473347,0.205596244311204,0.260846131057228,0.260364455215993,0.227068121622561,0.260411826987047,235596.98696954,222476.536417624,234389.894102537,0.41380864915499,0.408735559753677,0.406205312745182,1,1,,0,0.3553,0.3568,0.3906
MP_saithe_HCR-A_Ftrgt-0.45_Btrigger-140000_TACconstr-FALSE_BB-FALSE_ObsRho--0.12_ObsSd-0.04.rds,MP_saithe,0.45,140000,A,FALSE,FALSE,-0.12,0.04,0.45,107297,149098,119387.917941542,115287.26877766,116872.991622858,117564.060347154,113349.427488652,114183.108491096,0.01195,0.0127,0.0134,0.009,0.019,0.022,0.012,0.212279365434597,0.16846069282676,0.210594491267179,0.212854144508646,0.179765098395784,0.209653300534264,218625.706017181,212263.359892128,218456.531870871,0.436056520402436,0.432543214588877,0.423756225919871,1,1,,0,0.1457,0.1344,0.1274
MP_saithe_HCR-A_Ftrgt-0.45_Btrigger-150000_TACconstr-FALSE_BB-FALSE_ObsRho--0.12_ObsSd-0.04.rds,MP_saithe,0.45,150000,A,FALSE,FALSE,-0.12,0.04,0.45,107297,149098,119398.609631651,115067.894010001,116925.172672024,118014.51144731,113584.260155961,114665.165416906,0.011,0.0117,0.0122,0.0084,0.018,0.021,0.011,0.219362824323708,0.17102294357524,0.217110790805462,0.220134356144784,0.184561296669632,0.216300179946704,220037.658515944,212630.292080117,220090.882548394,0.4349826797647,0.431328364413401,0.423732449686981,1,1,,0,0.18,0.1724,0.1656
MP_saithe_HCR-A_Ftrgt-0.45_Btrigger-160000_TACconstr-FALSE_BB-FALSE_ObsRho--0.12_ObsSd-0.04.rds,MP_saithe,0.45,160000,A,FALSE,FALSE,-0.12,0.04,0.45,107297,149098,119404.634585943,114807.726928451,117018.900208824,118687.689416495,113810.70856986,115582.758993989,0.01055,0.0115,0.0114,0.0078,0.018,0.021,0.011,0.227371387474708,0.175356266546264,0.226951111779094,0.227839221146613,0.190353647989683,0.224976617431629,221960.954541044,213367.757215766,221614.907362136,0.432627841567446,0.429284818498122,0.422802349196652,1,1,,0,0.216,0.2128,0.2058
MP_saithe_HCR-A_Ftrgt-0.45_Btrigger-170000_TACconstr-FALSE_BB-FALSE_ObsRho--0.12_ObsSd-0.04.rds,MP_saithe,0.45,170000,A,FALSE,FALSE,-0.12,0.04,0.45,107297,149098,119416.528094523,114486.132853853,117094.391436039,119336.207698492,114339.040553945,116509.048136948,0.01,0.0107,0.011,0.0076,0.016,0.019,0.01,0.238232821136643,0.18256815000457,0.238860425430889,0.239315894826923,0.19906176851887,0.236643065892845,223653.268632231,214769.567523187,223451.774911785,0.429912533357231,0.426674717688182,0.420384656112674,1,1,,0,0.2591,0.2562,0.2564
MP_saithe_HCR-A_Ftrgt-0.45_Btrigger-180000_TACconstr-FALSE_BB-FALSE_ObsRho--0.12_ObsSd-0.04.rds,MP_saithe,0.45,180000,A,FALSE,FALSE,-0.12,0.04,0.45,107297,149098,119437.15386877,114204.4271236,117078.777140824,119968.856608649,114724.080316919,117081.769033441,0.0095,0.0101,0.01,0.0078,0.016,0.018,0.011,0.250198988736591,0.190190781600551,0.250763817178969,0.251383253124687,0.21113438930685,0.248532850060037,225438.082592263,215734.191808766,225741.03226317,0.428012835522504,0.423673141698091,0.419333609748637,1,1,,0,0.3003,0.3012,0.3024
MP_saithe_HCR-A_Ftrgt-0.45_Btrigger-190000_TACconstr-FALSE_BB-FALSE_ObsRho--0.12_ObsSd-0.04.rds,MP_saithe,0.45,190000,A,FALSE,FALSE,-0.12,0.04,0.45,107297,149098,119426.667600887,113873.110961334,117152.203289885,120918.796311355,115191.896439422,118116.638138399,0.00915,0.0101,0.0088,0.0076,0.016,0.015,0.011,0.26185256473082,0.19934447510692,0.261629614240228,0.262838605770335,0.222470234060384,0.260081547427201,227805.649738132,217613.849773817,227564.071790252,0.425201096973728,0.42082031042799,0.417030892412276,1,1,,1,0.3374,0.3404,0.3534
MP_saithe_HCR-A_Ftrgt-0.45_Btrigger-210000_TACconstr-FALSE_BB-FALSE_ObsRho--0.12_ObsSd-0.04.rds,MP_saithe,0.45,210000,A,FALSE,FALSE,-0.12,0.04,0.45,107297,149098,119378.77698732,113234.317955596,117146.757806727,122433.425013016,115418.956015215,119760.210922992,0.00755,0.0085,0.0072,0.006,0.015,0.013,0.009,0.286885620739695,0.221990114117194,0.283718161661495,0.28786733570471,0.243246121079605,0.281483882415139,233044.3822382,221518.714446905,232722.10710404,0.419188557024687,0.410856223084155,0.410803377541611,1,1,,0,0.418,0.4154,0.4554
MP_saithe_HCR-A_Ftrgt-0.45_Btrigger-220000_TACconstr-FALSE_BB-FALSE_ObsRho--0.12_ObsSd-0.04.rds,MP_saithe,0.45,220000,A,FALSE,FALSE,-0.12,0.04,0.45,107297,149098,119406.818246049,112948.78251819,117100.497543905,122921.561192471,115261.392727053,120284.225062064,0.00695,0.0078,0.0064,0.0058,0.013,0.012,0.009,0.299437548960307,0.235870247881331,0.294785926455268,0.301233527322946,0.255353168164773,0.295149993818661,235601.126169046,224061.36087701,235224.516872937,0.415113907012248,0.406318745141813,0.406346580385035,1,1,,0,0.4529,0.4512,0.5008
MP_saithe_HCR-A_Ftrgt-0.45_Btrigger-230000_TACconstr-FALSE_BB-FALSE_ObsRho--0.12_ObsSd-0.04.rds,MP_saithe,0.45,230000,A,FALSE,FALSE,-0.12,0.04,0.45,107297,149098,119379.626653711,112642.578078454,117072.381213212,123198.227675397,113967.814475085,120308.665989661,0.0064,0.0071,0.0056,0.0058,0.012,0.01,0.01,0.311734514749694,0.245102594260168,0.306252515447669,0.314441306942083,0.266413652699365,0.307974602342884,238453.132237619,226562.594042653,238381.229068861,0.411189751000845,0.399658389244817,0.402831442638248,1,1,,0,0.4856,0.4856,0.544
MP_saithe_HCR-A_Ftrgt-0.45_Btrigger-240000_TACconstr-FALSE_BB-FALSE_ObsRho--0.12_ObsSd-0.04.rds,MP_saithe,0.45,240000,A,FALSE,FALSE,-0.12,0.04,0.45,107297,149098,119409.770194541,112356.683676403,116994.803360464,122784.590291902,112021.459461427,120094.538744615,0.00605,0.007,0.005,0.0052,0.012,0.01,0.008,0.324858898939838,0.254200676528651,0.319366188605552,0.326690070115206,0.275141704668391,0.322258887114189,241485.366935191,229216.956817609,240925.959646487,0.406275589507366,0.393399692948599,0.39915605901503,1,1,,0,0.5177,0.5212,0.59
MP_saithe_HCR-A_Ftrgt-0.45_Btrigger-250000_TACconstr-FALSE_BB-FALSE_ObsRho--0.12_ObsSd-0.04.rds,MP_saithe,0.45,250000,A,FALSE,FALSE,-0.12,0.04,0.45,107297,149098,119396.037100902,112051.95587091,116983.716126069,122251.935855537,110624.307432024,119282.651718741,0.0055,0.0066,0.004,0.0048,0.01,0.01,0.007,0.334458509530082,0.266839334957583,0.331461875829606,0.336902969242987,0.287042349533211,0.337634720221832,244613.587380555,231755.976250766,243447.289589958,0.401615127801732,0.385748467134727,0.393174678065799,1,1,,0,0.5474,0.5502,0.6306
MP_saithe_HCR-A_Ftrgt-0.45_Btrigger-260000_TACconstr-FALSE_BB-FALSE_ObsRho--0.12_ObsSd-0.04.rds,MP_saithe,0.45,260000,A,FALSE,FALSE,-0.12,0.04,0.45,107297,149098,119407.358974809,111745.055719872,116960.069192983,121248.094406353,108907.836949313,118058.913130702,0.00485,0.0057,0.0034,0.0046,0.009,0.01,0.007,0.346420075323969,0.276142189041174,0.341993870842572,0.348558001896797,0.292628868705622,0.348322928291057,247583.403261507,234350.988706487,246603.449444121,0.396122698570319,0.378541229833335,0.386262915415005,1,1,,0,0.5751,0.5792,0.6686
MP_saithe_HCR-A_Ftrgt-0.45_Btrigger-270000_TACconstr-FALSE_BB-FALSE_ObsRho--0.12_ObsSd-0.04.rds,MP_saithe,0.45,270000,A,FALSE,FALSE,-0.12,0.04,0.45,107297,149098,119421.011269566,111451.964609349,116793.447787309,119527.675626563,107573.699185559,116671.609456672,0.0042,0.005,0.003,0.0038,0.008,0.01,0.007,0.357010445797763,0.285692594835563,0.350533321799076,0.359285936985902,0.298633077087162,0.359619428534007,251004.251231253,237228.056850552,249217.118519424,0.389681725807394,0.371412818464758,0.380021808366611,1,1,,0,0.601,0.6086,0.6952
MP_saithe_HCR-A_Ftrgt-0.45_Btrigger-2e+05_TACconstr-FALSE_BB-FALSE_ObsRho--0.12_ObsSd-0.04.rds,MP_saithe,0.45,2e+05,A,FALSE,FALSE,-0.12,0.04,0.45,107297,149098,119374.389169797,113556.416597024,117204.510957767,121652.572540575,115448.15554969,119000.963977121,0.00885,0.01,0.0082,0.0072,0.017,0.014,0.01,0.274005159952081,0.210800209491075,0.27353555688123,0.274921333193745,0.232506006150311,0.271747054211206,230479.111678634,219395.294318289,230179.136716215,0.422100935743232,0.416597072755626,0.414617284731674,1,1,,0,0.3772,0.3784,0.4066
MP_saithe_HCR-A_Ftrgt-0.46_Btrigger-140000_TACconstr-FALSE_BB-FALSE_ObsRho--0.12_ObsSd-0.04.rds,MP_saithe,0.46,140000,A,FALSE,FALSE,-0.12,0.04,0.46,107297,149098,119158.332290503,116162.942185489,116887.487513162,117548.718198322,114286.437489886,114490.869172144,0.0157,0.0174,0.015,0.013,0.026,0.024,0.017,0.220433439188305,0.171258728184939,0.217810694053488,0.221416477629607,0.183028302255389,0.216358117998405,213545.34790159,208839.847250804,213776.325048924,0.444150157723096,0.442202194372932,0.433896319560283,1,1,,0,0.1665,0.1504,0.1386
MP_saithe_HCR-A_Ftrgt-0.46_Btrigger-150000_TACconstr-FALSE_BB-FALSE_ObsRho--0.12_ObsSd-0.04.rds,MP_saithe,0.46,150000,A,FALSE,FALSE,-0.12,0.04,0.46,107297,149098,119221.560245629,115914.331398315,116907.695856516,118257.639519468,114606.232387338,115196.35222234,0.0149,0.0168,0.014,0.012,0.026,0.023,0.016,0.228848021609823,0.174630545010336,0.225821289105408,0.229167023302433,0.189137728334506,0.224678648096965,215284.254993707,209580.856870369,215393.088139566,0.442635678410956,0.440806266198505,0.433374661035794,1,1,,0,0.2012,0.1948,0.1754
MP_saithe_HCR-A_Ftrgt-0.46_Btrigger-160000_TACconstr-FALSE_BB-FALSE_ObsRho--0.12_ObsSd-0.04.rds,MP_saithe,0.46,160000,A,FALSE,FALSE,-0.12,0.04,0.46,107297,149098,119231.049595186,115631.550093843,116957.402364976,118815.849915029,114800.2610636,116131.535937548,0.01375,0.0155,0.0134,0.0106,0.025,0.023,0.014,0.238684268488526,0.181255453540346,0.238476784669281,0.239503086030046,0.195004254751078,0.236085797489361,216828.719828011,210406.872243789,217327.346147104,0.440319329974607,0.438559376619198,0.43161132218568,1,1,,0,0.2428,0.2368,0.219
MP_saithe_HCR-A_Ftrgt-0.46_Btrigger-170000_TACconstr-FALSE_BB-FALSE_ObsRho--0.12_ObsSd-0.04.rds,MP_saithe,0.46,170000,A,FALSE,FALSE,-0.12,0.04,0.46,107297,149098,119219.776503567,115313.748962836,117037.207522533,119529.15847871,115090.586599944,116952.767221012,0.0126,0.014,0.0124,0.01,0.023,0.021,0.013,0.250639984066572,0.188868293006068,0.248492615076769,0.251312904115062,0.204552159209195,0.247719098660301,218666.69160514,211699.638708112,219069.452284564,0.438304459840217,0.435445120629249,0.429799344718951,1,1,,0,0.2834,0.2786,0.2686
MP_saithe_HCR-A_Ftrgt-0.46_Btrigger-180000_TACconstr-FALSE_BB-FALSE_ObsRho--0.12_ObsSd-0.04.rds,MP_saithe,0.46,180000,A,FALSE,FALSE,-0.12,0.04,0.46,107297,149098,119243.009998923,114958.150296013,117070.162521407,120307.747644627,115652.199542293,117626.00843792,0.0118,0.0132,0.0112,0.0096,0.023,0.019,0.012,0.262010409556391,0.196205229435629,0.260055097146139,0.263222029234426,0.215605971588851,0.258523496643573,221024.316693716,213079.119484763,221385.279155877,0.435941578370085,0.432007045142004,0.427738142041876,1,1,,0,0.3216,0.3204,0.315
MP_saithe_HCR-A_Ftrgt-0.46_Btrigger-190000_TACconstr-FALSE_BB-FALSE_ObsRho--0.12_ObsSd-0.04.rds,MP_saithe,0.46,190000,A,FALSE,FALSE,-0.12,0.04,0.46,107297,149098,119268.968016696,114605.620454967,117116.059698059,121194.585707294,116107.81705829,118756.931700248,0.01075,0.0122,0.01,0.0086,0.019,0.016,0.012,0.275477181003036,0.204654580545567,0.273136018976243,0.27629344937729,0.227135719070118,0.270857159664872,223274.793702295,214692.432531776,223505.365468252,0.43289901749796,0.428770078533,0.424760750187569,1,1,,0,0.3614,0.3606,0.3652
MP_saithe_HCR-A_Ftrgt-0.46_Btrigger-210000_TACconstr-FALSE_BB-FALSE_ObsRho--0.12_ObsSd-0.04.rds,MP_saithe,0.46,210000,A,FALSE,FALSE,-0.12,0.04,0.46,107297,149098,119323.23077504,113941.141371646,117073.723464892,122755.017527622,116389.465953381,120159.097201983,0.0094,0.011,0.008,0.0076,0.017,0.014,0.01,0.302504636754907,0.22793169623975,0.29624847298565,0.30363676042451,0.249763926773015,0.295983413833097,228330.538402868,218844.956384838,228749.740783689,0.426054564134935,0.419674223473884,0.417762319017485,1,1,,0,0.4384,0.4354,0.4672
MP_saithe_HCR-A_Ftrgt-0.46_Btrigger-220000_TACconstr-FALSE_BB-FALSE_ObsRho--0.12_ObsSd-0.04.rds,MP_saithe,0.46,220000,A,FALSE,FALSE,-0.12,0.04,0.46,107297,149098,119370.477412703,113625.216543102,117062.494721575,123112.433094591,115823.516357018,120558.764210909,0.0086,0.0098,0.0076,0.0072,0.015,0.012,0.009,0.312996085080885,0.24271566609201,0.307730860799955,0.314410861757872,0.262085947867875,0.30867728713526,231249.084643803,220979.052916822,231086.64566752,0.422515751598629,0.413930383142095,0.414642953348282,1,1,,0,0.471,0.4728,0.513
MP_saithe_HCR-A_Ftrgt-0.46_Btrigger-230000_TACconstr-FALSE_BB-FALSE_ObsRho--0.12_ObsSd-0.04.rds,MP_saithe,0.46,230000,A,FALSE,FALSE,-0.12,0.04,0.46,107297,149098,119365.222849476,113313.942893508,117013.570543086,123114.349734064,114696.606912971,120499.02373615,0.00745,0.0089,0.0062,0.0058,0.015,0.01,0.008,0.328430576848079,0.25155829489821,0.320527659395508,0.33118908529828,0.272089689583976,0.324138201571214,234327.427783395,223479.930784924,233889.970616374,0.417923917203892,0.406744244444899,0.410210286799861,1,1,,0,0.5036,0.504,0.5608
MP_saithe_HCR-A_Ftrgt-0.46_Btrigger-240000_TACconstr-FALSE_BB-FALSE_ObsRho--0.12_ObsSd-0.04.rds,MP_saithe,0.46,240000,A,FALSE,FALSE,-0.12,0.04,0.46,107297,149098,119432.830594169,112987.834690744,116975.272188095,122626.632801407,112487.234567738,120141.108889794,0.00675,0.0081,0.0054,0.0054,0.013,0.01,0.008,0.341319238768164,0.261279311028172,0.333833798486265,0.344096378361575,0.281605783376217,0.337115749059425,237514.81426911,226415.123764165,236599.798444452,0.412860533148159,0.39883599813315,0.404933208101735,1,1,,0,0.5313,0.535,0.5996
MP_saithe_HCR-A_Ftrgt-0.46_Btrigger-250000_TACconstr-FALSE_BB-FALSE_ObsRho--0.12_ObsSd-0.04.rds,MP_saithe,0.46,250000,A,FALSE,FALSE,-0.12,0.04,0.46,107297,149098,119467.987619673,112727.476751323,116923.442592148,121573.452514028,110500.056588074,119118.304290594,0.00645,0.0081,0.0046,0.005,0.013,0.01,0.007,0.35434510552884,0.270570793139937,0.345944739501993,0.356988603657246,0.291707857197897,0.351427930878875,240737.318148602,228983.317049599,239282.66028887,0.407691498130343,0.391584236304531,0.397446222848634,1,1,,0,0.5595,0.5638,0.6416
MP_saithe_HCR-A_Ftrgt-0.46_Btrigger-260000_TACconstr-FALSE_BB-FALSE_ObsRho--0.12_ObsSd-0.04.rds,MP_saithe,0.46,260000,A,FALSE,FALSE,-0.12,0.04,0.46,107297,149098,119477.72530186,112380.215648169,116874.036085604,120366.851991898,109220.43066812,117407.428157287,0.0058,0.0072,0.004,0.0048,0.012,0.01,0.007,0.364369466629831,0.279678565403922,0.355455395808779,0.36851066500929,0.298388576545463,0.365952877086375,243929.984628439,231506.525399556,242088.170323235,0.401851751810235,0.384244465621217,0.391283651919791,1,1,,0,0.5865,0.5922,0.6784
MP_saithe_HCR-A_Ftrgt-0.46_Btrigger-270000_TACconstr-FALSE_BB-FALSE_ObsRho--0.12_ObsSd-0.04.rds,MP_saithe,0.46,270000,A,FALSE,FALSE,-0.12,0.04,0.46,107297,149098,119457.765823996,112111.573271483,116826.425344539,119005.754217606,107821.306607586,116081.097110911,0.00555,0.0072,0.0038,0.004,0.014,0.01,0.007,0.375236797006875,0.289861216674063,0.364513443203583,0.377971798284468,0.306185416641553,0.372148303502285,246964.858168498,234243.441426989,245491.996200248,0.39641080379426,0.376115309545351,0.385178881296601,1,1,,3,0.613,0.6234,0.7054
MP_saithe_HCR-A_Ftrgt-0.46_Btrigger-2e+05_TACconstr-FALSE_BB-FALSE_ObsRho--0.12_ObsSd-0.04.rds,MP_saithe,0.46,2e+05,A,FALSE,FALSE,-0.12,0.04,0.46,107297,149098,119276.555268344,114251.932393972,117132.636783575,122222.031162753,116244.140126139,119571.467306299,0.0102,0.0116,0.0096,0.008,0.017,0.016,0.011,0.2899560122949,0.215295233670776,0.285234640302364,0.290777635778012,0.238859407807568,0.284126124048163,226103.414093873,216576.345161406,226173.53725579,0.429367619653214,0.423904495559276,0.421016958758416,1,1,,0,0.4015,0.4004,0.4196
MP_saithe_HCR-A_Ftrgt-0.47_Btrigger-140000_TACconstr-FALSE_BB-FALSE_ObsRho--0.12_ObsSd-0.04.rds,MP_saithe,0.47,140000,A,FALSE,FALSE,-0.12,0.04,0.47,107297,149098,119051.345227672,116867.299325717,116870.177312033,117802.597305305,115125.491879535,114806.995946271,0.02075,0.0242,0.0178,0.0168,0.038,0.029,0.021,0.229749508353145,0.174594426858381,0.22588501824808,0.230581748819058,0.18691342784637,0.223470081240804,208626.064758793,205887.813491995,209791.429923801,0.454088420759747,0.451817055740196,0.443259448387873,1,1,,1,0.1828,0.175,0.1496
MP_saithe_HCR-A_Ftrgt-0.47_Btrigger-150000_TACconstr-FALSE_BB-FALSE_ObsRho--0.12_ObsSd-0.04.rds,MP_saithe,0.47,150000,A,FALSE,FALSE,-0.12,0.04,0.47,107297,149098,119097.821013938,116588.191406574,116942.627587626,118465.607066877,115352.082993204,115878.09486419,0.01965,0.0226,0.017,0.0164,0.036,0.028,0.019,0.239671171543646,0.178866314002144,0.236007329793272,0.240881824057029,0.191692906260791,0.233917402883774,210108.324402066,206406.820209471,211209.329296136,0.451689586660157,0.450298205006537,0.442187994858663,1,1,,0,0.2195,0.2134,0.1856
MP_saithe_HCR-A_Ftrgt-0.47_Btrigger-160000_TACconstr-FALSE_BB-FALSE_ObsRho--0.12_ObsSd-0.04.rds,MP_saithe,0.47,160000,A,FALSE,FALSE,-0.12,0.04,0.47,107297,149098,119187.220032319,116273.094466521,116969.488320632,119070.97186386,115595.574693582,116478.877439145,0.0185,0.0217,0.0158,0.0148,0.036,0.027,0.02,0.250394282801802,0.184602932907786,0.249231373804719,0.250699918280467,0.202146309988821,0.248095898052797,212161.865928524,207417.500629992,212735.208289823,0.449610018009785,0.446574884920769,0.440643438084484,1,1,,0,0.2628,0.2548,0.2326
MP_saithe_HCR-A_Ftrgt-0.47_Btrigger-170000_TACconstr-FALSE_BB-FALSE_ObsRho--0.12_ObsSd-0.04.rds,MP_saithe,0.47,170000,A,FALSE,FALSE,-0.12,0.04,0.47,107297,149098,119230.311787043,115959.869890202,117008.129596377,119741.384945088,115968.251831644,117270.674724383,0.01685,0.0198,0.014,0.0138,0.034,0.024,0.016,0.262224010713449,0.193576927190444,0.260543438766413,0.262826957383336,0.211161737557195,0.258503157185034,213988.381374883,208668.977764465,214604.495963842,0.447258701317235,0.443956308347904,0.438727199604478,1,1,,0,0.3022,0.2988,0.283
MP_saithe_HCR-A_Ftrgt-0.47_Btrigger-180000_TACconstr-FALSE_BB-FALSE_ObsRho--0.12_ObsSd-0.04.rds,MP_saithe,0.47,180000,A,FALSE,FALSE,-0.12,0.04,0.47,107297,149098,119280.349514409,115579.05278027,117031.2213452,120739.51589495,116505.115506375,118018.126099306,0.0157,0.0182,0.0134,0.013,0.028,0.024,0.016,0.275783454176201,0.201069364378634,0.271991718719746,0.276826408973517,0.222087204069656,0.269177980308767,216266.461971262,210265.546955337,216730.869508426,0.443961273655026,0.440952269634278,0.436288961121854,1,1,,0,0.3412,0.3414,0.3318
MP_saithe_HCR-A_Ftrgt-0.47_Btrigger-190000_TACconstr-FALSE_BB-FALSE_ObsRho--0.12_ObsSd-0.04.rds,MP_saithe,0.47,190000,A,FALSE,FALSE,-0.12,0.04,0.47,107297,149098,119305.250119745,115238.363980824,117053.124877327,121585.092245403,116992.903020673,119187.354075826,0.0139,0.0161,0.0112,0.0122,0.025,0.019,0.015,0.289555034887909,0.211960280238178,0.286105462894345,0.289990544445314,0.232818325865494,0.284102067559551,219035.242743162,211923.129312816,219037.09284231,0.441065575198781,0.436989041953472,0.432626163774325,1,1,,0,0.382,0.382,0.3794
MP_saithe_HCR-A_Ftrgt-0.47_Btrigger-210000_TACconstr-FALSE_BB-FALSE_ObsRho--0.12_ObsSd-0.04.rds,MP_saithe,0.47,210000,A,FALSE,FALSE,-0.12,0.04,0.47,107297,149098,119349.274347394,114558.849169866,117100.761396222,122798.396848362,117113.598644428,120720.868557504,0.01215,0.0145,0.0102,0.0094,0.024,0.015,0.012,0.317746405796332,0.232928509010847,0.307664755133113,0.317893219132664,0.25780615107204,0.307364915281937,224431.31986672,215968.591128075,224326.890160357,0.433256273383494,0.426705397800731,0.425106199270752,1,1,,1,0.4544,0.4528,0.4784
MP_saithe_HCR-A_Ftrgt-0.47_Btrigger-220000_TACconstr-FALSE_BB-FALSE_ObsRho--0.12_ObsSd-0.04.rds,MP_saithe,0.47,220000,A,FALSE,FALSE,-0.12,0.04,0.47,107297,149098,119454.53473042,114222.932064942,117033.208290625,123239.757389804,116484.27749886,120669.653956941,0.0114,0.0137,0.0088,0.0094,0.023,0.014,0.012,0.334463195833795,0.24579033047871,0.320178264605672,0.335290920262563,0.268083765217219,0.321452998135956,227335.71085676,218154.494865787,227102.139270275,0.429440478076578,0.421087627772423,0.421093232338267,1,1,,2,0.4871,0.4856,0.526
MP_saithe_HCR-A_Ftrgt-0.47_Btrigger-230000_TACconstr-FALSE_BB-FALSE_ObsRho--0.12_ObsSd-0.04.rds,MP_saithe,0.47,230000,A,FALSE,FALSE,-0.12,0.04,0.47,107297,149098,119463.098603538,113912.412797745,117045.36093746,123052.511102325,114848.648457386,120487.319062702,0.01015,0.0119,0.0082,0.0086,0.021,0.013,0.011,0.346528398742525,0.255912536415704,0.336039564215581,0.348607871047142,0.277435336710521,0.339425925983871,230580.500160938,220455.622847558,229952.228097044,0.42448591171245,0.414002621306874,0.414638798681717,1,1,,1,0.5158,0.5204,0.5722
MP_saithe_HCR-A_Ftrgt-0.47_Btrigger-240000_TACconstr-FALSE_BB-FALSE_ObsRho--0.12_ObsSd-0.04.rds,MP_saithe,0.47,240000,A,FALSE,FALSE,-0.12,0.04,0.47,107297,149098,119505.493103617,113591.409635289,117095.027153248,122084.887607094,113047.418426088,120110.163328777,0.0086,0.0104,0.0064,0.0072,0.016,0.01,0.009,0.358074686458014,0.267259552730038,0.348044739817641,0.360434556844809,0.287846249935045,0.354383901468388,233862.786033721,223347.384550617,232576.169209264,0.419038502199141,0.405306931107816,0.40956493624633,1,1,,3,0.5464,0.548,0.6102
MP_saithe_HCR-A_Ftrgt-0.47_Btrigger-250000_TACconstr-FALSE_BB-FALSE_ObsRho--0.12_ObsSd-0.04.rds,MP_saithe,0.47,250000,A,FALSE,FALSE,-0.12,0.04,0.47,107297,149098,119474.632151248,113312.942480821,117066.418603273,120761.113671823,110843.527967838,118581.998654517,0.0082,0.0101,0.0058,0.0068,0.017,0.01,0.009,0.370198003891826,0.27678797105001,0.359353032314969,0.373587540218225,0.296105186681161,0.368302016756348,236760.942205947,226024.131563555,235538.046910954,0.413335179610729,0.396992988323036,0.401548215226079,1,1,,2,0.5735,0.5784,0.6558
MP_saithe_HCR-A_Ftrgt-0.47_Btrigger-260000_TACconstr-FALSE_BB-FALSE_ObsRho--0.12_ObsSd-0.04.rds,MP_saithe,0.47,260000,A,FALSE,FALSE,-0.12,0.04,0.47,107297,149098,119522.556274153,113012.552073496,116913.143257515,119460.522792533,109507.281662478,116851.613845734,0.0076,0.0101,0.0042,0.006,0.015,0.01,0.008,0.381344869870081,0.284714821665063,0.370206686474641,0.383935168814697,0.304377373327272,0.380444557277494,239603.747345497,229226.958564513,238668.850717497,0.406882657410483,0.389093819516647,0.395632892005484,1,1,,1,0.6003,0.6074,0.6886
MP_saithe_HCR-A_Ftrgt-0.47_Btrigger-270000_TACconstr-FALSE_BB-FALSE_ObsRho--0.12_ObsSd-0.04.rds,MP_saithe,0.47,270000,A,FALSE,FALSE,-0.12,0.04,0.47,107297,149098,119491.959670113,112730.723421344,116878.019373585,118228.172510277,108270.831787606,115508.745194301,0.00695,0.009,0.0038,0.006,0.014,0.01,0.008,0.391137069918312,0.292411878919941,0.379651993049293,0.394554475764938,0.31211757801435,0.38739746197846,242752.923336635,231564.041020087,241773.975437373,0.400933815307119,0.38168251978878,0.388640777522477,1,1,,2,0.6253,0.6362,0.7148
MP_saithe_HCR-A_Ftrgt-0.47_Btrigger-2e+05_TACconstr-FALSE_BB-FALSE_ObsRho--0.12_ObsSd-0.04.rds,MP_saithe,0.47,2e+05,A,FALSE,FALSE,-0.12,0.04,0.47,107297,149098,119329.617672173,114875.316666008,117122.301828364,122302.97142312,117144.443769455,119992.948703758,0.01315,0.0149,0.011,0.0118,0.026,0.017,0.013,0.306906539278432,0.222368534316227,0.298505184291693,0.307035234335232,0.245490390094144,0.297448353611397,221700.403796998,213940.911397759,222108.329723891,0.437735282628498,0.432810597858354,0.428599862415383,1,1,,2,0.4196,0.4156,0.4316
MP_saithe_HCR-A_Ftrgt-0.48_Btrigger-140000_TACconstr-FALSE_BB-FALSE_ObsRho--0.12_ObsSd-0.04.rds,MP_saithe,0.48,140000,A,FALSE,FALSE,-0.12,0.04,0.48,107297,149098,118996.792674455,117513.146381856,116883.720722391,117874.498640723,115789.26778311,115034.131994319,0.0255,0.0289,0.021,0.0232,0.043,0.029,0.028,0.24060352511773,0.178259050034277,0.235862968734474,0.241531297824561,0.192945445146311,0.232942440477437,203761.121435821,202963.023558022,205057.08722937,0.461866596853603,0.460615603877063,0.451850728877016,1,1,,0,0.1998,0.1936,0.1608
MP_saithe_HCR-A_Ftrgt-0.48_Btrigger-150000_TACconstr-FALSE_BB-FALSE_ObsRho--0.12_ObsSd-0.04.rds,MP_saithe,0.48,150000,A,FALSE,FALSE,-0.12,0.04,0.48,107297,149098,119019.349136901,117216.123326648,116939.174047807,118415.734488448,116099.657956133,116065.043820426,0.0241,0.0273,0.0196,0.0222,0.041,0.029,0.026,0.250418900604337,0.183987980053468,0.247624578361659,0.251067759652935,0.198729444285157,0.24657048520776,205510.125759696,203562.029030815,206451.867747827,0.460037366834623,0.458390366725106,0.451149518957991,1,1,,0,0.2416,0.233,0.2024
MP_saithe_HCR-A_Ftrgt-0.48_Btrigger-160000_TACconstr-FALSE_BB-FALSE_ObsRho--0.12_ObsSd-0.04.rds,MP_saithe,0.48,160000,A,FALSE,FALSE,-0.12,0.04,0.48,107297,149098,119125.367494783,116874.519583021,117016.454077917,119199.498601759,116385.077206076,116751.373492312,0.02305,0.0267,0.0184,0.0204,0.042,0.028,0.024,0.261740256812176,0.19019861543556,0.259772068140321,0.261897133335368,0.206562991332608,0.257631994720546,207579.495253669,204608.728125192,208130.996310616,0.457839233884159,0.455287383459135,0.449682156849405,1,1,,0,0.2835,0.2768,0.2466
MP_saithe_HCR-A_Ftrgt-0.48_Btrigger-170000_TACconstr-FALSE_BB-FALSE_ObsRho--0.12_ObsSd-0.04.rds,MP_saithe,0.48,170000,A,FALSE,FALSE,-0.12,0.04,0.48,107297,149098,119180.456081267,116539.482832388,117037.754518741,120094.993998085,116798.269690563,117749.450073685,0.02195,0.026,0.017,0.0188,0.041,0.026,0.024,0.275580188172105,0.197814119092126,0.271769431200246,0.276060631314471,0.218443000536151,0.26944200606614,209934.96746499,205982.836887587,210090.835972341,0.454558083139505,0.45282941828246,0.447444690585825,1,1,,1,0.3226,0.318,0.2992
MP_saithe_HCR-A_Ftrgt-0.48_Btrigger-180000_TACconstr-FALSE_BB-FALSE_ObsRho--0.12_ObsSd-0.04.rds,MP_saithe,0.48,180000,A,FALSE,FALSE,-0.12,0.04,0.48,107297,149098,119198.761359054,116137.658454477,117112.989071818,120929.152422834,117380.64074531,118507.692486415,0.0198,0.0237,0.0156,0.0162,0.033,0.024,0.019,0.290229086773529,0.207985992994178,0.285325464141578,0.290229282628455,0.226554523600115,0.281646046186618,212116.395174231,207281.190349625,212123.291857302,0.452241531372212,0.449458266853886,0.444015138931331,1,1,,2,0.3626,0.3594,0.3468
MP_saithe_HCR-A_Ftrgt-0.48_Btrigger-190000_TACconstr-FALSE_BB-FALSE_ObsRho--0.12_ObsSd-0.04.rds,MP_saithe,0.48,190000,A,FALSE,FALSE,-0.12,0.04,0.48,107297,149098,119230.067325912,115766.461688346,117188.183216392,122004.955332305,117620.919175252,119313.42343426,0.01815,0.0216,0.0136,0.0158,0.031,0.021,0.019,0.306716541230314,0.218556503743687,0.299236979748549,0.307229308449722,0.237600015119913,0.297377349855747,214874.022065021,209051.046626827,214804.80149511,0.448760761261159,0.445202002964634,0.439424500624863,1,1,,1,0.4011,0.3998,0.3932
MP_saithe_HCR-A_Ftrgt-0.48_Btrigger-210000_TACconstr-FALSE_BB-FALSE_ObsRho--0.12_ObsSd-0.04.rds,MP_saithe,0.48,210000,A,FALSE,FALSE,-0.12,0.04,0.48,107297,149098,119374.171674076,115065.442507395,117155.525520164,123072.284492141,117646.425129649,120348.260860041,0.0154,0.0183,0.0112,0.0138,0.027,0.017,0.016,0.335690354766091,0.238916096672056,0.323308113976485,0.336011179325875,0.263639644113308,0.322923323359619,220715.200712326,213351.942870766,220152.667077839,0.440717945249829,0.433994532661622,0.432950629908948,1,1,,1,0.4709,0.4708,0.4944
MP_saithe_HCR-A_Ftrgt-0.48_Btrigger-220000_TACconstr-FALSE_BB-FALSE_ObsRho--0.12_ObsSd-0.04.rds,MP_saithe,0.48,220000,A,FALSE,FALSE,-0.12,0.04,0.48,107297,149098,119343.013653161,114749.707822916,117211.709612417,123165.829724946,116837.795932457,121187.75699577,0.0148,0.0181,0.0098,0.0132,0.027,0.015,0.016,0.350434180982367,0.250441688179146,0.333873371720132,0.351785999403909,0.276528328411445,0.336507192656005,223664.702310869,215087.606611188,222904.133001828,0.43521740769444,0.427150588851853,0.426964847545923,1,1,,4,0.5019,0.503,0.537
MP_saithe_HCR-A_Ftrgt-0.48_Btrigger-230000_TACconstr-FALSE_BB-FALSE_ObsRho--0.12_ObsSd-0.04.rds,MP_saithe,0.48,230000,A,FALSE,FALSE,-0.12,0.04,0.48,107297,149098,119373.705601441,114395.360014609,117245.085009373,122181.672018559,115069.716288134,120624.546996279,0.0142,0.018,0.0086,0.0122,0.026,0.013,0.015,0.363775315813755,0.261483642326755,0.351044078647455,0.367045870528843,0.284438236600678,0.354730566290797,226489.6334805,217733.120563963,225792.001131242,0.429596510626633,0.421225620812764,0.421269661813654,1,1,,4,0.5325,0.5314,0.5832
MP_saithe_HCR-A_Ftrgt-0.48_Btrigger-240000_TACconstr-FALSE_BB-FALSE_ObsRho--0.12_ObsSd-0.04.rds,MP_saithe,0.48,240000,A,FALSE,FALSE,-0.12,0.04,0.48,107297,149098,119427.271970753,114130.688284037,117186.001402834,121260.192205722,113035.438280551,119815.508052356,0.01275,0.0165,0.007,0.011,0.025,0.01,0.013,0.378345624546765,0.272385715150156,0.363892720234137,0.382150039512481,0.296572083037964,0.369753006471622,229802.657898658,220439.006033884,228893.07439549,0.423809445381641,0.41246230911676,0.414380948422549,1,1,,2,0.5594,0.563,0.6232
MP_saithe_HCR-A_Ftrgt-0.48_Btrigger-250000_TACconstr-FALSE_BB-FALSE_ObsRho--0.12_ObsSd-0.04.rds,MP_saithe,0.48,250000,A,FALSE,FALSE,-0.12,0.04,0.48,107297,149098,119449.368305829,113768.856767396,117152.801661362,119940.955163952,111226.27302222,117804.44133711,0.01185,0.0155,0.0066,0.0098,0.022,0.01,0.012,0.388109188028378,0.282816216541248,0.373091779404305,0.39174318160493,0.305602147639531,0.382475882430969,232802.594159663,223469.181106072,232153.978274998,0.418167057070198,0.403462121350362,0.406917112780261,1,1,,2,0.5838,0.5918,0.6678
MP_saithe_HCR-A_Ftrgt-0.48_Btrigger-260000_TACconstr-FALSE_BB-FALSE_ObsRho--0.12_ObsSd-0.04.rds,MP_saithe,0.48,260000,A,FALSE,FALSE,-0.12,0.04,0.48,107297,149098,119435.445374556,113521.38530702,117090.160360247,118589.292030046,109452.778919802,116504.086776883,0.01035,0.0139,0.0054,0.0082,0.02,0.01,0.011,0.397973568184414,0.290370516392089,0.386946812811425,0.400771157106089,0.312087606476126,0.398299302433417,235420.655677742,226653.478935194,234589.864013532,0.412440614560917,0.3951097784824,0.401008967403936,1,1,,2,0.6115,0.6188,0.6982
MP_saithe_HCR-A_Ftrgt-0.48_Btrigger-270000_TACconstr-FALSE_BB-FALSE_ObsRho--0.12_ObsSd-0.04.rds,MP_saithe,0.48,270000,A,FALSE,FALSE,-0.12,0.04,0.48,107297,149098,119422.776050143,113254.855393504,117040.483947098,117479.069468205,108182.479080901,115293.189077538,0.00955,0.0129,0.0044,0.008,0.021,0.01,0.01,0.407670329451759,0.297898359264565,0.394398969752946,0.410664724300023,0.315984238915458,0.404347537403943,238466.115407613,229265.102707884,237742.350365698,0.405919541778298,0.386575634271897,0.394810922453549,1,1,,1,0.638,0.6494,0.7254
MP_saithe_HCR-A_Ftrgt-0.48_Btrigger-2e+05_TACconstr-FALSE_BB-FALSE_ObsRho--0.12_ObsSd-0.04.rds,MP_saithe,0.48,2e+05,A,FALSE,FALSE,-0.12,0.04,0.48,107297,149098,119278.853885492,115416.401737019,117226.630028623,122520.601883013,117836.02616565,120103.674331642,0.0166,0.0197,0.0118,0.0152,0.029,0.017,0.018,0.321017162117872,0.227502808727412,0.312299659303239,0.321017162117872,0.251746864690611,0.309753154719038,217757.317017555,211345.38950655,217759.09893404,0.444847942017836,0.439374081262232,0.436290194391498,1,1,,0,0.4364,0.435,0.4436
MP_saithe_HCR-A_Ftrgt-0.49_Btrigger-140000_TACconstr-FALSE_BB-FALSE_ObsRho--0.12_ObsSd-0.04.rds,MP_saithe,0.49,140000,A,FALSE,FALSE,-0.12,0.04,0.49,107297,149098,118931.554647721,118031.304524619,116892.856779652,117975.333423727,116930.553963369,115565.889712672,0.0314,0.0363,0.024,0.029,0.057,0.034,0.037,0.252081934274699,0.184450281346889,0.247203283586334,0.252641162716093,0.196999417429487,0.244847678880594,199243.787269994,200299.262874848,200850.115018842,0.470804075193635,0.469446550587106,0.461203447078822,1,1,,2,0.2204,0.2116,0.1736
MP_saithe_HCR-A_Ftrgt-0.49_Btrigger-150000_TACconstr-FALSE_BB-FALSE_ObsRho--0.12_ObsSd-0.04.rds,MP_saithe,0.49,150000,A,FALSE,FALSE,-0.12,0.04,0.49,107297,149098,118975.983511572,117693.881716389,116929.571943236,118566.269916868,117119.971215374,116070.301417887,0.0297,0.0341,0.0226,0.028,0.052,0.031,0.038,0.263484465787939,0.188362338360473,0.259123650315864,0.263858581721395,0.204629115004419,0.257900723841891,200989.673772261,201039.394990055,201949.498347053,0.468328339768406,0.466892884335807,0.459469463301274,1,1,,1,0.2634,0.2504,0.2162
MP_saithe_HCR-A_Ftrgt-0.49_Btrigger-160000_TACconstr-FALSE_BB-FALSE_ObsRho--0.12_ObsSd-0.04.rds,MP_saithe,0.49,160000,A,FALSE,FALSE,-0.12,0.04,0.49,107297,149098,119055.253803947,117342.050633021,116999.735273649,119286.578947717,117396.86724781,117158.243304888,0.0284,0.0333,0.0216,0.0254,0.052,0.031,0.033,0.275037441834227,0.19541445758398,0.271020992152281,0.275144200443627,0.212444093828471,0.26825092176587,203090.193889475,202246.56072488,204025.78637976,0.465374586305798,0.464340268508467,0.457653351862883,1,1,,2,0.3029,0.298,0.261
MP_saithe_HCR-A_Ftrgt-0.49_Btrigger-170000_TACconstr-FALSE_BB-FALSE_ObsRho--0.12_ObsSd-0.04.rds,MP_saithe,0.49,170000,A,FALSE,FALSE,-0.12,0.04,0.49,107297,149098,119030.783797459,116962.218829967,117162.642128686,120411.584843351,117705.511828106,118000.979425293,0.02725,0.0324,0.0204,0.0238,0.051,0.028,0.03,0.290664651392123,0.203359110947128,0.284267280210801,0.290887187944824,0.223608685660108,0.281148178567507,205802.986444167,203202.349078879,205889.87824984,0.463327588051363,0.461597109288096,0.455248244966993,1,1,,2,0.3411,0.3364,0.3134
MP_saithe_HCR-A_Ftrgt-0.49_Btrigger-180000_TACconstr-FALSE_BB-FALSE_ObsRho--0.12_ObsSd-0.04.rds,MP_saithe,0.49,180000,A,FALSE,FALSE,-0.12,0.04,0.49,107297,149098,119146.410185003,116537.853503585,117206.666657896,121585.997791104,118043.019757414,118901.030673098,0.025,0.0303,0.0182,0.0212,0.045,0.025,0.026,0.307513343328335,0.212967591689062,0.299457711039212,0.307502460822291,0.231652863210938,0.298246130949993,208869.909241862,204627.748369171,208625.447497464,0.459766810930762,0.457054595496532,0.451424478726738,1,1,,4,0.3832,0.3796,0.359
MP_saithe_HCR-A_Ftrgt-0.49_Btrigger-190000_TACconstr-FALSE_BB-FALSE_ObsRho--0.12_ObsSd-0.04.rds,MP_saithe,0.49,190000,A,FALSE,FALSE,-0.12,0.04,0.49,107297,149098,119166.025202205,116168.873959636,117291.774503703,122444.329924582,118539.640349585,120060.259107119,0.02255,0.0268,0.0166,0.02,0.039,0.024,0.024,0.324563585736403,0.224133075326242,0.312892242832797,0.325225511602501,0.244657189871489,0.310945722604646,211270.201765649,206353.813359625,211573.363926944,0.455957458163839,0.452710629807452,0.448173451234257,1,1,,3,0.4189,0.4138,0.4042
MP_saithe_HCR-A_Ftrgt-0.49_Btrigger-210000_TACconstr-FALSE_BB-FALSE_ObsRho--0.12_ObsSd-0.04.rds,MP_saithe,0.49,210000,A,FALSE,FALSE,-0.12,0.04,0.49,107297,149098,119169.652255647,115458.099275692,117391.744620219,122991.142658568,118104.305321975,120856.416357554,0.02,0.0242,0.0136,0.018,0.032,0.018,0.022,0.354344660634541,0.247094526164972,0.338326176827362,0.355139965208512,0.26985992721643,0.338617382137802,216787.713444728,210483.748337499,216610.338104681,0.446109465988963,0.441266440079649,0.4395084274192,1,1,,1,0.4853,0.4868,0.5068
MP_saithe_HCR-A_Ftrgt-0.49_Btrigger-220000_TACconstr-FALSE_BB-FALSE_ObsRho--0.12_ObsSd-0.04.rds,MP_saithe,0.49,220000,A,FALSE,FALSE,-0.12,0.04,0.49,107297,149098,119219.015256399,115147.994648416,117447.017680767,122667.829203098,116958.552932922,121243.900777697,0.0195,0.024,0.012,0.018,0.033,0.016,0.021,0.369085581069468,0.260351344700835,0.350939908633084,0.371343521887279,0.283170684280878,0.354395092228262,219571.574781916,212599.4329259,219626.652334615,0.44034575743367,0.434209462878279,0.432725808747685,1,1,,2,0.5169,0.5156,0.5518
MP_saithe_HCR-A_Ftrgt-0.49_Btrigger-230000_TACconstr-FALSE_BB-FALSE_ObsRho--0.12_ObsSd-0.04.rds,MP_saithe,0.49,230000,A,FALSE,FALSE,-0.12,0.04,0.49,107297,149098,119320.103929906,114815.258659341,117373.44458563,121492.753024851,115332.902644272,120285.687675623,0.0179,0.0221,0.0104,0.017,0.031,0.015,0.019,0.382820103372883,0.26714939687365,0.369043788981826,0.386584033281797,0.293619329221689,0.373220423502898,222714.368939583,214991.034295013,222453.99427443,0.434822953903332,0.42761434959798,0.425928563180586,1,1,,3,0.5423,0.545,0.5954
MP_saithe_HCR-A_Ftrgt-0.49_Btrigger-240000_TACconstr-FALSE_BB-FALSE_ObsRho--0.12_ObsSd-0.04.rds,MP_saithe,0.49,240000,A,FALSE,FALSE,-0.12,0.04,0.49,107297,149098,119376.042432335,114543.920345934,117272.877958843,120418.271738934,113105.813647034,118628.419281621,0.0168,0.0212,0.0094,0.0154,0.029,0.014,0.017,0.395365559024549,0.276554176506928,0.379853321203885,0.397561781210757,0.303002746538099,0.387955600141842,225929.923223696,217824.782413546,225400.803786613,0.428889245419841,0.418792487871768,0.418406627582437,1,1,,2,0.5684,0.5786,0.6364
MP_saithe_HCR-A_Ftrgt-0.49_Btrigger-250000_TACconstr-FALSE_BB-FALSE_ObsRho--0.12_ObsSd-0.04.rds,MP_saithe,0.49,250000,A,FALSE,FALSE,-0.12,0.04,0.49,107297,149098,119346.097367734,114232.442604148,117372.604554782,119216.357237224,111473.771133166,117555.257649659,0.01515,0.0197,0.0072,0.014,0.027,0.01,0.017,0.404692343252387,0.288019508861454,0.388357147019108,0.407522101061173,0.311332636457877,0.396577446550863,228812.614400166,220821.737180791,228383.318313663,0.423180199262433,0.40924358828887,0.413299015191274,1,1,,4,0.5956,0.6026,0.6766
MP_saithe_HCR-A_Ftrgt-0.49_Btrigger-260000_TACconstr-FALSE_BB-FALSE_ObsRho--0.12_ObsSd-0.04.rds,MP_saithe,0.49,260000,A,FALSE,FALSE,-0.12,0.04,0.49,107297,149098,119426.650747275,113998.793088791,117204.45136808,117582.740076497,110002.978387685,116301.943410335,0.01375,0.018,0.007,0.012,0.022,0.01,0.015,0.416717760888325,0.294391856654061,0.399335593578288,0.419315213652237,0.317607330330394,0.407746786917101,231365.00630149,223760.514371584,230974.883623766,0.415922023754411,0.4005496965608,0.405478402241033,1,1,,2,0.6229,0.6324,0.7086
MP_saithe_HCR-A_Ftrgt-0.49_Btrigger-270000_TACconstr-FALSE_BB-FALSE_ObsRho--0.12_ObsSd-0.04.rds,MP_saithe,0.49,270000,A,FALSE,FALSE,-0.12,0.04,0.49,107297,149098,119413.751174648,113793.74666221,117101.864052687,116899.496696911,108297.508854335,115138.708976917,0.01245,0.0165,0.0056,0.0112,0.023,0.01,0.014,0.424554599501548,0.299380792380547,0.40927964792902,0.427517510750229,0.322131465155718,0.418404711258904,234408.975584168,226871.490336926,233665.726678642,0.4088933259341,0.391491644127711,0.398117483703253,1,1,,3,0.6483,0.6582,0.7336
MP_saithe_HCR-A_Ftrgt-0.49_Btrigger-2e+05_TACconstr-FALSE_BB-FALSE_ObsRho--0.12_ObsSd-0.04.rds,MP_saithe,0.49,2e+05,A,FALSE,FALSE,-0.12,0.04,0.49,107297,149098,119056.713826187,115834.109667433,117411.764291028,122567.730739009,118725.097672896,120715.816064014,0.02135,0.0262,0.0142,0.0188,0.036,0.02,0.023,0.339108579753877,0.234159412720276,0.325004791539917,0.339211131373249,0.255950693346038,0.323897444427213,213992.907245719,208228.178431159,214237.468987401,0.451332792737899,0.447312845419107,0.444524436172579,1,1,,1,0.4541,0.4512,0.4562
MP_saithe_HCR-A_Ftrgt-0.5_Btrigger-140000_TACconstr-FALSE_BB-FALSE_ObsRho--0.12_ObsSd-0.04.rds,MP_saithe,0.5,140000,A,FALSE,FALSE,-0.12,0.04,0.5,107297,149098,118800.716306387,118670.920482954,116782.035667686,117992.724158381,117828.311395867,115573.700644302,0.0388,0.0462,0.027,0.0358,0.067,0.043,0.047,0.26387413334237,0.188702597390793,0.257303128527712,0.264469902068575,0.202324328823328,0.255439837713322,194968.617022055,197880.857514434,196163.550601002,0.479680986961063,0.479175211799298,0.468898842628642,1,1,,1,0.2406,0.2306,0.1884
MP_saithe_HCR-A_Ftrgt-0.5_Btrigger-150000_TACconstr-FALSE_BB-FALSE_ObsRho--0.12_ObsSd-0.04.rds,MP_saithe,0.5,150000,A,FALSE,FALSE,-0.12,0.04,0.5,107297,149098,118876.903213161,118313.370680545,116889.824686766,118674.228888059,118034.600818342,116455.653534069,0.0372,0.044,0.0256,0.0352,0.061,0.041,0.045,0.274880266153698,0.194359670205517,0.27106361882537,0.274823528436721,0.210671430076316,0.268368431441531,196759.02000749,198575.923348521,197788.959616956,0.476644526154932,0.476272811263739,0.468380816871836,1,1,,3,0.2826,0.2758,0.2288
MP_saithe_HCR-A_Ftrgt-0.5_Btrigger-160000_TACconstr-FALSE_BB-FALSE_ObsRho--0.12_ObsSd-0.04.rds,MP_saithe,0.5,160000,A,FALSE,FALSE,-0.12,0.04,0.5,107297,149098,118891.559972154,117926.488439864,116984.814380589,119678.648663065,118518.665717165,117393.813961959,0.03545,0.0425,0.024,0.0328,0.062,0.039,0.044,0.289493368294818,0.201690901357959,0.2828196879773,0.289472226847658,0.218234587100033,0.279874775389423,199246.729613624,199864.169554883,200197.245247549,0.473708226223131,0.473924052731654,0.465405023252061,1,1,,3,0.3205,0.3166,0.2762
MP_saithe_HCR-A_Ftrgt-0.5_Btrigger-170000_TACconstr-FALSE_BB-FALSE_ObsRho--0.12_ObsSd-0.04.rds,MP_saithe,0.5,170000,A,FALSE,FALSE,-0.12,0.04,0.5,107297,149098,118890.138387287,117525.919471779,117158.682331448,120793.284677516,118722.351716385,118435.265443934,0.0339,0.0407,0.0232,0.031,0.061,0.038,0.039,0.307219100865068,0.208913468681065,0.296285306536323,0.307110376274586,0.227076907288244,0.293950195935159,202001.952990071,200822.987973034,202773.85083631,0.471139294442442,0.470099021839794,0.463073365083922,1,1,,2,0.3623,0.358,0.3308
MP_saithe_HCR-A_Ftrgt-0.5_Btrigger-180000_TACconstr-FALSE_BB-FALSE_ObsRho--0.12_ObsSd-0.04.rds,MP_saithe,0.5,180000,A,FALSE,FALSE,-0.12,0.04,0.5,107297,149098,118924.071859486,117070.681003233,117248.206870854,121909.9908781,119007.549498987,119329.202357545,0.0321,0.0394,0.021,0.0286,0.057,0.032,0.037,0.326253083714246,0.22003698530327,0.31306174801903,0.32633997643382,0.236495702202856,0.310915393352863,204325.519340407,202055.093654137,205169.876308605,0.466957472608952,0.465294366733442,0.459979327816316,1,1,,2,0.4002,0.392,0.3718
MP_saithe_HCR-A_Ftrgt-0.5_Btrigger-190000_TACconstr-FALSE_BB-FALSE_ObsRho--0.12_ObsSd-0.04.rds,MP_saithe,0.5,190000,A,FALSE,FALSE,-0.12,0.04,0.5,107297,149098,118934.932950851,116701.137680877,117322.112235596,122444.360996567,119338.054659021,120390.979103705,0.02945,0.0363,0.019,0.0262,0.05,0.027,0.032,0.339529575108353,0.230151004377071,0.325303743938873,0.339529575108353,0.249949894971561,0.324001522502438,207159.886776874,203805.584127172,207793.177450383,0.462493254932515,0.460267957517629,0.455858038612211,1,1,,3,0.4354,0.4334,0.4166
MP_saithe_HCR-A_Ftrgt-0.5_Btrigger-210000_TACconstr-FALSE_BB-FALSE_ObsRho--0.12_ObsSd-0.04.rds,MP_saithe,0.5,210000,A,FALSE,FALSE,-0.12,0.04,0.5,107297,149098,119040.408803501,115992.082311459,117338.234955682,122842.636856595,118806.949923558,121175.162588649,0.0252,0.0321,0.0142,0.0224,0.049,0.021,0.027,0.371370694876781,0.254181068851795,0.350806491699028,0.372808085174739,0.277512593633277,0.351554381358638,212846.785057171,207567.324361176,213415.601106707,0.452959857088377,0.4481981742188,0.442834471981259,1,1,,6,0.5013,0.4986,0.5178
MP_saithe_HCR-A_Ftrgt-0.5_Btrigger-220000_TACconstr-FALSE_BB-FALSE_ObsRho--0.12_ObsSd-0.04.rds,MP_saithe,0.5,220000,A,FALSE,FALSE,-0.12,0.04,0.5,107297,149098,119210.189110238,115686.375902442,117322.427656293,122336.990269659,117160.617684408,120787.013814605,0.02445,0.0312,0.0138,0.0216,0.045,0.019,0.026,0.386122365349465,0.266065093235262,0.362913851689073,0.388345696549395,0.29120167939416,0.366942383030378,215632.389074712,209925.435573531,215910.360396262,0.447006636191895,0.440752522171629,0.437803200695084,1,1,,3,0.5316,0.5296,0.5662
MP_saithe_HCR-A_Ftrgt-0.5_Btrigger-230000_TACconstr-FALSE_BB-FALSE_ObsRho--0.12_ObsSd-0.04.rds,MP_saithe,0.5,230000,A,FALSE,FALSE,-0.12,0.04,0.5,107297,149098,119206.595437589,115368.946859053,117373.878013199,121049.22688782,115180.825849255,119913.23842805,0.02295,0.0297,0.0112,0.0212,0.044,0.016,0.027,0.396632784717155,0.275074823206095,0.379556797362697,0.399833705528916,0.300809799591997,0.384368231109077,218489.340420119,212371.896095368,218812.876929677,0.439910869110875,0.433501571034771,0.432367768403789,1,1,,1,0.5569,0.5588,0.606
MP_saithe_HCR-A_Ftrgt-0.5_Btrigger-240000_TACconstr-FALSE_BB-FALSE_ObsRho--0.12_ObsSd-0.04.rds,MP_saithe,0.5,240000,A,FALSE,FALSE,-0.12,0.04,0.5,107297,149098,119300.12283659,115027.34538867,117367.731643201,120112.565708948,113491.867256328,118138.894373457,0.02105,0.0265,0.0102,0.021,0.038,0.014,0.026,0.412690805739214,0.283821933525524,0.392677217953958,0.415319524469631,0.309368194887016,0.399914901461355,221614.641386267,215353.420691082,221758.424687183,0.433834630694364,0.425270272809939,0.42592272871558,1,1,,1,0.5848,0.5916,0.645
MP_saithe_HCR-A_Ftrgt-0.5_Btrigger-250000_TACconstr-FALSE_BB-FALSE_ObsRho--0.12_ObsSd-0.04.rds,MP_saithe,0.5,250000,A,FALSE,FALSE,-0.12,0.04,0.5,107297,149098,119235.546125661,114805.539623326,117411.699285321,118111.322618475,111689.604915353,117003.108804951,0.01985,0.0255,0.009,0.0194,0.036,0.011,0.022,0.422693326040649,0.292334430136739,0.398979643003403,0.425209237391808,0.31750156771369,0.407525857692303,224232.401101819,218378.822605995,224543.470187425,0.426605292881241,0.415180472617592,0.419869878930069,1,1,,5,0.6106,0.6188,0.6862
MP_saithe_HCR-A_Ftrgt-0.5_Btrigger-260000_TACconstr-FALSE_BB-FALSE_ObsRho--0.12_ObsSd-0.04.rds,MP_saithe,0.5,260000,A,FALSE,FALSE,-0.12,0.04,0.5,107297,149098,119268.253965078,114485.911040177,117333.386671322,116974.906003908,110391.161942541,115662.090657001,0.0181,0.0237,0.0072,0.0178,0.036,0.01,0.019,0.434579000130982,0.300530646446483,0.409857092059817,0.438032685435915,0.323019596744267,0.421034607971648,227551.89627513,221141.848755555,226927.147320296,0.417749266775395,0.40655284035556,0.411335979826288,1,1,,4,0.6357,0.6406,0.7168
MP_saithe_HCR-A_Ftrgt-0.5_Btrigger-270000_TACconstr-FALSE_BB-FALSE_ObsRho--0.12_ObsSd-0.04.rds,MP_saithe,0.5,270000,A,FALSE,FALSE,-0.12,0.04,0.5,107297,149098,119285.380125688,114199.682376007,117289.30641069,115700.338890532,108677.70814047,115069.393335166,0.017,0.0226,0.0066,0.0162,0.033,0.01,0.018,0.443663472025054,0.304775119790935,0.420991187395599,0.447267237870954,0.326157507250853,0.43107272132816,230712.778790068,224385.326069682,230114.413905585,0.411805938642447,0.397730530989548,0.402624664038824,1,1,,4,0.6569,0.6676,0.7406
MP_saithe_HCR-A_Ftrgt-0.5_Btrigger-2e+05_TACconstr-FALSE_BB-FALSE_ObsRho--0.12_ObsSd-0.04.rds,MP_saithe,0.5,2e+05,A,FALSE,FALSE,-0.12,0.04,0.5,107297,149098,118994.416193,116313.357630805,117371.323894749,122953.966222879,119267.339319082,120975.382581412,0.0269,0.0335,0.0164,0.0242,0.048,0.026,0.031,0.356885446229953,0.242448525197081,0.338105302868696,0.357216957725898,0.263581081832131,0.337605440120128,210055.170485731,205863.316613116,210753.049970375,0.457843546421938,0.454560925319865,0.45142356478077,1,1,,5,0.4686,0.4662,0.4696
