file,OM,Ftrgt,Btrigger,HCR,TACconstr,BB,ObsRho,ObsSd,Ftrgt1,Blim,MSYBtrigger,catch_long,catch_short,catch_medium,catch_median_long,catch_median_short,catch_median_medium,risk1_full,risk1_long,risk1_short,risk1_medium,risk3_long,risk3_short,risk3_medium,iav_long,iav_short,iav_medium,iavTAC_long,iavTAC_short,iavTAC_medium,ssb_median_long,ssb_median_short,ssb_median_medium,fbar_median_long,fbar_median_short,fbar_median_medium,recovery_proportion,recovery_time,conv_failed,F_maxed,slope_long,slope_medium,slope_short
MP_whiting_HCR-A_Ftrgt-0.05_Btrigger-120000_TACconstr-FALSE_BB-FALSE_ObsRho-0.47_ObsSd-0.17.rds,MP_whiting,0.05,120000,A,FALSE,FALSE,0.47,0.17,0.05,119970,166708,11644.017834068,8651.41929419428,10494.0847928782,11196.6284345537,8378.50341468152,10143.8530180302,0.0321,0.0165,0.057,0.0384,0.022,0.069,0.052,0.133881030173555,0.204467531040514,0.134281503136086,0.133705939927442,0.151631452440027,0.131817892590346,231080.776013767,176627.637293022,214404.127730341,0.0499396230279446,0.0483914155510376,0.0492984900811964,0.991,1,,0,0.0235,0.0586,0.1044
MP_whiting_HCR-A_Ftrgt-0.05_Btrigger-130000_TACconstr-FALSE_BB-FALSE_ObsRho-0.47_ObsSd-0.17.rds,MP_whiting,0.05,130000,A,FALSE,FALSE,0.47,0.17,0.05,119970,166708,11640.7035585666,8605.8685001332,10477.68921713,11200.6580019246,8379.36715624232,10144.4011390281,0.03155,0.016,0.0564,0.0378,0.021,0.068,0.051,0.134535561657336,0.213588588787786,0.137151239403102,0.134387161845028,0.159052398133102,0.133838377845068,231142.464249152,176682.370272225,214461.490610177,0.0498950074879271,0.048240981661179,0.0492164016993512,0.991,1,,0,0.0345,0.082,0.1614
MP_whiting_HCR-A_Ftrgt-0.05_Btrigger-140000_TACconstr-FALSE_BB-FALSE_ObsRho-0.47_ObsSd-0.17.rds,MP_whiting,0.05,140000,A,FALSE,FALSE,0.47,0.17,0.05,119970,166708,11633.538777609,8542.21655812011,10454.960456344,11208.1692263361,8380.7330420183,10156.2527573758,0.03105,0.0155,0.056,0.0372,0.021,0.068,0.05,0.135606517955032,0.225120838847939,0.139152618924515,0.135399986000222,0.168927225201157,0.136781379435382,231208.751085453,176720.682814594,214510.358865298,0.0498759890838868,0.0480517895911254,0.049069493892755,0.991,1,,0,0.0546,0.1124,0.2242
MP_whiting_HCR-A_Ftrgt-0.05_Btrigger-150000_TACconstr-FALSE_BB-FALSE_ObsRho-0.47_ObsSd-0.17.rds,MP_whiting,0.05,150000,A,FALSE,FALSE,0.47,0.17,0.05,119970,166708,11618.390509985,8457.47991919958,10423.4756724413,11210.5489732963,8383.08314382669,10158.8415086056,0.0302,0.0149,0.0544,0.0366,0.02,0.067,0.05,0.137556162238825,0.239426507661965,0.141644281429271,0.137318074985164,0.176429115220178,0.13859613905733,231384.942662979,176838.250414807,214656.289627865,0.0498204350277626,0.0475860184206751,0.0489187414577151,0.991,1,,0,0.0805,0.1508,0.2982
MP_whiting_HCR-A_Ftrgt-0.05_Btrigger-160000_TACconstr-FALSE_BB-FALSE_ObsRho-0.47_ObsSd-0.17.rds,MP_whiting,0.05,160000,A,FALSE,FALSE,0.47,0.17,0.05,119970,166708,11593.9650814279,8351.25534156547,10381.978418529,11218.185330733,8386.09164198424,10169.4401228738,0.0296,0.0143,0.0538,0.036,0.019,0.066,0.05,0.140235591253679,0.253902122406634,0.146371481676595,0.139967826357896,0.189546690863621,0.144157441387912,231470.608712542,176914.020256675,214788.343526738,0.0497222398912212,0.0469015479911326,0.0487378467757378,0.991,1,,0,0.1146,0.1902,0.3778
MP_whiting_HCR-A_Ftrgt-0.05_Btrigger-170000_TACconstr-FALSE_BB-FALSE_ObsRho-0.47_ObsSd-0.17.rds,MP_whiting,0.05,170000,A,FALSE,FALSE,0.47,0.17,0.05,119970,166708,11558.3888537252,8224.40322037155,10326.3804516377,11225.5623607577,8365.49753139877,10190.3973110759,0.02895,0.0138,0.0534,0.0348,0.018,0.065,0.048,0.14407807955391,0.272267828879658,0.151490188949838,0.1437536727161,0.202451661041093,0.148713239652651,231706.661881959,177081.248038707,215103.331950702,0.049596221068413,0.0460865378372047,0.0483928396930716,0.991,1,,0,0.1555,0.2486,0.4586
MP_whiting_HCR-A_Ftrgt-0.05_Btrigger-180000_TACconstr-FALSE_BB-FALSE_ObsRho-0.47_ObsSd-0.17.rds,MP_whiting,0.05,180000,A,FALSE,FALSE,0.47,0.17,0.05,119970,166708,11509.2665033514,8078.02210854929,10257.2844011579,11236.6218258113,8185.78752197774,10203.470563821,0.02785,0.0131,0.0518,0.0334,0.017,0.061,0.047,0.148519586746534,0.289782975619672,0.158787538098381,0.147888168191641,0.213361344475243,0.155115189541724,231807.025226539,177300.94006943,215374.341253383,0.0494339258493757,0.0449587653718125,0.0480302692261306,0.992,1,,0,0.2036,0.2994,0.54
MP_whiting_HCR-A_Ftrgt-0.05_Btrigger-190000_TACconstr-FALSE_BB-FALSE_ObsRho-0.47_ObsSd-0.17.rds,MP_whiting,0.05,190000,A,FALSE,FALSE,0.47,0.17,0.05,119970,166708,11444.9191334186,7912.74830983336,10173.3514775744,11245.5739528423,7805.08449879998,10232.4803510828,0.02705,0.0125,0.051,0.0322,0.017,0.06,0.047,0.154013843738955,0.300630208860899,0.167013634705415,0.153347714496583,0.225079630035021,0.163777970117055,232060.656728974,177488.79349146,215696.256604429,0.04916180316128,0.0435434269336928,0.0475194525637824,0.992,1,,0,0.2556,0.3622,0.6162
MP_whiting_HCR-A_Ftrgt-0.05_Btrigger-210000_TACconstr-FALSE_BB-FALSE_ObsRho-0.47_ObsSd-0.17.rds,MP_whiting,0.05,210000,A,FALSE,FALSE,0.47,0.17,0.05,119970,166708,11269.1889976704,7550.05600217776,9953.75742267529,11263.6974999038,7105.3723298718,10192.762830981,0.02585,0.0118,0.0486,0.0312,0.017,0.055,0.046,0.167610551777243,0.326581004699333,0.183930856006005,0.167173241827447,0.242513124418152,0.178038019698122,232550.426548518,177888.589213249,216267.137372621,0.0483700221583362,0.0406197979176295,0.0461043109304685,0.993,1,,0,0.376,0.489,0.7342
MP_whiting_HCR-A_Ftrgt-0.05_Btrigger-220000_TACconstr-FALSE_BB-FALSE_ObsRho-0.47_ObsSd-0.17.rds,MP_whiting,0.05,220000,A,FALSE,FALSE,0.47,0.17,0.05,119970,166708,11157.162332019,7356.81973348691,9823.22195468433,11267.4322905354,6798.8284594411,9947.76101140624,0.02505,0.0113,0.0478,0.0298,0.017,0.055,0.044,0.175285643907379,0.337002399418597,0.193186850663613,0.174862929449958,0.249891234145581,0.187873260388422,232976.703610651,178134.417827002,216610.410877383,0.0477518455430851,0.0388470603069061,0.0451720551689267,0.993,1,,0,0.4357,0.5466,0.7878
MP_whiting_HCR-A_Ftrgt-0.05_Btrigger-230000_TACconstr-FALSE_BB-FALSE_ObsRho-0.47_ObsSd-0.17.rds,MP_whiting,0.05,230000,A,FALSE,FALSE,0.47,0.17,0.05,119970,166708,11031.1138665136,7159.90037774218,9680.76835482049,11201.7770740138,6529.29304184866,9575.68874670253,0.0245,0.011,0.0468,0.0292,0.016,0.053,0.044,0.183233698444429,0.3430166471069,0.200543568024995,0.182875158256499,0.25577392022711,0.195642371135646,233313.456883163,178304.667834101,216998.153903323,0.0470123490056123,0.0372615818502865,0.0441430906093457,0.993,1,,0,0.4934,0.6018,0.8316
MP_whiting_HCR-A_Ftrgt-0.05_Btrigger-240000_TACconstr-FALSE_BB-FALSE_ObsRho-0.47_ObsSd-0.17.rds,MP_whiting,0.05,240000,A,FALSE,FALSE,0.47,0.17,0.05,119970,166708,10891.6730709863,6963.12567531864,9527.25005063483,10938.2972041167,6283.92596321256,9220.95954295212,0.0238,0.0102,0.0464,0.0284,0.015,0.053,0.044,0.191338427268061,0.351808205196019,0.208947031577552,0.190926377057152,0.262957093192695,0.203864125777801,233788.3346647,178553.377472986,217524.663402472,0.0461109886971521,0.0357847528709891,0.0428958918425555,0.993,1,,0,0.5513,0.6548,0.8612
MP_whiting_HCR-A_Ftrgt-0.05_Btrigger-250000_TACconstr-FALSE_BB-FALSE_ObsRho-0.47_ObsSd-0.17.rds,MP_whiting,0.05,250000,A,FALSE,FALSE,0.47,0.17,0.05,119970,166708,10739.9062032379,6768.55764609458,9364.82260731745,10562.782449861,6051.49936144469,8895.69798613568,0.0233,0.0099,0.0454,0.028,0.014,0.051,0.044,0.1992944966104,0.355329799888057,0.216564609433869,0.198252896671484,0.268756994938677,0.20996565925743,234212.421446945,178775.153117421,217915.583441723,0.0450958356412839,0.0343902100475164,0.0415264497321243,0.993,1,,0,0.6078,0.7052,0.894
MP_whiting_HCR-A_Ftrgt-0.05_Btrigger-260000_TACconstr-FALSE_BB-FALSE_ObsRho-0.47_ObsSd-0.17.rds,MP_whiting,0.05,260000,A,FALSE,FALSE,0.47,0.17,0.05,119970,166708,10578.8297650834,6576.60909865557,9195.37088956483,10210.6798402862,5833.34889057938,8596.00810415141,0.0229,0.0096,0.0448,0.0276,0.014,0.05,0.043,0.208052869944411,0.359780004210238,0.223034099599776,0.206722075728012,0.270978644416588,0.216597793271245,234638.975357166,178986.575991784,218466.731492595,0.0438889347024545,0.0330735934993679,0.0401802481427936,0.993,1,,0,0.6551,0.7462,0.9146
MP_whiting_HCR-A_Ftrgt-0.05_Btrigger-2e+05_TACconstr-FALSE_BB-FALSE_ObsRho-0.47_ObsSd-0.17.rds,MP_whiting,0.05,2e+05,A,FALSE,FALSE,0.47,0.17,0.05,119970,166708,11364.9331540851,7735.42146989672,10072.0017693781,11255.9842079394,7440.19056542834,10244.1235522044,0.0264,0.0121,0.0494,0.032,0.017,0.057,0.046,0.159898708307365,0.315241706396123,0.174424271161032,0.159278234368716,0.23458585687721,0.170129026042818,232247.091955094,177733.653361505,215977.502590743,0.0488094560067515,0.0421605068682555,0.0468727297805575,0.993,1,,0,0.3129,0.4304,0.6776
MP_whiting_HCR-A_Ftrgt-0.06_Btrigger-120000_TACconstr-FALSE_BB-FALSE_ObsRho-0.47_ObsSd-0.17.rds,MP_whiting,0.06,120000,A,FALSE,FALSE,0.47,0.17,0.06,119970,166708,13586.0816508219,10235.5227596799,12277.1177894668,13072.2783027901,9923.33909590808,11878.0178430796,0.03685,0.0203,0.0618,0.045,0.029,0.074,0.058,0.134763916324094,0.201777011157363,0.134920981926892,0.13455776728326,0.15209393410352,0.133023746211231,226251.632298075,175210.720406216,210606.627929294,0.0598607328040083,0.0581795416957919,0.0590391249848341,0.99,1,,0,0.0272,0.0672,0.1106
MP_whiting_HCR-A_Ftrgt-0.06_Btrigger-130000_TACconstr-FALSE_BB-FALSE_ObsRho-0.47_ObsSd-0.17.rds,MP_whiting,0.06,130000,A,FALSE,FALSE,0.47,0.17,0.06,119970,166708,13582.74188383,10179.5098503162,12256.7518386727,13073.7731215548,9926.99215841553,11884.5605367997,0.03625,0.0197,0.061,0.0446,0.029,0.071,0.058,0.135959977938438,0.211985320500568,0.137884854379288,0.135873144415286,0.159339697339898,0.135230622660286,226276.775818438,175295.177285544,210651.386737275,0.0597877213555764,0.0579259380280901,0.058957212938986,0.99,1,,0,0.0408,0.0906,0.1688
MP_whiting_HCR-A_Ftrgt-0.06_Btrigger-140000_TACconstr-FALSE_BB-FALSE_ObsRho-0.47_ObsSd-0.17.rds,MP_whiting,0.06,140000,A,FALSE,FALSE,0.47,0.17,0.06,119970,166708,13573.4226184531,10102.2816571688,12228.6038502359,13087.5033825182,9933.94365500623,11892.4191122631,0.03505,0.0188,0.06,0.0426,0.026,0.071,0.056,0.137527841868534,0.226366162785881,0.139769364932398,0.137385762063119,0.168561360072381,0.137567774837326,226405.180500986,175325.107961118,210679.923541876,0.059728269043083,0.0575816793916738,0.058730388053234,0.991,1,,0,0.0654,0.1234,0.2324
MP_whiting_HCR-A_Ftrgt-0.06_Btrigger-150000_TACconstr-FALSE_BB-FALSE_ObsRho-0.47_ObsSd-0.17.rds,MP_whiting,0.06,150000,A,FALSE,FALSE,0.47,0.17,0.06,119970,166708,13554.4849372785,9999.91890845813,12190.1266786575,13092.034866217,9945.69217839031,11900.6764353365,0.0344,0.018,0.0596,0.042,0.024,0.071,0.054,0.139884893444638,0.2407273454459,0.143927484065267,0.139710935918226,0.177706633270928,0.140270250945351,226565.991456201,175464.349167593,210841.336264931,0.0596337400727267,0.0570628117168019,0.0586344254021247,0.991,1,,0,0.0933,0.1618,0.3072
MP_whiting_HCR-A_Ftrgt-0.06_Btrigger-160000_TACconstr-FALSE_BB-FALSE_ObsRho-0.47_ObsSd-0.17.rds,MP_whiting,0.06,160000,A,FALSE,FALSE,0.47,0.17,0.06,119970,166708,13523.8653000528,9872.38110702267,12138.9883305129,13104.63818542,9948.22707892762,11912.0792134405,0.0332,0.0171,0.0582,0.0404,0.022,0.07,0.053,0.142799579178619,0.255228335442936,0.14892045245492,0.142592876272169,0.190275512930679,0.145779969623687,226754.389097371,175544.235385218,211046.585487832,0.0595548048795451,0.0562357342127924,0.0583083167790309,0.991,1,,0,0.1288,0.2108,0.3866
MP_whiting_HCR-A_Ftrgt-0.06_Btrigger-170000_TACconstr-FALSE_BB-FALSE_ObsRho-0.47_ObsSd-0.17.rds,MP_whiting,0.06,170000,A,FALSE,FALSE,0.47,0.17,0.06,119970,166708,13479.5991217534,9720.03294917935,12070.6961234794,13121.3130409252,9879.39604223913,11928.8849042326,0.03215,0.0167,0.0564,0.0388,0.022,0.069,0.051,0.146545171731539,0.272781384514829,0.153880490274777,0.146248744796122,0.203284015310447,0.151629801497558,226885.232178444,175681.548345217,211380.776830303,0.0593968982980309,0.055092584176136,0.0578948927768436,0.991,1,,0,0.1743,0.2634,0.4706
MP_whiting_HCR-A_Ftrgt-0.06_Btrigger-180000_TACconstr-FALSE_BB-FALSE_ObsRho-0.47_ObsSd-0.17.rds,MP_whiting,0.06,180000,A,FALSE,FALSE,0.47,0.17,0.06,119970,166708,13419.0119374868,9545.20884152741,11987.0577764982,13139.5775920774,9653.28495338585,11964.0769543907,0.03115,0.0159,0.0548,0.038,0.021,0.068,0.05,0.151388521933181,0.288654999846327,0.162381877372645,0.15065829742289,0.213458166751774,0.159295883210116,227124.043198908,175850.267096872,211642.631924705,0.05911852403211,0.0537093254486843,0.0573386528161197,0.991,1,,0,0.2235,0.3208,0.5518
MP_whiting_HCR-A_Ftrgt-0.06_Btrigger-190000_TACconstr-FALSE_BB-FALSE_ObsRho-0.47_ObsSd-0.17.rds,MP_whiting,0.06,190000,A,FALSE,FALSE,0.47,0.17,0.06,119970,166708,13340.5788139476,9347.87236653584,11885.0957103926,13157.9416078459,9198.42538132441,12000.8561312179,0.03035,0.0151,0.0544,0.0368,0.02,0.067,0.05,0.157362197567679,0.302559197375445,0.170188758257731,0.156303086710371,0.226598073983016,0.166625384944132,227438.349483641,176170.279848001,211969.095186683,0.0587622126306742,0.0520644649827474,0.056759942972025,0.991,1,,0,0.2799,0.386,0.6254
MP_whiting_HCR-A_Ftrgt-0.06_Btrigger-210000_TACconstr-FALSE_BB-FALSE_ObsRho-0.47_ObsSd-0.17.rds,MP_whiting,0.06,210000,A,FALSE,FALSE,0.47,0.17,0.06,119970,166708,13126.0136199094,8918.91188044497,11621.4718918643,13197.3321485463,8384.82165724361,11870.8270316834,0.02895,0.0139,0.0528,0.0352,0.018,0.065,0.048,0.172051734196505,0.327039078377495,0.187397323492278,0.171631456586934,0.242125242918458,0.181058432443005,228068.920551003,176624.346889284,212716.05500897,0.0577067535642893,0.0483507465318424,0.0549507280445501,0.991,1,,0,0.4012,0.5088,0.744
MP_whiting_HCR-A_Ftrgt-0.06_Btrigger-220000_TACconstr-FALSE_BB-FALSE_ObsRho-0.47_ObsSd-0.17.rds,MP_whiting,0.06,220000,A,FALSE,FALSE,0.47,0.17,0.06,119970,166708,12990.8983221588,8690.71887560176,11466.6827766259,13161.0534145489,8034.94403465256,11486.8094179911,0.0279,0.0132,0.0518,0.0334,0.017,0.062,0.047,0.180186332197463,0.335591997486132,0.197033977519626,0.179415011676036,0.249061605826265,0.191739970529842,228549.382141485,176903.876808914,213185.204908703,0.0568287246383195,0.0463242418288016,0.0536159842682213,0.992,1,,0,0.461,0.5666,0.796
MP_whiting_HCR-A_Ftrgt-0.06_Btrigger-230000_TACconstr-FALSE_BB-FALSE_ObsRho-0.47_ObsSd-0.17.rds,MP_whiting,0.06,230000,A,FALSE,FALSE,0.47,0.17,0.06,119970,166708,12839.0410112772,8458.00795397211,11298.1474745906,13008.2770276024,7717.10934247379,11050.4127000631,0.0271,0.0126,0.0504,0.0328,0.017,0.058,0.047,0.187461787730222,0.34291272376813,0.204500250916146,0.18712254770071,0.255152630087441,0.199505657720793,228978.819850642,177066.335556311,213638.368242408,0.0559364770782661,0.0444271731073325,0.0523159811333576,0.992,1,,0,0.5204,0.624,0.8384
MP_whiting_HCR-A_Ftrgt-0.06_Btrigger-240000_TACconstr-FALSE_BB-FALSE_ObsRho-0.47_ObsSd-0.17.rds,MP_whiting,0.06,240000,A,FALSE,FALSE,0.47,0.17,0.06,119970,166708,12672.2255321207,8226.60770283519,11117.670056664,12597.7686547154,7421.06575626508,10652.6185563303,0.02645,0.0121,0.0494,0.0322,0.017,0.057,0.046,0.19666909812295,0.348983112937388,0.211921728033578,0.196205329794559,0.26329817924248,0.20729854542076,229471.896944438,177287.832166491,214179.909695212,0.0547247824298119,0.0426773962291931,0.0508308865655063,0.993,1,,0,0.5787,0.6758,0.8676
MP_whiting_HCR-A_Ftrgt-0.06_Btrigger-250000_TACconstr-FALSE_BB-FALSE_ObsRho-0.47_ObsSd-0.17.rds,MP_whiting,0.06,250000,A,FALSE,FALSE,0.47,0.17,0.06,119970,166708,12492.0985016262,7997.41943728469,10926.5136096467,12180.1503741401,7146.44383149253,10312.2711298225,0.02605,0.0119,0.0488,0.0316,0.017,0.056,0.046,0.204338386364562,0.353420847230455,0.220128143571687,0.203770272549895,0.267164666487438,0.21455661621373,230053.874654931,177578.065824678,214718.68186955,0.0534108131344811,0.0409918424258241,0.0491337647216702,0.993,1,,0,0.632,0.724,0.8988
MP_whiting_HCR-A_Ftrgt-0.06_Btrigger-260000_TACconstr-FALSE_BB-FALSE_ObsRho-0.47_ObsSd-0.17.rds,MP_whiting,0.06,260000,A,FALSE,FALSE,0.47,0.17,0.06,119970,166708,12302.2994408278,7772.2528365519,10728.6202838485,11770.0551251657,6891.17450413658,9975.47053778625,0.02555,0.0116,0.0482,0.0308,0.017,0.055,0.045,0.212246411519464,0.35935180282424,0.226874037989433,0.21153742253552,0.271388367598575,0.220171270068867,230637.631007476,177859.334858979,215226.01623348,0.0519251128528589,0.0394725038432197,0.0475246059295257,0.993,1,,0,0.6765,0.7628,0.9178
MP_whiting_HCR-A_Ftrgt-0.06_Btrigger-2e+05_TACconstr-FALSE_BB-FALSE_ObsRho-0.47_ObsSd-0.17.rds,MP_whiting,0.06,2e+05,A,FALSE,FALSE,0.47,0.17,0.06,119970,166708,13243.0509257322,9137.91969428462,11762.3158676571,13179.0551070098,8770.75829859014,11997.8147045682,0.02975,0.0145,0.0538,0.0362,0.019,0.066,0.05,0.164561811490964,0.314289986949701,0.178805796559426,0.16368686194999,0.234785505863321,0.174639911400649,227789.576509033,176421.091025094,212323.995397043,0.0582838323926424,0.0502909296405985,0.0558237735754485,0.991,1,,0,0.3378,0.4546,0.6858
MP_whiting_HCR-A_Ftrgt-0.07_Btrigger-120000_TACconstr-FALSE_BB-FALSE_ObsRho-0.47_ObsSd-0.17.rds,MP_whiting,0.07,120000,A,FALSE,FALSE,0.47,0.17,0.07,119970,166708,15417.5615388005,11774.9552769356,13970.1799805738,14842.3271201717,11418.3886850432,13541.8116865483,0.0413,0.0243,0.0652,0.0514,0.033,0.082,0.06,0.13658324796566,0.201737808549686,0.136485067541053,0.13658324796566,0.152477834321915,0.134621064968861,221698.448337767,173582.173361549,206839.955030908,0.069678574132474,0.0678590623333878,0.0687690179246881,0.988,1,,0,0.0324,0.0732,0.1154
MP_whiting_HCR-A_Ftrgt-0.07_Btrigger-130000_TACconstr-FALSE_BB-FALSE_ObsRho-0.47_ObsSd-0.17.rds,MP_whiting,0.07,130000,A,FALSE,FALSE,0.47,0.17,0.07,119970,166708,15414.4820452941,11708.0906936351,13945.7510053704,14850.4152762056,11427.6078834497,13546.8800106915,0.04035,0.0232,0.0644,0.0506,0.033,0.081,0.06,0.137523731374939,0.212899391719121,0.138373180624308,0.137531441573966,0.159945940543083,0.136066495238629,221758.453548346,173671.117775346,206939.005595293,0.0696454470704223,0.067555692488094,0.068631822552405,0.988,1,,0,0.0493,0.1014,0.1742
MP_whiting_HCR-A_Ftrgt-0.07_Btrigger-140000_TACconstr-FALSE_BB-FALSE_ObsRho-0.47_ObsSd-0.17.rds,MP_whiting,0.07,140000,A,FALSE,FALSE,0.47,0.17,0.07,119970,166708,15403.3970830936,11617.0079994345,13911.9379415931,14862.8494062642,11442.4213801878,13558.8382554862,0.0395,0.0225,0.0636,0.0494,0.032,0.077,0.06,0.139495540182734,0.226173854178345,0.141085502755516,0.139480164744192,0.169488869761648,0.138321318816335,221820.731499006,173755.817742828,207106.437130713,0.0695583238607338,0.0671171197064925,0.0684575165921655,0.99,1,,0,0.0769,0.1354,0.2402
MP_whiting_HCR-A_Ftrgt-0.07_Btrigger-150000_TACconstr-FALSE_BB-FALSE_ObsRho-0.47_ObsSd-0.17.rds,MP_whiting,0.07,150000,A,FALSE,FALSE,0.47,0.17,0.07,119970,166708,15380.6511506766,11496.7828032601,13866.1927429688,14879.3527908188,11444.7411248225,13575.0757988738,0.03815,0.0214,0.0626,0.0472,0.031,0.074,0.059,0.141977394046079,0.241690961684257,0.145353433768572,0.141635455280356,0.177755516324483,0.14299003017525,221862.99500897,173797.208209504,207214.971625211,0.0694245041273437,0.0664852030276393,0.0681645846296109,0.99,1,,0,0.1065,0.1774,0.316
MP_whiting_HCR-A_Ftrgt-0.07_Btrigger-160000_TACconstr-FALSE_BB-FALSE_ObsRho-0.47_ObsSd-0.17.rds,MP_whiting,0.07,160000,A,FALSE,FALSE,0.47,0.17,0.07,119970,166708,15343.9934652998,11347.7122487534,13804.1840312001,14896.4780710257,11452.4259305784,13590.8702340782,0.0372,0.0206,0.062,0.0456,0.029,0.073,0.059,0.145027314391856,0.257200252287634,0.151152628239998,0.144766592460596,0.190873729571779,0.147693166861638,222058.402875779,173990.715882255,207460.488299895,0.0693187163755776,0.0655442392408129,0.0677125343642846,0.991,1,,0,0.1447,0.2294,0.397
MP_whiting_HCR-A_Ftrgt-0.07_Btrigger-170000_TACconstr-FALSE_BB-FALSE_ObsRho-0.47_ObsSd-0.17.rds,MP_whiting,0.07,170000,A,FALSE,FALSE,0.47,0.17,0.07,119970,166708,15290.0091954121,11169.9646180794,13723.7721958263,14913.8556459596,11394.6527207038,13613.565612289,0.03595,0.0193,0.0608,0.0444,0.026,0.072,0.058,0.149026428626137,0.272992995584723,0.156630642095248,0.148884145972934,0.20359169604583,0.154632297853217,222345.506973967,174028.338271854,207700.852635106,0.0690939651420586,0.0642111802620668,0.0672729286585443,0.991,1,,0,0.1931,0.2822,0.4796
MP_whiting_HCR-A_Ftrgt-0.07_Btrigger-180000_TACconstr-FALSE_BB-FALSE_ObsRho-0.47_ObsSd-0.17.rds,MP_whiting,0.07,180000,A,FALSE,FALSE,0.47,0.17,0.07,119970,166708,15217.0406172484,10966.5225833603,13624.9021955322,14940.242771988,11045.884166835,13652.0340214902,0.0347,0.0181,0.0596,0.043,0.023,0.071,0.055,0.154367036614994,0.288043431493589,0.164790588540751,0.153651095248786,0.215538235223264,0.162410892743129,222565.853351013,174183.931735527,208111.357454351,0.0687130978816794,0.0624846045074031,0.0666320953413726,0.991,1,,0,0.2446,0.3424,0.5636
MP_whiting_HCR-A_Ftrgt-0.07_Btrigger-190000_TACconstr-FALSE_BB-FALSE_ObsRho-0.47_ObsSd-0.17.rds,MP_whiting,0.07,190000,A,FALSE,FALSE,0.47,0.17,0.07,119970,166708,15122.5136912366,10738.2337353611,13504.8050272559,14956.7086405553,10539.0029541333,13694.041198959,0.03355,0.0172,0.0586,0.0412,0.022,0.07,0.053,0.161127700167664,0.298276725725721,0.17341985036566,0.16001925103059,0.226561538613104,0.169579894121826,222997.577304949,174496.522486082,208480.282527856,0.0682567034115056,0.0604158684782669,0.0658502932893392,0.991,1,,0,0.3029,0.4066,0.6338
MP_whiting_HCR-A_Ftrgt-0.07_Btrigger-210000_TACconstr-FALSE_BB-FALSE_ObsRho-0.47_ObsSd-0.17.rds,MP_whiting,0.07,210000,A,FALSE,FALSE,0.47,0.17,0.07,119970,166708,14869.5186472476,10244.716744783,13197.9255599268,15000.2751426532,9607.94661167994,13387.1961390415,0.03165,0.0167,0.0548,0.0384,0.021,0.068,0.05,0.176582696138621,0.321438958125639,0.190895160113401,0.175918714026029,0.244411215585735,0.184700147986202,224050.611666186,175349.960366613,209391.132345504,0.0668002082599409,0.0560008419290446,0.0634924566479166,0.991,1,,0,0.4271,0.5308,0.753
MP_whiting_HCR-A_Ftrgt-0.07_Btrigger-220000_TACconstr-FALSE_BB-FALSE_ObsRho-0.47_ObsSd-0.17.rds,MP_whiting,0.07,220000,A,FALSE,FALSE,0.47,0.17,0.07,119970,166708,14712.3456709651,9982.87199578962,13019.8679663093,14922.4106126878,9217.72125551188,12915.0210831391,0.0306,0.0153,0.0544,0.0374,0.02,0.067,0.05,0.184485550103062,0.328995319699588,0.200367513360655,0.183928672458957,0.250718197388545,0.194533146076557,224559.004327384,175626.03802824,209911.204885638,0.0658457337833513,0.0536273104599206,0.0619295856678126,0.991,1,,0,0.4869,0.5866,0.8032
MP_whiting_HCR-A_Ftrgt-0.07_Btrigger-230000_TACconstr-FALSE_BB-FALSE_ObsRho-0.47_ObsSd-0.17.rds,MP_whiting,0.07,230000,A,FALSE,FALSE,0.47,0.17,0.07,119970,166708,14536.1394874648,9715.76903800777,12825.9916674368,14612.8365495728,8854.06068361838,12446.2094806227,0.02995,0.0147,0.054,0.0364,0.019,0.066,0.05,0.192396569295442,0.337018726232313,0.207541650879841,0.191775528151427,0.257567843420722,0.204131514143104,225055.431551317,175879.048064513,210395.689034457,0.0645898945675176,0.0514635537551147,0.0604008330998602,0.991,1,,0,0.5469,0.6422,0.8446
MP_whiting_HCR-A_Ftrgt-0.07_Btrigger-240000_TACconstr-FALSE_BB-FALSE_ObsRho-0.47_ObsSd-0.17.rds,MP_whiting,0.07,240000,A,FALSE,FALSE,0.47,0.17,0.07,119970,166708,14343.5888246883,9451.11844399386,12619.3945846797,14116.277666804,8522.9066398274,12008.5342105568,0.0294,0.0143,0.0534,0.0356,0.018,0.065,0.048,0.20140859464898,0.340215146314622,0.216837679070833,0.200980132834541,0.262784797845945,0.211054273816275,225608.227790952,176187.246682388,210942.961518432,0.0631236319422994,0.049504422045559,0.0584054224178328,0.991,1,,0,0.6038,0.6952,0.8746
MP_whiting_HCR-A_Ftrgt-0.07_Btrigger-250000_TACconstr-FALSE_BB-FALSE_ObsRho-0.47_ObsSd-0.17.rds,MP_whiting,0.07,250000,A,FALSE,FALSE,0.47,0.17,0.07,119970,166708,14137.3428571334,9188.88217849776,12401.4629793585,13635.9215003034,8210.49121032454,11619.0842407521,0.0285,0.0136,0.0524,0.0344,0.017,0.064,0.047,0.208723053097852,0.344712782040291,0.223642486221787,0.208491171590004,0.268235899521713,0.21929560994258,226271.119831013,176502.730364864,211650.128934861,0.0614862482558091,0.0476183563123378,0.0566025004938748,0.992,1,,0,0.6536,0.738,0.9024
MP_whiting_HCR-A_Ftrgt-0.07_Btrigger-260000_TACconstr-FALSE_BB-FALSE_ObsRho-0.47_ObsSd-0.17.rds,MP_whiting,0.07,260000,A,FALSE,FALSE,0.47,0.17,0.07,119970,166708,13920.7966617979,8932.0665013561,12177.1842710208,13209.9879135908,7926.33433456734,11248.6394985744,0.02775,0.013,0.0516,0.0334,0.017,0.062,0.047,0.216025702726976,0.350583969613889,0.23057332406238,0.215575100275791,0.271646037808399,0.222913441016792,226915.907538626,176762.610596458,212212.254124505,0.0596868054239578,0.0458019004691967,0.054712502067959,0.992,1,,0,0.6956,0.776,0.9214
MP_whiting_HCR-A_Ftrgt-0.07_Btrigger-2e+05_TACconstr-FALSE_BB-FALSE_ObsRho-0.47_ObsSd-0.17.rds,MP_whiting,0.07,2e+05,A,FALSE,FALSE,0.47,0.17,0.07,119970,166708,15006.8989065258,10496.6495450651,13360.6720724793,14988.906285928,10044.0059783616,13658.4753505909,0.03255,0.0171,0.0568,0.0392,0.022,0.069,0.052,0.168732244912564,0.3129358355467,0.182472563547218,0.168376980044864,0.238297652570155,0.177916507322866,223574.811266046,174940.021179289,208901.738849186,0.0677306050887373,0.0583204404570267,0.0646513143054499,0.991,1,,0,0.3647,0.475,0.6942
MP_whiting_HCR-A_Ftrgt-0.08_Btrigger-120000_TACconstr-FALSE_BB-FALSE_ObsRho-0.47_ObsSd-0.17.rds,MP_whiting,0.08,120000,A,FALSE,FALSE,0.47,0.17,0.08,119970,166708,17147.6718867306,13271.1547944563,15578.3348999619,16517.9004187048,12887.3851946833,15116.5250656035,0.0463,0.0283,0.0698,0.0588,0.04,0.089,0.071,0.138219797398669,0.200146127262105,0.137648623144084,0.138418956307967,0.152889622471869,0.134958291854902,217365.692099827,172190.170097369,203308.636703516,0.0794550729225137,0.0775997126759776,0.0784699674371063,0.982,1,,0,0.0376,0.0808,0.1222
MP_whiting_HCR-A_Ftrgt-0.08_Btrigger-130000_TACconstr-FALSE_BB-FALSE_ObsRho-0.47_ObsSd-0.17.rds,MP_whiting,0.08,130000,A,FALSE,FALSE,0.47,0.17,0.08,119970,166708,17143.8728428724,13193.0820789315,15549.7378758912,16528.8447254703,12893.4689645451,15130.8156292772,0.0454,0.0278,0.0688,0.0572,0.039,0.087,0.069,0.13932395944853,0.211053301951712,0.140202108237672,0.139469932942286,0.160194926389926,0.137585952070874,217483.357802467,172284.896215977,203402.153539447,0.0794139501654404,0.0772483129485835,0.078308604301338,0.983,1,,0,0.0587,0.1108,0.1808
MP_whiting_HCR-A_Ftrgt-0.08_Btrigger-140000_TACconstr-FALSE_BB-FALSE_ObsRho-0.47_ObsSd-0.17.rds,MP_whiting,0.08,140000,A,FALSE,FALSE,0.47,0.17,0.08,119970,166708,17129.6683895672,13087.5953433048,15510.7558820789,16543.4458840363,12896.9017975605,15146.215529448,0.0438,0.0261,0.0682,0.0548,0.037,0.086,0.065,0.141563788454265,0.223231135404367,0.142337718670176,0.141610595118287,0.169885315195847,0.139282555413058,217572.122974693,172466.975758183,203472.299392899,0.0792866179675282,0.0767665253883855,0.0781194627000095,0.983,1,,0,0.0869,0.1468,0.2498
MP_whiting_HCR-A_Ftrgt-0.08_Btrigger-150000_TACconstr-FALSE_BB-FALSE_ObsRho-0.47_ObsSd-0.17.rds,MP_whiting,0.08,150000,A,FALSE,FALSE,0.47,0.17,0.08,119970,166708,17102.7998390786,12949.4929344213,15456.6943729078,16566.1220358511,12906.0421065387,15161.1954450429,0.0425,0.0252,0.066,0.0536,0.036,0.083,0.062,0.144000179398168,0.239476549856962,0.147589038529057,0.143972889889857,0.180039721389996,0.145653977967808,217749.591889695,172655.532575597,203614.981164985,0.0791993910104452,0.0759486591408396,0.0776177327834708,0.987,1,,0,0.1189,0.1926,0.325
MP_whiting_HCR-A_Ftrgt-0.08_Btrigger-160000_TACconstr-FALSE_BB-FALSE_ObsRho-0.47_ObsSd-0.17.rds,MP_whiting,0.08,160000,A,FALSE,FALSE,0.47,0.17,0.08,119970,166708,17059.8877191347,12778.5125118098,15383.8428367741,16594.5971685212,12914.3216964423,15188.0692731719,0.04125,0.024,0.0654,0.0516,0.034,0.081,0.062,0.147353472847752,0.253868934760259,0.153530245084376,0.147170193928071,0.192347975050624,0.150958846801389,217919.123186529,172711.972288099,203837.123248924,0.079050994226578,0.0748029595761522,0.077129627422488,0.987,1,,0,0.1612,0.2446,0.4082
MP_whiting_HCR-A_Ftrgt-0.08_Btrigger-170000_TACconstr-FALSE_BB-FALSE_ObsRho-0.47_ObsSd-0.17.rds,MP_whiting,0.08,170000,A,FALSE,FALSE,0.47,0.17,0.08,119970,166708,16996.8655693867,12575.7213885016,15291.2070069242,16618.6996166053,12836.5779587082,15224.5469989948,0.03995,0.0227,0.0646,0.0498,0.032,0.078,0.062,0.151783031632456,0.268025192773322,0.160314354960854,0.151196423610203,0.205706063482807,0.157627258443593,218140.963906818,173010.10483478,204081.547108462,0.0787505216457972,0.0732248000171065,0.0765041759749561,0.99,1,,0,0.2109,0.3,0.4912
MP_whiting_HCR-A_Ftrgt-0.08_Btrigger-180000_TACconstr-FALSE_BB-FALSE_ObsRho-0.47_ObsSd-0.17.rds,MP_whiting,0.08,180000,A,FALSE,FALSE,0.47,0.17,0.08,119970,166708,16911.3466932871,12343.7045904848,15177.0951009366,16646.1918915322,12365.0182525656,15265.5943992302,0.0385,0.0215,0.063,0.048,0.031,0.074,0.061,0.157474589358495,0.284336205125411,0.168806481814958,0.156473015395191,0.218276088019188,0.165421015318099,218486.181987197,173202.66049989,204490.701978371,0.0782913915207178,0.0711565100780772,0.075864118545978,0.991,1,,0,0.2679,0.3636,0.5756
MP_whiting_HCR-A_Ftrgt-0.08_Btrigger-190000_TACconstr-FALSE_BB-FALSE_ObsRho-0.47_ObsSd-0.17.rds,MP_whiting,0.08,190000,A,FALSE,FALSE,0.47,0.17,0.08,119970,166708,16801.1092010967,12085.5613762289,15038.3984397401,16684.9453747711,11788.1539583875,15300.0453526493,0.03705,0.0204,0.0624,0.045,0.027,0.074,0.058,0.165038879654173,0.29332851560769,0.176910127862215,0.164449729927438,0.227753220361928,0.172876415512622,218907.029905497,173451.747624393,204906.918879911,0.0776618142128136,0.0687514623539681,0.0747433454008493,0.991,1,,0,0.3265,0.4294,0.6424
MP_whiting_HCR-A_Ftrgt-0.08_Btrigger-210000_TACconstr-FALSE_BB-FALSE_ObsRho-0.47_ObsSd-0.17.rds,MP_whiting,0.08,210000,A,FALSE,FALSE,0.47,0.17,0.08,119970,166708,16508.209595282,11529.2823190954,14689.6394184274,16726.3473054839,10787.6476269925,14776.6039337,0.03455,0.018,0.0594,0.0428,0.023,0.071,0.054,0.180357275203674,0.31252969672364,0.19516175894321,0.179533382287181,0.245357197773916,0.19030243162462,219863.581020707,173992.681202073,206131.463501081,0.0757880191574842,0.0635506306053287,0.0718384281889081,0.991,1,,0,0.4502,0.5508,0.7612
MP_whiting_HCR-A_Ftrgt-0.08_Btrigger-220000_TACconstr-FALSE_BB-FALSE_ObsRho-0.47_ObsSd-0.17.rds,MP_whiting,0.08,220000,A,FALSE,FALSE,0.47,0.17,0.08,119970,166708,16328.1668366766,11234.9428020412,14488.6684861379,16553.3307377189,10366.2099233672,14241.3806134658,0.03365,0.0175,0.0586,0.041,0.022,0.071,0.053,0.188299259551144,0.32089357398498,0.203809462432052,0.187650087540334,0.251903500320066,0.198137365790514,220531.459585843,174290.794658568,206891.144372062,0.0745589261164421,0.060916217856517,0.0700621360392819,0.991,1,,0,0.512,0.6078,0.8112
MP_whiting_HCR-A_Ftrgt-0.08_Btrigger-230000_TACconstr-FALSE_BB-FALSE_ObsRho-0.47_ObsSd-0.17.rds,MP_whiting,0.08,230000,A,FALSE,FALSE,0.47,0.17,0.08,119970,166708,16128.9933691585,10935.0240830184,14271.0857299613,16050.7780466413,9968.69686755495,13724.4000765081,0.0325,0.017,0.057,0.039,0.022,0.069,0.051,0.197515346390644,0.3252198113216,0.211974348567959,0.196490131342121,0.257087349743538,0.208178925512841,221235.036165596,174646.277757559,207331.435003546,0.0730650971119596,0.0584685752454174,0.0681939954548667,0.991,1,,0,0.5704,0.6606,0.8494
MP_whiting_HCR-A_Ftrgt-0.08_Btrigger-240000_TACconstr-FALSE_BB-FALSE_ObsRho-0.47_ObsSd-0.17.rds,MP_whiting,0.08,240000,A,FALSE,FALSE,0.47,0.17,0.08,119970,166708,15912.2635076185,10637.9859926672,14038.741880736,15507.2920666624,9582.82688557869,13274.9891134405,0.03175,0.0167,0.055,0.0386,0.021,0.068,0.05,0.206338932959439,0.330443190448328,0.221421137790954,0.205662151582488,0.262743857612742,0.21587561853059,221878.924643884,174965.304290933,208104.975328323,0.0712329307308125,0.056177568656632,0.0659390181335571,0.991,1,,0,0.6248,0.7134,0.8812
MP_whiting_HCR-A_Ftrgt-0.08_Btrigger-250000_TACconstr-FALSE_BB-FALSE_ObsRho-0.47_ObsSd-0.17.rds,MP_whiting,0.08,250000,A,FALSE,FALSE,0.47,0.17,0.08,119970,166708,15681.9452548138,10344.709782182,13796.2233812178,15013.0762652089,9238.90280968731,12852.3727398981,0.031,0.0159,0.0544,0.0378,0.021,0.067,0.05,0.212888339986446,0.3374889568516,0.22781295946269,0.212522502355029,0.266539068302531,0.222465041348594,222580.38989554,175349.619328739,208906.558462963,0.0693254856166537,0.0540322884534304,0.0638762583488835,0.991,1,,0,0.6717,0.7544,0.9062
MP_whiting_HCR-A_Ftrgt-0.08_Btrigger-260000_TACconstr-FALSE_BB-FALSE_ObsRho-0.47_ObsSd-0.17.rds,MP_whiting,0.08,260000,A,FALSE,FALSE,0.47,0.17,0.08,119970,166708,15441.1607940514,10057.7530431384,13546.7096635029,14541.5518415873,8931.17441722953,12452.648270564,0.03015,0.015,0.054,0.0366,0.02,0.066,0.05,0.220634129503661,0.343303276946578,0.232563541608909,0.219850966694229,0.270632960939159,0.22639890524443,223360.030557319,175691.03133249,209508.114318457,0.067335568320365,0.0520761457710118,0.0617552550565787,0.991,1,,0,0.7147,0.7916,0.9246
MP_whiting_HCR-A_Ftrgt-0.08_Btrigger-2e+05_TACconstr-FALSE_BB-FALSE_ObsRho-0.47_ObsSd-0.17.rds,MP_whiting,0.08,2e+05,A,FALSE,FALSE,0.47,0.17,0.08,119970,166708,16666.6274025639,11813.4213685429,14873.2681616019,16726.9359455528,11267.843899799,15225.796364921,0.0359,0.0192,0.061,0.0442,0.025,0.073,0.057,0.173194883038907,0.302521511722968,0.187362944699731,0.172420951776893,0.238507391436269,0.180561792606838,219354.420601225,173686.377318754,205492.501742171,0.0769039828851352,0.0662751400533876,0.0733632053052046,0.991,1,,0,0.3882,0.4946,0.7024
MP_whiting_HCR-A_Ftrgt-0.09_Btrigger-120000_TACconstr-FALSE_BB-FALSE_ObsRho-0.47_ObsSd-0.17.rds,MP_whiting,0.09,120000,A,FALSE,FALSE,0.47,0.17,0.09,119970,166708,18783.8765301652,14725.5712760705,17105.6687831525,18104.0440871765,14317.1696970518,16616.0766843496,0.05225,0.033,0.0758,0.0672,0.046,0.095,0.078,0.140023022110013,0.197067115058289,0.139335635208255,0.140262024446547,0.152851969739685,0.137167585875615,213235.686497002,170882.129946325,199735.435802398,0.0892255354623826,0.0873386737277856,0.0881876858043089,0.98,1,,0,0.0448,0.0888,0.1292
MP_whiting_HCR-A_Ftrgt-0.09_Btrigger-130000_TACconstr-FALSE_BB-FALSE_ObsRho-0.47_ObsSd-0.17.rds,MP_whiting,0.09,130000,A,FALSE,FALSE,0.47,0.17,0.09,119970,166708,18779.2215041553,14636.1291405899,17072.9661928076,18140.5029809075,14333.1811813979,16630.4967565096,0.0507,0.0318,0.0744,0.0648,0.045,0.094,0.078,0.141153548802817,0.208264430976428,0.141299937367874,0.141232214917205,0.159008484622261,0.13872320966495,213302.545874699,170932.421074935,199768.786261527,0.0891587623958693,0.08685683757469,0.087913549964363,0.98,1,,0,0.069,0.12,0.1868
MP_whiting_HCR-A_Ftrgt-0.09_Btrigger-140000_TACconstr-FALSE_BB-FALSE_ObsRho-0.47_ObsSd-0.17.rds,MP_whiting,0.09,140000,A,FALSE,FALSE,0.47,0.17,0.09,119970,166708,18762.5123875859,14515.7717951888,17028.2695933387,18158.495657267,14344.1047167732,16656.5801643531,0.04895,0.0304,0.0724,0.0626,0.042,0.089,0.073,0.142999304100941,0.219631533376282,0.144943852207089,0.142967284816819,0.171222900869571,0.14205600938931,213420.732838805,171119.378381279,199956.769094961,0.0890528492566446,0.086288104984321,0.0875659054475175,0.981,1,,0,0.0956,0.1602,0.2578
MP_whiting_HCR-A_Ftrgt-0.09_Btrigger-150000_TACconstr-FALSE_BB-FALSE_ObsRho-0.47_ObsSd-0.17.rds,MP_whiting,0.09,150000,A,FALSE,FALSE,0.47,0.17,0.09,119970,166708,18731.4029807927,14359.6417944713,16965.5100451506,18182.1426900032,14350.383836848,16675.4103867425,0.04695,0.0291,0.0702,0.0594,0.039,0.087,0.072,0.146096774665407,0.232985366166029,0.149389005012419,0.146036170287864,0.183102512394082,0.147561474555378,213692.748211326,171265.895698398,200129.489355341,0.0889274540003016,0.0853080523768839,0.0871075662038187,0.982,1,,0,0.1322,0.208,0.3344
MP_whiting_HCR-A_Ftrgt-0.09_Btrigger-160000_TACconstr-FALSE_BB-FALSE_ObsRho-0.47_ObsSd-0.17.rds,MP_whiting,0.09,160000,A,FALSE,FALSE,0.47,0.17,0.09,119970,166708,18680.6422615853,14166.5310307571,16882.6637238955,18206.1272288008,14360.0401904772,16691.2216224118,0.04555,0.028,0.069,0.0572,0.039,0.086,0.069,0.150332318262102,0.247885584912867,0.155736156192503,0.150312948634024,0.19293697767825,0.15398426635241,213914.313024379,171475.123210795,200431.299514443,0.0887015125354896,0.0839628058576026,0.0864522384138227,0.984,1,,0,0.1789,0.2624,0.4186
MP_whiting_HCR-A_Ftrgt-0.09_Btrigger-170000_TACconstr-FALSE_BB-FALSE_ObsRho-0.47_ObsSd-0.17.rds,MP_whiting,0.09,170000,A,FALSE,FALSE,0.47,0.17,0.09,119970,166708,18606.4668826112,13938.6687800939,16777.8456492299,18237.3075198596,14199.6866294303,16753.4112063633,0.04375,0.0265,0.0668,0.0552,0.036,0.085,0.065,0.155295051013872,0.259071273295832,0.163831967323729,0.155021751671937,0.207261392185698,0.16069157183263,214263.749943686,171752.88054136,200816.845968902,0.0882656693553025,0.0821839168220958,0.0858264790020539,0.985,1,,0,0.2298,0.3204,0.5014
MP_whiting_HCR-A_Ftrgt-0.09_Btrigger-180000_TACconstr-FALSE_BB-FALSE_ObsRho-0.47_ObsSd-0.17.rds,MP_whiting,0.09,180000,A,FALSE,FALSE,0.47,0.17,0.09,119970,166708,18507.2832282305,13678.1900686725,16648.5177122377,18284.2581666496,13657.9340736521,16809.2472525193,0.0422,0.025,0.066,0.0528,0.036,0.082,0.063,0.161179501763024,0.274579249162026,0.172216077211526,0.16043915325241,0.218760341117577,0.169271322333459,214601.48760552,172052.721092113,201263.386548807,0.0876912534854836,0.0796821518985471,0.0847408928848686,0.987,1,,0,0.2904,0.3828,0.5848
MP_whiting_HCR-A_Ftrgt-0.09_Btrigger-190000_TACconstr-FALSE_BB-FALSE_ObsRho-0.47_ObsSd-0.17.rds,MP_whiting,0.09,190000,A,FALSE,FALSE,0.47,0.17,0.09,119970,166708,18381.5166668529,13391.6352912924,16490.8688774152,18331.3281391351,13018.7593372483,16827.1310357156,0.0408,0.0239,0.065,0.0504,0.033,0.078,0.062,0.169153122545017,0.282550370251825,0.180074828076134,0.168667991044139,0.230792397444823,0.177068728607793,214980.305433549,172489.647549222,201802.54328041,0.0870144181550069,0.0767476130270934,0.0833644298771294,0.988,1,,0,0.3508,0.4532,0.6502
MP_whiting_HCR-A_Ftrgt-0.09_Btrigger-210000_TACconstr-FALSE_BB-FALSE_ObsRho-0.47_ObsSd-0.17.rds,MP_whiting,0.09,210000,A,FALSE,FALSE,0.47,0.17,0.09,119970,166708,18051.361399158,12774.4286609093,16102.5221190472,18315.4351522681,11916.8727355184,16063.2983086232,0.0379,0.0215,0.0624,0.0462,0.028,0.074,0.06,0.185138653839146,0.298645379333404,0.19836097486334,0.184084656974329,0.244715470202973,0.193858568056471,216107.393196772,172915.234826938,203048.715085316,0.084689572160617,0.071071591276285,0.0801674058496527,0.991,1,,0,0.476,0.5688,0.768
MP_whiting_HCR-A_Ftrgt-0.09_Btrigger-220000_TACconstr-FALSE_BB-FALSE_ObsRho-0.47_ObsSd-0.17.rds,MP_whiting,0.09,220000,A,FALSE,FALSE,0.47,0.17,0.09,119970,166708,17849.3053583811,12448.4022461094,15879.1991087167,17968.5040594221,11451.9276718195,15482.9190879804,0.0366,0.0203,0.0614,0.0444,0.027,0.073,0.058,0.193124738097217,0.304369184124195,0.207284546874315,0.192142984601671,0.25239637195845,0.201568639430923,216721.490816936,173214.476546452,203799.923015612,0.0830768821208458,0.0681023324917989,0.0779522598062198,0.991,1,,0,0.5359,0.6284,0.8194
MP_whiting_HCR-A_Ftrgt-0.09_Btrigger-230000_TACconstr-FALSE_BB-FALSE_ObsRho-0.47_ObsSd-0.17.rds,MP_whiting,0.09,230000,A,FALSE,FALSE,0.47,0.17,0.09,119970,166708,17627.2040354537,12117.3691143837,15638.3761014663,17395.4749515871,11004.6892808135,14943.4159568949,0.0355,0.0188,0.0606,0.0438,0.024,0.073,0.056,0.202687811356701,0.316102850234944,0.217008556103878,0.201955358517167,0.259887959174426,0.212296189848823,217564.958346696,173519.174246812,204577.080268176,0.0812458941391648,0.0653585398901688,0.0757262378023971,0.991,1,,0,0.5926,0.6812,0.8558
MP_whiting_HCR-A_Ftrgt-0.09_Btrigger-240000_TACconstr-FALSE_BB-FALSE_ObsRho-0.47_ObsSd-0.17.rds,MP_whiting,0.09,240000,A,FALSE,FALSE,0.47,0.17,0.09,119970,166708,17387.3957564032,11789.165263626,15382.1395535449,16820.4730347359,10625.1680629745,14453.7395073074,0.0342,0.0177,0.0592,0.0422,0.022,0.071,0.054,0.210098404282738,0.323680994218108,0.224060563854561,0.209934286056195,0.264566518205424,0.218716832738736,218292.002367124,173916.887360924,205265.485884397,0.0791850830258041,0.0627845969798424,0.0731644203640375,0.991,1,,0,0.6466,0.7278,0.8848
MP_whiting_HCR-A_Ftrgt-0.09_Btrigger-250000_TACconstr-FALSE_BB-FALSE_ObsRho-0.47_ObsSd-0.17.rds,MP_whiting,0.09,250000,A,FALSE,FALSE,0.47,0.17,0.09,119970,166708,17133.5253581372,11466.2172390576,15116.1036880858,16275.5415725962,10258.8283166251,14022.374759013,0.03345,0.0175,0.0584,0.0404,0.022,0.071,0.053,0.217843722418511,0.331587422427299,0.23144763797538,0.217279193683529,0.268036300192794,0.224720321397653,219156.656900968,174234.432916875,205959.605636364,0.0769367802487374,0.0603653248211726,0.0707570185460471,0.991,1,,0,0.6923,0.77,0.91
MP_whiting_HCR-A_Ftrgt-0.09_Btrigger-260000_TACconstr-FALSE_BB-FALSE_ObsRho-0.47_ObsSd-0.17.rds,MP_whiting,0.09,260000,A,FALSE,FALSE,0.47,0.17,0.09,119970,166708,16869.9766015975,11150.6340115414,14842.7483271344,15768.8715349833,9913.52267392796,13613.8001448944,0.0324,0.017,0.0566,0.039,0.021,0.069,0.051,0.224980115885704,0.338181740341599,0.236429319289776,0.224062303101483,0.27119423558313,0.229659707548435,219911.917524271,174620.452967212,206676.516895465,0.0747458873796182,0.0581992367297939,0.0684501564101867,0.991,1,,0,0.7331,0.8066,0.9276
MP_whiting_HCR-A_Ftrgt-0.09_Btrigger-2e+05_TACconstr-FALSE_BB-FALSE_ObsRho-0.47_ObsSd-0.17.rds,MP_whiting,0.09,2e+05,A,FALSE,FALSE,0.47,0.17,0.09,119970,166708,18229.4257022871,13089.4600845539,16306.1650350123,18366.9135228475,12433.7504672481,16656.6093620514,0.03925,0.0225,0.0636,0.0484,0.032,0.075,0.061,0.177199677093575,0.292440192154808,0.18961784323655,0.176888116338782,0.237829264619681,0.183805740548013,215541.975686945,172737.609112511,202343.056280782,0.0859124172049301,0.0740124600586912,0.0818722566141746,0.991,1,,0,0.4135,0.5116,0.7108
MP_whiting_HCR-A_Ftrgt-0.1_Btrigger-120000_TACconstr-FALSE_BB-FALSE_ObsRho-0.47_ObsSd-0.17.rds,MP_whiting,0.1,120000,A,FALSE,FALSE,0.47,0.17,0.1,119970,166708,20332.6495326445,16139.6138841746,18557.2709098218,19618.4619090225,15712.6779003387,18034.4957562182,0.0572,0.0365,0.0824,0.0734,0.052,0.109,0.086,0.141923700588405,0.192923054985126,0.141481186506132,0.141997780110823,0.15170800611336,0.138630468398783,209112.589224403,169387.635062048,196460.245631741,0.0989536455328573,0.0970784438805163,0.0977659032461671,0.975,1,,0,0.0523,0.0978,0.1346
MP_whiting_HCR-A_Ftrgt-0.1_Btrigger-130000_TACconstr-FALSE_BB-FALSE_ObsRho-0.47_ObsSd-0.17.rds,MP_whiting,0.1,130000,A,FALSE,FALSE,0.47,0.17,0.1,119970,166708,20326.8787331288,16038.608741012,18520.2696104949,19654.3827104082,15728.9040783061,18058.2613262047,0.0562,0.0359,0.0816,0.0714,0.051,0.108,0.084,0.143382353154144,0.202684389230084,0.143791044573036,0.143503043482691,0.159944474813303,0.140625574638317,209262.253495669,169430.050258622,196582.804766663,0.0988458241596283,0.0964641049135724,0.0975065794591402,0.978,1,,0,0.0778,0.1312,0.1942
MP_whiting_HCR-A_Ftrgt-0.1_Btrigger-140000_TACconstr-FALSE_BB-FALSE_ObsRho-0.47_ObsSd-0.17.rds,MP_whiting,0.1,140000,A,FALSE,FALSE,0.47,0.17,0.1,119970,166708,20307.8974648944,15902.9427540208,18468.9521823536,19690.3506341313,15737.5942595355,18080.476159518,0.05465,0.0348,0.0796,0.0694,0.048,0.103,0.083,0.145298378594991,0.212314155510337,0.146865337188355,0.14531910630806,0.172499763428908,0.144843088827573,209475.145494803,169583.069783947,196757.749774512,0.0987040375503319,0.0957845571379165,0.0970806251710481,0.979,1,,0,0.1077,0.1758,0.2658
MP_whiting_HCR-A_Ftrgt-0.1_Btrigger-150000_TACconstr-FALSE_BB-FALSE_ObsRho-0.47_ObsSd-0.17.rds,MP_whiting,0.1,150000,A,FALSE,FALSE,0.47,0.17,0.1,119970,166708,20271.4702973064,15728.5288105612,18398.0340660159,19717.3926942497,15742.0230306374,18135.0423487471,0.05275,0.0333,0.0774,0.067,0.045,0.1,0.082,0.148696992708185,0.22216555728885,0.152493966140473,0.14860590381233,0.183433050771193,0.150742108763595,209680.364046414,169805.467391432,197022.465253654,0.0985837233937456,0.0946891418488508,0.0964439530326571,0.979,1,,0,0.148,0.2226,0.3432
MP_whiting_HCR-A_Ftrgt-0.1_Btrigger-160000_TACconstr-FALSE_BB-FALSE_ObsRho-0.47_ObsSd-0.17.rds,MP_whiting,0.1,160000,A,FALSE,FALSE,0.47,0.17,0.1,119970,166708,20211.8082462726,15513.2643644276,18305.1250902122,19758.877154557,15740.8861117313,18166.3675901913,0.05,0.0313,0.0744,0.063,0.042,0.095,0.075,0.152522448461708,0.235514512600501,0.15907279188489,0.152574829785782,0.195350572302637,0.156578098816094,210078.981545591,170029.608018136,197324.638431173,0.0981987690462535,0.0930653679970705,0.0957814267455668,0.981,1,,0,0.1969,0.2776,0.428
MP_whiting_HCR-A_Ftrgt-0.1_Btrigger-170000_TACconstr-FALSE_BB-FALSE_ObsRho-0.47_ObsSd-0.17.rds,MP_whiting,0.1,170000,A,FALSE,FALSE,0.47,0.17,0.1,119970,166708,20126.7610149917,15260.3378481366,18187.9232298982,19784.8434773488,15546.298789868,18213.9497754946,0.0481,0.0299,0.0722,0.0604,0.04,0.091,0.073,0.158236422847502,0.248392287620001,0.166393553761325,0.158127667346316,0.20867621962294,0.16394336987653,210393.65906024,170300.963126688,197769.885488246,0.0975940943154848,0.0909274859095195,0.0949660645554112,0.982,1,,0,0.251,0.3394,0.5134
MP_whiting_HCR-A_Ftrgt-0.1_Btrigger-180000_TACconstr-FALSE_BB-FALSE_ObsRho-0.47_ObsSd-0.17.rds,MP_whiting,0.1,180000,A,FALSE,FALSE,0.47,0.17,0.1,119970,166708,20013.1784250726,14972.1133082527,18043.7675460634,19835.2584276234,14869.2005771433,18283.3889843096,0.04655,0.0285,0.071,0.0582,0.038,0.089,0.07,0.164967254883354,0.259183298867142,0.175966209616953,0.164796793388235,0.22052146370422,0.172102784314977,210971.977416949,170730.342166178,198253.811502111,0.0970355627479116,0.0880238022575786,0.0936097737211082,0.984,1,,0,0.3113,0.4036,0.5946
MP_whiting_HCR-A_Ftrgt-0.1_Btrigger-190000_TACconstr-FALSE_BB-FALSE_ObsRho-0.47_ObsSd-0.17.rds,MP_whiting,0.1,190000,A,FALSE,FALSE,0.47,0.17,0.1,119970,166708,19871.1024719832,14657.8413875796,17867.4710090294,19884.3607503749,14175.4313124295,18286.7121399954,0.0446,0.0272,0.068,0.056,0.037,0.086,0.066,0.172607847421036,0.267794628118728,0.18422383849882,0.17211006425339,0.231849905342866,0.180170148959697,211386.715745604,171188.526876449,198921.754817109,0.0960634639806824,0.0848539926608358,0.0919792380317397,0.985,1,,0,0.3717,0.4742,0.6594
MP_whiting_HCR-A_Ftrgt-0.1_Btrigger-210000_TACconstr-FALSE_BB-FALSE_ObsRho-0.47_ObsSd-0.17.rds,MP_whiting,0.1,210000,A,FALSE,FALSE,0.47,0.17,0.1,119970,166708,19503.1040460594,13981.4292366956,17441.3557082208,19797.0592914802,12998.4053107234,17235.9776178329,0.0411,0.0242,0.0652,0.0508,0.033,0.078,0.062,0.189598508492947,0.286206903693357,0.202729319986864,0.189074955554347,0.247811945674259,0.197433286952325,212570.827376471,171902.040870551,200332.243489525,0.0932656469654212,0.0784577484662471,0.0881206200479908,0.988,1,,0,0.5,0.5878,0.7762
MP_whiting_HCR-A_Ftrgt-0.1_Btrigger-220000_TACconstr-FALSE_BB-FALSE_ObsRho-0.47_ObsSd-0.17.rds,MP_whiting,0.1,220000,A,FALSE,FALSE,0.47,0.17,0.1,119970,166708,19281.4441590961,13624.8634025485,17196.4422444336,19291.1552558346,12504.5302922544,16652.1862958918,0.0397,0.0231,0.0636,0.049,0.033,0.075,0.061,0.198548127515219,0.296543679150662,0.211694969410401,0.19782202345041,0.254293447147005,0.20609739951905,213338.127158055,172212.857922029,200934.364970957,0.0914429215797679,0.0751675685957867,0.0857271403074872,0.991,1,,0,0.5577,0.6448,0.8256
MP_whiting_HCR-A_Ftrgt-0.1_Btrigger-230000_TACconstr-FALSE_BB-FALSE_ObsRho-0.47_ObsSd-0.17.rds,MP_whiting,0.1,230000,A,FALSE,FALSE,0.47,0.17,0.1,119970,166708,19038.5949808838,13263.8069808592,16933.4070932412,18642.6003543896,12040.6816386872,16107.554898505,0.0385,0.022,0.063,0.047,0.031,0.074,0.061,0.207028510602097,0.305072490582101,0.220751166554332,0.206250876101723,0.260177491637252,0.215762881940544,214040.465967158,172555.576054001,201619.598170945,0.0893130814840428,0.0721365135025156,0.0830222199243763,0.991,1,,0,0.6136,0.698,0.8618
MP_whiting_HCR-A_Ftrgt-0.1_Btrigger-240000_TACconstr-FALSE_BB-FALSE_ObsRho-0.47_ObsSd-0.17.rds,MP_whiting,0.1,240000,A,FALSE,FALSE,0.47,0.17,0.1,119970,166708,18777.056738369,12906.3369106903,16655.2693117079,18046.8410018655,11614.0390661678,15598.9665622714,0.0373,0.0209,0.062,0.0454,0.027,0.074,0.059,0.21456066829791,0.313885089928538,0.227253301549858,0.21456066829791,0.26577931877566,0.221810416603991,214916.358823871,172950.282769891,202420.815959823,0.0868008752813884,0.0693737311895965,0.0802463978664139,0.991,1,,0,0.6651,0.7416,0.889
MP_whiting_HCR-A_Ftrgt-0.1_Btrigger-250000_TACconstr-FALSE_BB-FALSE_ObsRho-0.47_ObsSd-0.17.rds,MP_whiting,0.1,250000,A,FALSE,FALSE,0.47,0.17,0.1,119970,166708,18501.4197945567,12555.1270344993,16366.76312703,17502.7453584058,11206.0602899716,15119.8813964598,0.0362,0.0197,0.0612,0.0442,0.025,0.073,0.057,0.221450290654898,0.322931594860753,0.234404218999153,0.221059765189298,0.268466299105003,0.22752952115443,215831.89738099,173210.912717492,203390.449237283,0.0844460131820449,0.0668002888172572,0.0776034579224527,0.991,1,,0,0.7085,0.7828,0.9134
MP_whiting_HCR-A_Ftrgt-0.1_Btrigger-260000_TACconstr-FALSE_BB-FALSE_ObsRho-0.47_ObsSd-0.17.rds,MP_whiting,0.1,260000,A,FALSE,FALSE,0.47,0.17,0.1,119970,166708,18215.8308232714,12212.1966968366,16070.8531603791,16987.027953817,10821.6665000415,14681.7699586554,0.03485,0.0182,0.0598,0.0432,0.023,0.071,0.054,0.22871793710942,0.32898912807326,0.238534506677802,0.22838781288971,0.270733771761839,0.231974273973447,216619.336363117,173510.986856443,204173.867618596,0.0819004195299735,0.0643152270565309,0.0750734925101226,0.991,1,,0,0.7492,0.819,0.9302
MP_whiting_HCR-A_Ftrgt-0.1_Btrigger-2e+05_TACconstr-FALSE_BB-FALSE_ObsRho-0.47_ObsSd-0.17.rds,MP_whiting,0.1,2e+05,A,FALSE,FALSE,0.47,0.17,0.1,119970,166708,19700.7155438564,14326.5827859612,17664.5244519674,19897.6566392603,13551.4179975813,17908.7659965743,0.043,0.0259,0.0666,0.0536,0.037,0.083,0.064,0.180281208761648,0.277060559957755,0.192325076259917,0.180006900231642,0.241286601612655,0.186912993379233,212005.36033742,171556.571805293,199627.567340216,0.0947999318986181,0.0816602232522167,0.090272206185322,0.987,1,,0,0.4376,0.5306,0.7192
MP_whiting_HCR-A_Ftrgt-0.11_Btrigger-120000_TACconstr-FALSE_BB-FALSE_ObsRho-0.47_ObsSd-0.17.rds,MP_whiting,0.11,120000,A,FALSE,FALSE,0.47,0.17,0.11,119970,166708,21800.3630289544,17514.4861714678,19937.4439348436,21066.3825982752,17082.9967968919,19388.9985239976,0.0634,0.0416,0.089,0.0814,0.061,0.116,0.093,0.143117011372749,0.183749246111798,0.142640509746077,0.143227686230894,0.152666017723802,0.140785451510149,205452.97415266,167842.026914374,193399.47540771,0.108634206954661,0.106624364450623,0.107294897540257,0.968,1,,0,0.0585,0.1062,0.1428
MP_whiting_HCR-A_Ftrgt-0.11_Btrigger-130000_TACconstr-FALSE_BB-FALSE_ObsRho-0.47_ObsSd-0.17.rds,MP_whiting,0.11,130000,A,FALSE,FALSE,0.47,0.17,0.11,119970,166708,21793.7337214587,17401.5451449701,19895.5431915717,21081.0432201672,17105.5312574344,19416.1176312135,0.0612,0.0393,0.0874,0.0788,0.057,0.113,0.091,0.145127090016735,0.192288475622272,0.145824549386351,0.145209408503283,0.161616876326971,0.143365920832465,205555.295685625,168017.478333175,193471.273583142,0.108549967610581,0.105991608173374,0.106958440004068,0.97,1,,0,0.0872,0.1428,0.2042
MP_whiting_HCR-A_Ftrgt-0.11_Btrigger-140000_TACconstr-FALSE_BB-FALSE_ObsRho-0.47_ObsSd-0.17.rds,MP_whiting,0.11,140000,A,FALSE,FALSE,0.47,0.17,0.11,119970,166708,21771.8718591387,17250.5488421063,19836.8130963098,21127.3999003128,17125.0608821163,19454.1250917793,0.059,0.0376,0.0856,0.0752,0.053,0.111,0.089,0.147633066757929,0.202723857177482,0.1492026839351,0.147741698597854,0.173067980395304,0.147196679110305,205694.684415562,168190.066094281,193696.838274562,0.108405580870739,0.105277196469261,0.106426800649201,0.975,1,,0,0.1202,0.1886,0.2748
MP_whiting_HCR-A_Ftrgt-0.11_Btrigger-150000_TACconstr-FALSE_BB-FALSE_ObsRho-0.47_ObsSd-0.17.rds,MP_whiting,0.11,150000,A,FALSE,FALSE,0.47,0.17,0.11,119970,166708,21728.7980300808,17057.2630120305,19758.4463746557,21158.5927764477,17133.2227320621,19512.5865808025,0.0571,0.0365,0.0834,0.072,0.051,0.108,0.085,0.151144822359127,0.211928689336793,0.154430112444222,0.151088175974891,0.184663811860195,0.151993530580345,206054.314642992,168392.774710964,193976.296649252,0.108094429774145,0.104024032012997,0.105796261236673,0.977,1,,0,0.1629,0.2376,0.3544
MP_whiting_HCR-A_Ftrgt-0.11_Btrigger-160000_TACconstr-FALSE_BB-FALSE_ObsRho-0.47_ObsSd-0.17.rds,MP_whiting,0.11,160000,A,FALSE,FALSE,0.47,0.17,0.11,119970,166708,21659.9276375389,16819.9396898393,19655.6174282528,21193.0975383339,17105.5312574344,19580.9632181623,0.05575,0.0358,0.0812,0.0702,0.05,0.103,0.084,0.15570687643554,0.221561467238928,0.161818406617722,0.155706876435541,0.196499219192786,0.158501552916119,206345.026087654,168627.569104522,194304.363834887,0.107621846054845,0.102342378209311,0.10497194170292,0.978,1,,0,0.2155,0.294,0.4392
MP_whiting_HCR-A_Ftrgt-0.11_Btrigger-170000_TACconstr-FALSE_BB-FALSE_ObsRho-0.47_ObsSd-0.17.rds,MP_whiting,0.11,170000,A,FALSE,FALSE,0.47,0.17,0.11,119970,166708,21563.8839084144,16541.4358475976,19525.9083936084,21267.8726335627,16812.3677737837,19638.7545426916,0.0532,0.0337,0.0786,0.0668,0.045,0.099,0.08,0.161635608714001,0.234994297719903,0.169800198208305,0.161544530807642,0.209281703840636,0.166896234530773,206820.486754375,168952.498743629,194711.51043635,0.106963308186747,0.0999025068744494,0.10390683127655,0.978,1,,0,0.2707,0.357,0.5248
MP_whiting_HCR-A_Ftrgt-0.11_Btrigger-180000_TACconstr-FALSE_BB-FALSE_ObsRho-0.47_ObsSd-0.17.rds,MP_whiting,0.11,180000,A,FALSE,FALSE,0.47,0.17,0.11,119970,166708,21435.7595371864,16226.7726550183,19366.2204450472,21312.8660060484,16076.4487068823,19700.6386127113,0.05065,0.0318,0.0754,0.0636,0.042,0.095,0.076,0.169045302762049,0.244855190552446,0.179342981287177,0.168991637958454,0.22213076855211,0.17490826041811,207323.81400833,169376.900323981,195364.134269031,0.106188559674811,0.0963743652459284,0.102369734443635,0.98,1,,0,0.3342,0.4238,0.6018
MP_whiting_HCR-A_Ftrgt-0.11_Btrigger-190000_TACconstr-FALSE_BB-FALSE_ObsRho-0.47_ObsSd-0.17.rds,MP_whiting,0.11,190000,A,FALSE,FALSE,0.47,0.17,0.11,119970,166708,21277.5128571416,15885.4432898878,19172.2732447198,21369.2150532266,15346.6050648784,19584.0510030532,0.0483,0.0302,0.0728,0.06,0.041,0.091,0.072,0.17674223818618,0.255652973935536,0.186299382270343,0.17608259705396,0.234112385920168,0.181930735352737,207898.022995291,169819.680272301,196145.808055744,0.104997841805528,0.0928759129380839,0.100411148718248,0.982,1,,0,0.3952,0.493,0.6686
MP_whiting_HCR-A_Ftrgt-0.11_Btrigger-210000_TACconstr-FALSE_BB-FALSE_ObsRho-0.47_ObsSd-0.17.rds,MP_whiting,0.11,210000,A,FALSE,FALSE,0.47,0.17,0.11,119970,166708,20871.5723890399,15151.5699499426,18710.9853791863,21111.68386381,14075.2138141173,18400.6273414365,0.04475,0.0272,0.0686,0.056,0.037,0.087,0.066,0.19409166024086,0.276926248420054,0.205518554078401,0.193752284125241,0.249809521753606,0.200328123898138,209217.698311969,170721.573573334,197510.978001827,0.101694730292185,0.0855854165545193,0.0961613710634053,0.985,1,,0,0.5219,0.6088,0.7832
MP_whiting_HCR-A_Ftrgt-0.11_Btrigger-220000_TACconstr-FALSE_BB-FALSE_ObsRho-0.47_ObsSd-0.17.rds,MP_whiting,0.11,220000,A,FALSE,FALSE,0.47,0.17,0.11,119970,166708,20630.6502408547,14766.104052387,18445.4262212708,20499.4640308017,13511.7114102707,17789.5307462713,0.04325,0.026,0.067,0.054,0.037,0.083,0.065,0.202354278267253,0.286200985762027,0.215636583373551,0.201975486177645,0.257194736286388,0.210391241296922,210134.5715837,171195.908997286,198104.52289706,0.099598798901302,0.0820870510292434,0.0933067769347939,0.987,1,,0,0.5796,0.6634,0.8316
MP_whiting_HCR-A_Ftrgt-0.11_Btrigger-230000_TACconstr-FALSE_BB-FALSE_ObsRho-0.47_ObsSd-0.17.rds,MP_whiting,0.11,230000,A,FALSE,FALSE,0.47,0.17,0.11,119970,166708,20367.7762549839,14376.2011308408,18161.1408798908,19781.5810609344,13018.1137195817,17200.0403169868,0.042,0.0251,0.066,0.0518,0.035,0.079,0.064,0.211078125680131,0.296436187772351,0.225334629999992,0.210777930520107,0.26103563040797,0.218596838567164,210961.791074395,171547.295613378,198899.496447483,0.0972048119757528,0.078814660846419,0.0901302885557987,0.988,1,,0,0.6342,0.7142,0.867
MP_whiting_HCR-A_Ftrgt-0.11_Btrigger-240000_TACconstr-FALSE_BB-FALSE_ObsRho-0.47_ObsSd-0.17.rds,MP_whiting,0.11,240000,A,FALSE,FALSE,0.47,0.17,0.11,119970,166708,20086.2222752389,13990.7971006303,17862.380947224,19193.4522392848,12578.9883865155,16658.2345164675,0.04,0.0233,0.0638,0.0496,0.033,0.076,0.061,0.21970813322361,0.305954589513785,0.230949334942039,0.219431382865891,0.265622982166892,0.225851135784249,211802.318607774,171969.974111843,199824.508952382,0.0943431620315229,0.0758442920237784,0.0871638685262227,0.99,1,,0,0.6829,0.7586,0.8932
MP_whiting_HCR-A_Ftrgt-0.11_Btrigger-250000_TACconstr-FALSE_BB-FALSE_ObsRho-0.47_ObsSd-0.17.rds,MP_whiting,0.11,250000,A,FALSE,FALSE,0.47,0.17,0.11,119970,166708,19791.1829438222,13612.7687448599,17552.5620948137,18622.3674694079,12153.350781459,16166.8924823242,0.03875,0.0223,0.063,0.0474,0.032,0.074,0.061,0.225727537297071,0.313919342036553,0.237267270636802,0.225370990715629,0.269620020124844,0.230051962091239,212666.76606033,172333.393349192,200702.476695279,0.0915106099828134,0.0730045539282908,0.0841877928290703,0.991,1,,0,0.726,0.7952,0.9164
MP_whiting_HCR-A_Ftrgt-0.11_Btrigger-260000_TACconstr-FALSE_BB-FALSE_ObsRho-0.47_ObsSd-0.17.rds,MP_whiting,0.11,260000,A,FALSE,FALSE,0.47,0.17,0.11,119970,166708,19486.2435554436,13243.6222512899,17236.9222303205,18074.2647519581,11756.7514203612,15696.5033017405,0.03765,0.0212,0.0624,0.0458,0.029,0.074,0.059,0.232264602288529,0.320267253528219,0.241118948249639,0.23149792406022,0.27176254743391,0.234669042868054,213579.952033301,172761.750832641,201514.284780068,0.0887183513625641,0.0702975484288869,0.0814661693873918,0.991,1,,0,0.7647,0.8282,0.9338
MP_whiting_HCR-A_Ftrgt-0.11_Btrigger-2e+05_TACconstr-FALSE_BB-FALSE_ObsRho-0.47_ObsSd-0.17.rds,MP_whiting,0.11,2e+05,A,FALSE,FALSE,0.47,0.17,0.11,119970,166708,21088.3989680454,15526.077047593,18952.7270546088,21355.6233587516,14686.418905631,19064.7601814563,0.04665,0.0285,0.0714,0.0582,0.039,0.09,0.071,0.185312874556954,0.266032361347422,0.197055026096198,0.184781201929275,0.244610845646677,0.19214388695428,208556.299840671,170269.199216863,196662.644870384,0.103466338588108,0.0893061681576968,0.0983858425653915,0.984,1,,0,0.4602,0.5474,0.7284
MP_whiting_HCR-A_Ftrgt-0.12_Btrigger-120000_TACconstr-FALSE_BB-FALSE_ObsRho-0.47_ObsSd-0.17.rds,MP_whiting,0.12,120000,A,FALSE,FALSE,0.47,0.17,0.12,119970,166708,23190.0473359237,18851.4993640621,21250.6010502021,22432.337742383,18413.0947843514,20695.5297138713,0.07045,0.0486,0.0938,0.0908,0.066,0.123,0.108,0.145026715505128,0.173924630807946,0.144632806539709,0.145066544557573,0.153395251210506,0.142550816550347,201828.69300442,166456.983458061,190304.245596665,0.118299183851448,0.116311249278955,0.116786077832433,0.965,1,,0,0.0679,0.1148,0.1486
MP_whiting_HCR-A_Ftrgt-0.12_Btrigger-130000_TACconstr-FALSE_BB-FALSE_ObsRho-0.47_ObsSd-0.17.rds,MP_whiting,0.12,130000,A,FALSE,FALSE,0.47,0.17,0.12,119970,166708,23182.3811890886,18726.2131961935,21203.211181406,22458.7628837787,18425.574280724,20716.921929776,0.0676,0.0457,0.0914,0.0876,0.063,0.119,0.105,0.14685166426428,0.182126039745195,0.147236826170267,0.14697580278461,0.162622455904706,0.145251882718279,201996.813569144,166587.257318079,190444.024166201,0.118174749826308,0.115643775758215,0.116415538635464,0.967,1,,0,0.098,0.1552,0.2112
MP_whiting_HCR-A_Ftrgt-0.12_Btrigger-140000_TACconstr-FALSE_BB-FALSE_ObsRho-0.47_ObsSd-0.17.rds,MP_whiting,0.12,140000,A,FALSE,FALSE,0.47,0.17,0.12,119970,166708,23157.2616722791,18559.6206368753,21137.3337550034,22496.4098099153,18441.6234581902,20770.0223275494,0.06475,0.0423,0.0898,0.0846,0.06,0.116,0.1,0.149594870098725,0.191445529688564,0.152180727133013,0.149608017308186,0.173797061153474,0.15021585354173,202186.643917394,166873.67710911,190591.988551314,0.117919720472134,0.114745124803908,0.115879758477542,0.969,1,,0,0.1333,0.2018,0.2832
MP_whiting_HCR-A_Ftrgt-0.12_Btrigger-150000_TACconstr-FALSE_BB-FALSE_ObsRho-0.47_ObsSd-0.17.rds,MP_whiting,0.12,150000,A,FALSE,FALSE,0.47,0.17,0.12,119970,166708,23108.3037208658,18347.2420549273,21050.9645084122,22539.3999470964,18463.4014085823,20828.468656673,0.0623,0.0399,0.0884,0.081,0.056,0.114,0.097,0.153375029881853,0.201958052971592,0.15730825096425,0.153414661494922,0.1858453483369,0.154235103884261,202489.596505935,167101.071024309,190765.630027493,0.117576173214168,0.113422984124319,0.114986943815162,0.971,1,,0,0.1804,0.2548,0.3632
MP_whiting_HCR-A_Ftrgt-0.12_Btrigger-160000_TACconstr-FALSE_BB-FALSE_ObsRho-0.47_ObsSd-0.17.rds,MP_whiting,0.12,160000,A,FALSE,FALSE,0.47,0.17,0.12,119970,166708,23030.9964911232,18087.7789044731,20938.4752003427,22598.5049708108,18422.1878222353,20888.2936929271,0.06035,0.0385,0.086,0.0784,0.053,0.11,0.094,0.159020908175596,0.211999902430351,0.165084900497402,0.15911293831982,0.197798109456166,0.161835449827154,202909.626642848,167290.839799657,191279.415455411,0.117016652802476,0.111402900688988,0.114049337807159,0.976,1,,0,0.2315,0.3126,0.45
MP_whiting_HCR-A_Ftrgt-0.12_Btrigger-170000_TACconstr-FALSE_BB-FALSE_ObsRho-0.47_ObsSd-0.17.rds,MP_whiting,0.12,170000,A,FALSE,FALSE,0.47,0.17,0.12,119970,166708,22922.8471598805,17783.9182627972,20796.597819843,22660.0809889291,18070.4292307937,20972.5847789334,0.05805,0.0371,0.0838,0.0742,0.05,0.107,0.091,0.16539602687519,0.221558238017378,0.173453676511544,0.16539602687519,0.211326283896622,0.170295003411021,203422.204779351,167625.785108548,191856.285959009,0.116285905256268,0.108535942661916,0.112612630786399,0.977,1,,0,0.2937,0.3778,0.5342
MP_whiting_HCR-A_Ftrgt-0.12_Btrigger-180000_TACconstr-FALSE_BB-FALSE_ObsRho-0.47_ObsSd-0.17.rds,MP_whiting,0.12,180000,A,FALSE,FALSE,0.47,0.17,0.12,119970,166708,22780.459322979,17444.0159901004,20621.0008466055,22731.4484210872,17263.2561332495,21017.6194843374,0.0555,0.0361,0.0804,0.0694,0.049,0.101,0.086,0.172480263054548,0.234420021820188,0.182000418639609,0.172401627966723,0.225326458010135,0.177843916815958,203925.567259002,168026.20929465,192403.924920503,0.115202514296742,0.104659247091855,0.110923151743091,0.978,1,,0,0.3544,0.445,0.6096
MP_whiting_HCR-A_Ftrgt-0.12_Btrigger-190000_TACconstr-FALSE_BB-FALSE_ObsRho-0.47_ObsSd-0.17.rds,MP_whiting,0.12,190000,A,FALSE,FALSE,0.47,0.17,0.12,119970,166708,22606.4159739895,17075.9618003013,20410.4571252447,22798.6366379121,16453.7532192729,20814.9776707883,0.05305,0.0339,0.0772,0.0672,0.044,0.097,0.082,0.180730375857621,0.247375830312745,0.190566950347338,0.180587206266336,0.236172384758933,0.185158703138044,204604.669356824,168640.316828136,192959.998491309,0.113787001194917,0.100823397536641,0.108848145481423,0.978,1,,0,0.4192,0.5068,0.6766
MP_whiting_HCR-A_Ftrgt-0.12_Btrigger-210000_TACconstr-FALSE_BB-FALSE_ObsRho-0.47_ObsSd-0.17.rds,MP_whiting,0.12,210000,A,FALSE,FALSE,0.47,0.17,0.12,119970,166708,22164.3132260072,16286.8356522728,19914.0245221385,22298.4714942056,15120.8583830464,19464.9542786708,0.04815,0.0302,0.0724,0.0598,0.041,0.09,0.072,0.198061786945502,0.270545534540155,0.209060351872966,0.197747167814871,0.252577068608583,0.203752096148102,206165.530267644,169546.097763134,194474.801749417,0.109911655463915,0.0927105562903008,0.103734399835734,0.983,1,,0,0.5423,0.6276,0.789
MP_whiting_HCR-A_Ftrgt-0.12_Btrigger-220000_TACconstr-FALSE_BB-FALSE_ObsRho-0.47_ObsSd-0.17.rds,MP_whiting,0.12,220000,A,FALSE,FALSE,0.47,0.17,0.12,119970,166708,21904.3051631819,15873.2460973154,19629.6616621916,21560.5116092322,14538.7012571928,18815.5282497289,0.04655,0.0287,0.0706,0.0582,0.039,0.09,0.071,0.206697439560904,0.279989984572724,0.21989273342041,0.206259907410432,0.257974713974785,0.214181675809433,207010.894404057,170078.570954651,195390.319559556,0.107669927466029,0.0889759026145848,0.100510223167368,0.984,1,,0,0.5996,0.6814,0.8378
MP_whiting_HCR-A_Ftrgt-0.12_Btrigger-230000_TACconstr-FALSE_BB-FALSE_ObsRho-0.47_ObsSd-0.17.rds,MP_whiting,0.12,230000,A,FALSE,FALSE,0.47,0.17,0.12,119970,166708,21621.9687868195,15455.7914317879,19325.8811260595,20859.3939379313,13995.1264100725,18192.1953153309,0.0447,0.0273,0.0682,0.056,0.037,0.085,0.066,0.215923488091833,0.289557394093637,0.227864631823315,0.215423818783041,0.261924008436663,0.222580075428014,207884.66775204,170453.250402264,196365.460658161,0.104680830603779,0.0853706504683363,0.0971032392084208,0.985,1,,0,0.6532,0.7286,0.8726
MP_whiting_HCR-A_Ftrgt-0.12_Btrigger-240000_TACconstr-FALSE_BB-FALSE_ObsRho-0.47_ObsSd-0.17.rds,MP_whiting,0.12,240000,A,FALSE,FALSE,0.47,0.17,0.12,119970,166708,21321.3384972876,15043.9109683759,19007.3540494725,20225.0072064616,13493.6092486583,17641.4394129651,0.0433,0.0261,0.067,0.054,0.037,0.083,0.065,0.22385239126624,0.296655102679616,0.234377870339046,0.223502736226724,0.265734432716022,0.229224974700889,208747.102954375,170837.967761887,197365.87978011,0.101638545530176,0.0821095036297375,0.0937145246863251,0.987,1,,0,0.702,0.7724,0.8974
MP_whiting_HCR-A_Ftrgt-0.12_Btrigger-250000_TACconstr-FALSE_BB-FALSE_ObsRho-0.47_ObsSd-0.17.rds,MP_whiting,0.12,250000,A,FALSE,FALSE,0.47,0.17,0.12,119970,166708,21007.9444107692,14640.3915758068,18678.4526885791,19610.3682230116,13041.3574741206,17141.5190906236,0.0422,0.0253,0.066,0.0522,0.035,0.079,0.065,0.22982472482032,0.303818968627646,0.239691218829771,0.229306324436981,0.269303340296976,0.233707766192112,209640.55518711,171220.742938652,198255.901148014,0.0985992769445506,0.0791051625023954,0.0906888685384254,0.988,1,,0,0.7416,0.8074,0.92
MP_whiting_HCR-A_Ftrgt-0.12_Btrigger-260000_TACconstr-FALSE_BB-FALSE_ObsRho-0.47_ObsSd-0.17.rds,MP_whiting,0.12,260000,A,FALSE,FALSE,0.47,0.17,0.12,119970,166708,20684.5554190391,14246.2082271076,18345.418255825,19061.825007911,12632.9997947616,16644.810728554,0.0405,0.0236,0.0648,0.05,0.033,0.077,0.061,0.236731649288564,0.310495733393458,0.244107339553009,0.236122858274543,0.27101034471662,0.237664317187463,210633.892249105,171631.690145426,199248.72914039,0.0955075502688347,0.0761340681813374,0.0877543720941127,0.99,1,,0,0.781,0.837,0.9366
MP_whiting_HCR-A_Ftrgt-0.12_Btrigger-2e+05_TACconstr-FALSE_BB-FALSE_ObsRho-0.47_ObsSd-0.17.rds,MP_whiting,0.12,2e+05,A,FALSE,FALSE,0.47,0.17,0.12,119970,166708,22399.6160018723,16689.2065155061,20174.5049263098,22717.3806035713,15743.5740960631,20208.2409526696,0.05035,0.0319,0.075,0.0626,0.041,0.094,0.076,0.188723537395544,0.259930150427177,0.200561390596655,0.18844932068842,0.245443745981202,0.196080696607738,205243.699088716,169086.937225415,193604.838839626,0.111906957382683,0.0966995628661712,0.106288364124289,0.981,1,,0,0.4824,0.5662,0.7354
MP_whiting_HCR-A_Ftrgt-0.13_Btrigger-120000_TACconstr-FALSE_BB-FALSE_ObsRho-0.47_ObsSd-0.17.rds,MP_whiting,0.13,120000,A,FALSE,FALSE,0.47,0.17,0.13,119970,166708,24506.3215504194,20152.0353961367,22499.2566790728,23731.1377512781,19695.2340400119,21953.7317379305,0.0789,0.0569,0.1008,0.101,0.076,0.135,0.123,0.146308199854929,0.167467092034655,0.145946458877004,0.146356000767749,0.155199085663609,0.144152062596732,198483.843749738,165138.000024304,187123.196607236,0.127855208644166,0.126143198429065,0.126317851997301,0.961,1,,0,0.0771,0.1274,0.1538
MP_whiting_HCR-A_Ftrgt-0.13_Btrigger-130000_TACconstr-FALSE_BB-FALSE_ObsRho-0.47_ObsSd-0.17.rds,MP_whiting,0.13,130000,A,FALSE,FALSE,0.47,0.17,0.13,119970,166708,24497.1051065298,20013.6400360989,22446.2938366418,23769.069058226,19709.7157278768,21987.8100748535,0.07555,0.0533,0.0978,0.0978,0.073,0.132,0.115,0.148548241689728,0.173456006931132,0.149220854347595,0.148851801551697,0.16523241535662,0.146467675845435,198659.97557611,165275.872239248,187426.961541207,0.127712040885953,0.125196307699537,0.12584748412362,0.964,1,,0,0.1083,0.1692,0.2204
MP_whiting_HCR-A_Ftrgt-0.13_Btrigger-140000_TACconstr-FALSE_BB-FALSE_ObsRho-0.47_ObsSd-0.17.rds,MP_whiting,0.13,140000,A,FALSE,FALSE,0.47,0.17,0.13,119970,166708,24468.1689521714,19831.4960308568,22374.1079006583,23798.9705585116,19738.254325167,22040.4418349281,0.0717,0.0489,0.096,0.093,0.07,0.126,0.11,0.151547010541747,0.183228412322006,0.153754939748681,0.151742568568528,0.174518990836651,0.152390873269585,198888.901377895,165390.316349498,187755.356046585,0.127499783730896,0.124175822148406,0.124875309152595,0.965,1,,0,0.1474,0.2148,0.2916
MP_whiting_HCR-A_Ftrgt-0.13_Btrigger-150000_TACconstr-FALSE_BB-FALSE_ObsRho-0.47_ObsSd-0.17.rds,MP_whiting,0.13,150000,A,FALSE,FALSE,0.47,0.17,0.13,119970,166708,24413.3411895934,19599.7939974146,22280.3299001948,23852.7802909012,19754.2322781133,22090.9982814681,0.0682,0.0453,0.0934,0.0888,0.063,0.123,0.104,0.156279516862143,0.191744890501406,0.159310425891156,0.156472441366468,0.185486530424881,0.157162911938429,199168.746983701,165662.474505996,187971.992404085,0.126868537676744,0.122671213044545,0.123985283753958,0.969,1,,0,0.1952,0.267,0.3748
MP_whiting_HCR-A_Ftrgt-0.13_Btrigger-160000_TACconstr-FALSE_BB-FALSE_ObsRho-0.47_ObsSd-0.17.rds,MP_whiting,0.13,160000,A,FALSE,FALSE,0.47,0.17,0.13,119970,166708,24327.7161269401,19317.8104834772,22157.5096507646,23935.0931045978,19694.5419528558,22177.7069600156,0.06575,0.0432,0.0916,0.085,0.061,0.119,0.1,0.162059061590564,0.202611323978522,0.168399748909586,0.162596770220774,0.199206085560892,0.164516782266843,199566.17335926,165958.757022313,188329.770365502,0.126201747787089,0.120504328227163,0.122969858832246,0.969,1,,0,0.2497,0.3302,0.461
MP_whiting_HCR-A_Ftrgt-0.13_Btrigger-170000_TACconstr-FALSE_BB-FALSE_ObsRho-0.47_ObsSd-0.17.rds,MP_whiting,0.13,170000,A,FALSE,FALSE,0.47,0.17,0.13,119970,166708,24208.0679620869,18989.2421901421,22002.8448080012,24015.491315595,19233.2897034399,22235.6107480462,0.06235,0.04,0.0886,0.0808,0.055,0.117,0.097,0.16836357327146,0.214054613540061,0.177465517410447,0.168500361568438,0.214054613540061,0.173867477170181,200134.705003067,166383.833833159,188850.253767283,0.125498142540576,0.117118282101327,0.121443045877199,0.974,1,,0,0.3118,0.3972,0.5452
MP_whiting_HCR-A_Ftrgt-0.13_Btrigger-180000_TACconstr-FALSE_BB-FALSE_ObsRho-0.47_ObsSd-0.17.rds,MP_whiting,0.13,180000,A,FALSE,FALSE,0.47,0.17,0.13,119970,166708,24052.4297137994,18624.9557307067,21812.3348120377,24107.5865874921,18355.1757295173,22294.6357948222,0.0599,0.0384,0.0864,0.0764,0.053,0.113,0.093,0.176018905664986,0.227707346956179,0.185576150155779,0.176031343933701,0.226563009241466,0.18112782701201,200719.429535676,166838.563814736,189409.043139122,0.124043284399449,0.112867062170797,0.119283813218996,0.977,1,,0,0.3733,0.4654,0.6194
MP_whiting_HCR-A_Ftrgt-0.13_Btrigger-190000_TACconstr-FALSE_BB-FALSE_ObsRho-0.47_ObsSd-0.17.rds,MP_whiting,0.13,190000,A,FALSE,FALSE,0.47,0.17,0.13,119970,166708,23862.6479682181,18231.1649666265,21586.6278004574,24122.8876398601,17524.9062712466,21985.7781330177,0.05755,0.0374,0.083,0.0724,0.051,0.105,0.09,0.184132981406035,0.243794789901881,0.194320435353751,0.183575668712262,0.238132221969221,0.188808524078562,201433.42242446,167268.724536127,190148.948680686,0.122425425477095,0.108671216245197,0.116902191702568,0.978,1,,0,0.4402,0.5268,0.6828
MP_whiting_HCR-A_Ftrgt-0.13_Btrigger-210000_TACconstr-FALSE_BB-FALSE_ObsRho-0.47_ObsSd-0.17.rds,MP_whiting,0.13,210000,A,FALSE,FALSE,0.47,0.17,0.13,119970,166708,23386.8011776063,17388.5061300325,21055.8102844565,23360.4152120124,16101.426691508,20483.4351914133,0.0521,0.0337,0.0766,0.0644,0.043,0.097,0.076,0.202447380585094,0.266978009546504,0.212955852288095,0.201849996766836,0.2546795038123,0.208159998813006,203120.934705759,168203.370853749,191923.577435572,0.118027195635128,0.099674174403472,0.110993460336022,0.979,1,,0,0.5608,0.643,0.7952
MP_whiting_HCR-A_Ftrgt-0.13_Btrigger-220000_TACconstr-FALSE_BB-FALSE_ObsRho-0.47_ObsSd-0.17.rds,MP_whiting,0.13,220000,A,FALSE,FALSE,0.47,0.17,0.13,119970,166708,23108.6936595641,16947.6430893537,20752.9754155774,22560.823524409,15489.0852660943,19812.6896812805,0.0499,0.0319,0.0742,0.0616,0.041,0.094,0.074,0.211001032378173,0.275910345287434,0.224056840398003,0.210618021922703,0.260615808693271,0.21796622079653,204008.414748372,168814.531365615,192882.385491786,0.115240905073868,0.0955797365289276,0.107459501342273,0.982,1,,0,0.6198,0.696,0.8434
MP_whiting_HCR-A_Ftrgt-0.13_Btrigger-230000_TACconstr-FALSE_BB-FALSE_ObsRho-0.47_ObsSd-0.17.rds,MP_whiting,0.13,230000,A,FALSE,FALSE,0.47,0.17,0.13,119970,166708,22807.7256843805,16504.1283995206,20431.0089376434,21861.2777686503,14938.8040448028,19142.4241014706,0.04825,0.0306,0.0724,0.0594,0.041,0.09,0.072,0.220311457721279,0.283695257824402,0.231217969041747,0.219806382223697,0.263746275949796,0.226277320512591,205038.56441245,169311.282240503,193938.337041809,0.111994305466162,0.0918609698714772,0.103926970386924,0.984,1,,0,0.6721,0.744,0.8766
MP_whiting_HCR-A_Ftrgt-0.13_Btrigger-240000_TACconstr-FALSE_BB-FALSE_ObsRho-0.47_ObsSd-0.17.rds,MP_whiting,0.13,240000,A,FALSE,FALSE,0.47,0.17,0.13,119970,166708,22488.5832607271,16067.0424184886,20094.1495207812,21197.1041186893,14435.4863650735,18600.4956104166,0.04635,0.0288,0.0698,0.058,0.039,0.089,0.07,0.227413066654192,0.290801149682944,0.238255684400035,0.226968758258046,0.267763636647834,0.23163178533263,206091.178229264,169833.004770428,194929.322825628,0.108738793876875,0.088414643708358,0.100395399281181,0.984,1,,0,0.717,0.7852,0.901
MP_whiting_HCR-A_Ftrgt-0.13_Btrigger-250000_TACconstr-FALSE_BB-FALSE_ObsRho-0.47_ObsSd-0.17.rds,MP_whiting,0.13,250000,A,FALSE,FALSE,0.47,0.17,0.13,119970,166708,22158.6301156885,15638.9312515262,19748.9667081872,20583.4336500346,13936.2918309015,18048.3263532447,0.0447,0.0276,0.0678,0.0558,0.037,0.083,0.066,0.233472851193277,0.297526485123884,0.242130349619459,0.233022174808106,0.268826776029843,0.236331698088406,207084.642109268,170235.404004601,195986.54624265,0.105446153857596,0.0851015895853496,0.0971215993493488,0.985,1,,0,0.7553,0.8166,0.9236
MP_whiting_HCR-A_Ftrgt-0.13_Btrigger-260000_TACconstr-FALSE_BB-FALSE_ObsRho-0.47_ObsSd-0.17.rds,MP_whiting,0.13,260000,A,FALSE,FALSE,0.47,0.17,0.13,119970,166708,21817.4470009538,15221.0311144535,19400.2289693478,20016.7797043468,13483.9521814421,17590.4557748205,0.04335,0.0262,0.067,0.054,0.037,0.083,0.065,0.24055843119241,0.303468133157098,0.246225805765683,0.240161973400833,0.271065825494936,0.239984978076832,207981.772868474,170688.310525099,196890.446201553,0.102073762832502,0.0820870510292434,0.0939542305648586,0.987,1,,0,0.794,0.8466,0.9388
MP_whiting_HCR-A_Ftrgt-0.13_Btrigger-2e+05_TACconstr-FALSE_BB-FALSE_ObsRho-0.47_ObsSd-0.17.rds,MP_whiting,0.13,2e+05,A,FALSE,FALSE,0.47,0.17,0.13,119970,166708,23639.3405064834,17817.5269229432,21334.6383672497,23953.3424289744,16777.7739594344,21233.0155081953,0.05525,0.0356,0.0802,0.0696,0.049,0.1,0.086,0.193313111413675,0.255708632419021,0.204567109479694,0.192553853735245,0.247315571249098,0.199180040450947,202354.276344653,167669.056341732,191037.781325957,0.120580137356461,0.104148071211615,0.114150725651639,0.978,1,,0,0.5022,0.5834,0.7434
MP_whiting_HCR-A_Ftrgt-0.14_Btrigger-120000_TACconstr-FALSE_BB-FALSE_ObsRho-0.47_ObsSd-0.17.rds,MP_whiting,0.14,120000,A,FALSE,FALSE,0.47,0.17,0.14,119970,166708,25754.2842418082,21417.3586781395,23686.3718790184,24955.9981758168,20958.4704551737,23149.1020304703,0.08565,0.0626,0.1064,0.111,0.082,0.14,0.134,0.148235983711029,0.161609282770103,0.147422520356279,0.148260689476039,0.15632895479677,0.144802875921346,195128.078324975,163662.703790606,184084.840519467,0.137404903406218,0.135869394043689,0.135739486052548,0.96,1,,0,0.0872,0.1374,0.1598
MP_whiting_HCR-A_Ftrgt-0.14_Btrigger-130000_TACconstr-FALSE_BB-FALSE_ObsRho-0.47_ObsSd-0.17.rds,MP_whiting,0.14,130000,A,FALSE,FALSE,0.47,0.17,0.14,119970,166708,25743.4454321685,21265.3813665409,23628.234453208,25012.8440654613,20972.6088705078,23201.1673758576,0.0828,0.0603,0.1038,0.1068,0.079,0.138,0.131,0.150420518554254,0.169228644629372,0.150285961409331,0.15079850415673,0.16770914938457,0.148420641281377,195343.137155637,163927.738429687,184272.335181389,0.137214487312393,0.134751378202181,0.13530769594645,0.96,1,,0,0.1194,0.1814,0.2258
MP_whiting_HCR-A_Ftrgt-0.14_Btrigger-140000_TACconstr-FALSE_BB-FALSE_ObsRho-0.47_ObsSd-0.17.rds,MP_whiting,0.14,140000,A,FALSE,FALSE,0.47,0.17,0.14,119970,166708,25711.037398183,21067.0974084333,23550.9243500062,25050.1331280252,20987.1149697283,23252.4446383136,0.0792,0.0571,0.1006,0.102,0.078,0.135,0.125,0.154245005298752,0.176591991896487,0.156824865926116,0.154613302742751,0.177888797572339,0.155215859247351,195679.182200667,164095.809729121,184547.905258284,0.136898399566467,0.133645231812254,0.134111325327187,0.961,1,,0,0.1612,0.2306,0.3026
MP_whiting_HCR-A_Ftrgt-0.14_Btrigger-150000_TACconstr-FALSE_BB-FALSE_ObsRho-0.47_ObsSd-0.17.rds,MP_whiting,0.14,150000,A,FALSE,FALSE,0.47,0.17,0.14,119970,166708,25649.933731263,20815.3406203714,23450.0198022846,25124.6629195319,21014.2712830081,23332.5329925023,0.0752,0.0522,0.0982,0.0982,0.074,0.129,0.119,0.159317113035203,0.185205121354861,0.163845266138382,0.15976657827755,0.188489636590663,0.16099471693206,196029.491391393,164360.913074902,184931.876662502,0.13620306813853,0.131800319080015,0.133077934208101,0.964,1,,0,0.212,0.2826,0.3872
MP_whiting_HCR-A_Ftrgt-0.14_Btrigger-160000_TACconstr-FALSE_BB-FALSE_ObsRho-0.47_ObsSd-0.17.rds,MP_whiting,0.14,160000,A,FALSE,FALSE,0.47,0.17,0.14,119970,166708,25555.3492185162,20511.1822021119,23316.200709305,25210.4280703371,20953.731838933,23378.7725583037,0.07145,0.0484,0.0956,0.0934,0.069,0.125,0.113,0.164907088702446,0.194308495392903,0.171722489510878,0.165243120982932,0.202496423355845,0.168005879956289,196415.157943519,164656.802967021,185288.234067511,0.135409558676287,0.129483230387971,0.131896330897745,0.968,1,,0,0.2685,0.3472,0.4734
MP_whiting_HCR-A_Ftrgt-0.14_Btrigger-170000_TACconstr-FALSE_BB-FALSE_ObsRho-0.47_ObsSd-0.17.rds,MP_whiting,0.14,170000,A,FALSE,FALSE,0.47,0.17,0.14,119970,166708,25423.1777506468,20158.5671703841,23149.5289447943,25301.1320635451,20370.6792428024,23503.4922008877,0.0681,0.0453,0.0934,0.0884,0.061,0.121,0.105,0.171548219498496,0.209357670194643,0.181448752877271,0.171746999465562,0.215042713038755,0.177946651238214,196949.718673169,165101.840663302,185946.745982811,0.134393583461714,0.125628648805826,0.13002804761445,0.969,1,,0,0.3328,0.414,0.5546
MP_whiting_HCR-A_Ftrgt-0.14_Btrigger-180000_TACconstr-FALSE_BB-FALSE_ObsRho-0.47_ObsSd-0.17.rds,MP_whiting,0.14,180000,A,FALSE,FALSE,0.47,0.17,0.14,119970,166708,25254.9010757766,19770.4907705967,22943.9614230639,25407.067589992,19390.0421436291,23463.8880555049,0.06455,0.0422,0.0904,0.0834,0.058,0.119,0.099,0.1806583535247,0.225670675532504,0.188990595480806,0.180447752882522,0.228772823303949,0.184863658012072,197712.123642577,165438.492285289,186740.842738848,0.132830026654915,0.121171983211692,0.127490644472208,0.971,1,,0,0.395,0.4828,0.6278
MP_whiting_HCR-A_Ftrgt-0.14_Btrigger-190000_TACconstr-FALSE_BB-FALSE_ObsRho-0.47_ObsSd-0.17.rds,MP_whiting,0.14,190000,A,FALSE,FALSE,0.47,0.17,0.14,119970,166708,25050.2731659344,19352.1897358174,22704.0138993708,25412.2644930645,18565.2029719998,23011.6928081259,0.06185,0.0397,0.0876,0.0804,0.053,0.113,0.097,0.187877327126206,0.237492473259051,0.198717087829082,0.187265718866082,0.238571342015642,0.193319867451314,198460.222539594,165977.433488354,187463.822379907,0.13105327499019,0.116484982263894,0.124754605704312,0.975,1,,0,0.4601,0.5422,0.6912
MP_whiting_HCR-A_Ftrgt-0.14_Btrigger-210000_TACconstr-FALSE_BB-FALSE_ObsRho-0.47_ObsSd-0.17.rds,MP_whiting,0.14,210000,A,FALSE,FALSE,0.47,0.17,0.14,119970,166708,24543.2444123405,18457.3913626178,22140.1852543642,24325.4004735091,17076.6561825743,21414.4548277326,0.05675,0.0373,0.0814,0.071,0.05,0.102,0.087,0.206928475833425,0.263290248827818,0.217577842840937,0.206068364393657,0.256313191576115,0.212721782939115,200381.011322006,167079.979951084,189610.80087895,0.126072778951444,0.106830501117271,0.118288022511054,0.978,1,,0,0.5815,0.6608,0.8044
MP_whiting_HCR-A_Ftrgt-0.14_Btrigger-220000_TACconstr-FALSE_BB-FALSE_ObsRho-0.47_ObsSd-0.17.rds,MP_whiting,0.14,220000,A,FALSE,FALSE,0.47,0.17,0.14,119970,166708,24247.7130233712,17990.948365585,21819.6716503231,23524.2984439605,16416.7227159578,20740.8913383118,0.0542,0.0349,0.0788,0.0682,0.047,0.099,0.083,0.215501255999838,0.271482695020731,0.227529191102566,0.215213845075527,0.261205748065275,0.221870263655914,201336.106245457,167534.545200465,190553.662622852,0.122716265350262,0.102475429799712,0.114456692966833,0.978,1,,0,0.6386,0.7122,0.848
MP_whiting_HCR-A_Ftrgt-0.14_Btrigger-230000_TACconstr-FALSE_BB-FALSE_ObsRho-0.47_ObsSd-0.17.rds,MP_whiting,0.14,230000,A,FALSE,FALSE,0.47,0.17,0.14,119970,166708,23929.9092088272,17522.4311019849,21480.2428895665,22793.698054083,15842.08903703,20074.9995567013,0.05145,0.033,0.0762,0.0636,0.043,0.096,0.076,0.223655258931915,0.281081852679606,0.233806610067238,0.22322451244556,0.266436545934365,0.229668921482737,202296.620916322,168130.569521923,191550.483946599,0.119140985072656,0.0983478754477477,0.110568950633821,0.98,1,,0,0.6894,0.7594,0.8808
MP_whiting_HCR-A_Ftrgt-0.14_Btrigger-240000_TACconstr-FALSE_BB-FALSE_ObsRho-0.47_ObsSd-0.17.rds,MP_whiting,0.14,240000,A,FALSE,FALSE,0.47,0.17,0.14,119970,166708,23594.7702141906,17061.4877886631,21126.5636491095,22130.3496731038,15293.3745345347,19497.4592506154,0.04955,0.0318,0.0734,0.0612,0.042,0.092,0.074,0.231397416979768,0.286027842515647,0.241093044579281,0.230332187978881,0.269690937407648,0.235065448363356,203447.813198763,168742.675641679,192456.224420714,0.115643193506914,0.0945215601917216,0.106820082201169,0.982,1,,0,0.73,0.7966,0.9046
MP_whiting_HCR-A_Ftrgt-0.14_Btrigger-250000_TACconstr-FALSE_BB-FALSE_ObsRho-0.47_ObsSd-0.17.rds,MP_whiting,0.14,250000,A,FALSE,FALSE,0.47,0.17,0.14,119970,166708,23248.4938046831,16610.0447172118,20767.2012249456,21510.3508814089,14796.7985450329,18962.2689543552,0.04795,0.0302,0.0724,0.059,0.042,0.09,0.072,0.237642819779366,0.293372479655802,0.24466291242135,0.236902221155074,0.271565159945541,0.238717640880342,204430.035039023,169259.973052146,193429.379406742,0.111946459595683,0.0910797169148447,0.103325741856697,0.984,1,,0,0.77,0.8278,0.926
MP_whiting_HCR-A_Ftrgt-0.14_Btrigger-260000_TACconstr-FALSE_BB-FALSE_ObsRho-0.47_ObsSd-0.17.rds,MP_whiting,0.14,260000,A,FALSE,FALSE,0.47,0.17,0.14,119970,166708,22891.0090946824,16169.3179887588,20404.0341015767,20946.2103119552,14358.2727867092,18439.2317996865,0.04615,0.0288,0.0694,0.0576,0.039,0.089,0.07,0.243234815045955,0.298151759812321,0.249063820345662,0.242853218197989,0.272566867528353,0.241460011282976,205501.813081273,169736.231412692,194500.667663855,0.108451906130525,0.0878517731542423,0.0999377664332431,0.985,1,,0,0.8052,0.8556,0.942
MP_whiting_HCR-A_Ftrgt-0.14_Btrigger-2e+05_TACconstr-FALSE_BB-FALSE_ObsRho-0.47_ObsSd-0.17.rds,MP_whiting,0.14,2e+05,A,FALSE,FALSE,0.47,0.17,0.14,119970,166708,24811.5234596941,18912.2390134507,22436.9788782466,25094.1257421424,17773.6840567961,22175.5620379863,0.05995,0.0386,0.0858,0.0768,0.051,0.111,0.094,0.19706003960253,0.250742449587879,0.207377162070668,0.196331329390104,0.247759550361647,0.20283354202219,199346.793276546,166555.373545332,188593.801419685,0.128538264808472,0.111829565808466,0.121725862220271,0.977,1,,0,0.5233,0.601,0.7514
MP_whiting_HCR-A_Ftrgt-0.15_Btrigger-120000_TACconstr-FALSE_BB-FALSE_ObsRho-0.47_ObsSd-0.17.rds,MP_whiting,0.15,120000,A,FALSE,FALSE,0.47,0.17,0.15,119970,166708,26937.0223250739,22648.5971410761,24815.8434915614,26122.0970626933,22160.7216967257,24295.3903069457,0.093,0.0688,0.1146,0.1198,0.092,0.155,0.142,0.150073155339158,0.158042988738092,0.14943491197011,0.150294871598234,0.158315240806498,0.147436615505288,191804.592595415,162310.688087508,181190.648584743,0.146933183964382,0.145527779122301,0.14510018033355,0.956,1,,0,0.0965,0.1488,0.1672
MP_whiting_HCR-A_Ftrgt-0.15_Btrigger-130000_TACconstr-FALSE_BB-FALSE_ObsRho-0.47_ObsSd-0.17.rds,MP_whiting,0.15,130000,A,FALSE,FALSE,0.47,0.17,0.15,119970,166708,26924.8565725775,22482.825225168,24752.6362676612,26180.5124824661,22181.5596991538,24339.2858262363,0.0899,0.0659,0.1126,0.1152,0.088,0.15,0.137,0.152678917269867,0.165570740408212,0.153898333528769,0.152742641576713,0.169010127016598,0.152264539047111,192185.748086595,162490.661208399,181347.499949253,0.146674979083306,0.144452284793781,0.144366090844518,0.958,1,,0,0.1302,0.193,0.2342
MP_whiting_HCR-A_Ftrgt-0.15_Btrigger-140000_TACconstr-FALSE_BB-FALSE_ObsRho-0.47_ObsSd-0.17.rds,MP_whiting,0.15,140000,A,FALSE,FALSE,0.47,0.17,0.15,119970,166708,26888.6924361381,22267.5413965875,24670.1366031778,26258.4269399336,22209.9181717385,24396.1015126336,0.08675,0.0632,0.1094,0.1112,0.083,0.144,0.135,0.156830653192187,0.175032633720532,0.158807231922496,0.157012872307739,0.180603092185663,0.157182028310216,192519.692569034,162653.147647794,181543.818969694,0.146284095299818,0.142970586044836,0.143266415447767,0.96,1,,0,0.1771,0.2428,0.3102
MP_whiting_HCR-A_Ftrgt-0.15_Btrigger-150000_TACconstr-FALSE_BB-FALSE_ObsRho-0.47_ObsSd-0.17.rds,MP_whiting,0.15,150000,A,FALSE,FALSE,0.47,0.17,0.15,119970,166708,26821.219725135,21995.8643397845,24562.1897535698,26332.0891187166,22223.0974142777,24510.1285337821,0.08245,0.0599,0.1044,0.1056,0.081,0.139,0.128,0.161863439591939,0.182155962189884,0.166856338130335,0.162062562877363,0.190523107982376,0.164437961459187,192905.873941023,162895.261022099,181890.966751676,0.14544894658598,0.140878452605512,0.141909804793406,0.961,1,,0,0.2283,0.2994,0.3946
MP_whiting_HCR-A_Ftrgt-0.15_Btrigger-160000_TACconstr-FALSE_BB-FALSE_ObsRho-0.47_ObsSd-0.17.rds,MP_whiting,0.15,160000,A,FALSE,FALSE,0.47,0.17,0.15,119970,166708,26717.6512689307,21669.0657270656,24418.2792063028,26422.3827361041,22126.7895930512,24585.8781805513,0.078,0.0549,0.1014,0.1008,0.076,0.133,0.122,0.167612588490465,0.193616728174572,0.175638488862555,0.167785290323126,0.204121515933972,0.171447395189082,193418.158278084,163227.844648368,182610.769263623,0.144462424985386,0.138346509377882,0.140592912050495,0.964,1,,0,0.2885,0.3618,0.4816
MP_whiting_HCR-A_Ftrgt-0.15_Btrigger-170000_TACconstr-FALSE_BB-FALSE_ObsRho-0.47_ObsSd-0.17.rds,MP_whiting,0.15,170000,A,FALSE,FALSE,0.47,0.17,0.15,119970,166708,26573.7658969762,21293.6947132724,24239.2345079879,26535.6951749121,21406.512746477,24678.2296371465,0.0742,0.051,0.099,0.0958,0.072,0.13,0.117,0.175582976352879,0.210409100890642,0.183887350135761,0.175732242786637,0.217698924137926,0.180638627308245,193974.071836074,163621.065178003,183367.119784436,0.143096807502269,0.134081904896692,0.138246667806324,0.966,1,,0,0.3524,0.4328,0.5624
MP_whiting_HCR-A_Ftrgt-0.15_Btrigger-180000_TACconstr-FALSE_BB-FALSE_ObsRho-0.47_ObsSd-0.17.rds,MP_whiting,0.15,180000,A,FALSE,FALSE,0.47,0.17,0.15,119970,166708,26392.5528608334,20882.2012565624,24019.9002634352,26628.0330241529,20443.6433619012,24550.7697287407,0.07035,0.0471,0.0958,0.0914,0.064,0.125,0.111,0.183828224307442,0.224288115240974,0.192095699700959,0.183615583723277,0.232658548453141,0.187497814701832,194779.417967088,164145.789468432,184150.934261949,0.141463713300807,0.129500422147983,0.135656006741,0.969,1,,0,0.4164,0.4988,0.6348
MP_whiting_HCR-A_Ftrgt-0.15_Btrigger-190000_TACconstr-FALSE_BB-FALSE_ObsRho-0.47_ObsSd-0.17.rds,MP_whiting,0.15,190000,A,FALSE,FALSE,0.47,0.17,0.15,119970,166708,26173.8995523225,20439.7207801414,23766.0721925807,26590.7873104016,19530.3490184426,23935.7150908519,0.0672,0.0444,0.0934,0.0866,0.063,0.123,0.102,0.192894509888632,0.237834352468151,0.20254327683884,0.192287982054155,0.241051086732661,0.197551346539378,195730.573433035,164764.127775795,185256.692649833,0.139254006745802,0.124362924207901,0.132622072806059,0.971,1,,0,0.4789,0.5586,0.7
MP_whiting_HCR-A_Ftrgt-0.15_Btrigger-210000_TACconstr-FALSE_BB-FALSE_ObsRho-0.47_ObsSd-0.17.rds,MP_whiting,0.15,210000,A,FALSE,FALSE,0.47,0.17,0.15,119970,166708,25637.0006042607,19495.0012055233,23170.116008016,25211.2079617998,17969.1547329434,22327.6183577214,0.06135,0.0396,0.0876,0.0786,0.052,0.113,0.096,0.211682138176624,0.260080709343786,0.221989380009577,0.211008843241455,0.256729385352122,0.21627271306324,197615.450538037,165913.879155213,187436.26115988,0.133602735715311,0.114145915479274,0.125240441570897,0.977,1,,0,0.6018,0.677,0.8088
MP_whiting_HCR-A_Ftrgt-0.15_Btrigger-220000_TACconstr-FALSE_BB-FALSE_ObsRho-0.47_ObsSd-0.17.rds,MP_whiting,0.15,220000,A,FALSE,FALSE,0.47,0.17,0.15,119970,166708,25325.4030076049,19004.225681504,22833.9028821107,24410.8706506678,17354.7648622963,21600.8874850597,0.0586,0.0383,0.0842,0.0736,0.051,0.108,0.092,0.220439281049821,0.269416669436113,0.230343693205748,0.220016852016058,0.263261958495037,0.225261181851267,198694.936358405,166530.407362616,188434.181094533,0.129981050713689,0.10941009697711,0.121257773151624,0.978,1,,0,0.655,0.7268,0.8542
MP_whiting_HCR-A_Ftrgt-0.15_Btrigger-230000_TACconstr-FALSE_BB-FALSE_ObsRho-0.47_ObsSd-0.17.rds,MP_whiting,0.15,230000,A,FALSE,FALSE,0.47,0.17,0.15,119970,166708,24992.0717078743,18512.0912953923,22477.6937855097,23669.9454652172,16722.3723571205,20962.7537015865,0.0563,0.0369,0.0812,0.0702,0.049,0.102,0.087,0.227649923945213,0.27746836439299,0.238717624015537,0.22694935150375,0.268013353262089,0.233121059305507,199670.791076072,167146.557692723,189365.132859926,0.126261556621502,0.104985328658172,0.117012736723706,0.978,1,,0,0.7059,0.7708,0.8842
MP_whiting_HCR-A_Ftrgt-0.15_Btrigger-240000_TACconstr-FALSE_BB-FALSE_ObsRho-0.47_ObsSd-0.17.rds,MP_whiting,0.15,240000,A,FALSE,FALSE,0.47,0.17,0.15,119970,166708,24642.9575285509,18028.2282907725,22109.5025450937,22995.4896296388,16146.6089346609,20353.5845639247,0.0534,0.0345,0.0784,0.0662,0.044,0.099,0.079,0.234568380846747,0.285077824730672,0.244173868714266,0.233879891786168,0.270274563386916,0.238419495537364,200791.241384505,167723.007655919,190339.331449787,0.122369693510323,0.100670213967111,0.113003789619111,0.979,1,,0,0.7436,0.8054,0.9082
MP_whiting_HCR-A_Ftrgt-0.15_Btrigger-250000_TACconstr-FALSE_BB-FALSE_ObsRho-0.47_ObsSd-0.17.rds,MP_whiting,0.15,250000,A,FALSE,FALSE,0.47,0.17,0.15,119970,166708,24281.4315937009,17554.5222307467,21736.7400444652,22374.0168568278,15645.5617990201,19804.6931272915,0.05085,0.0325,0.0756,0.0628,0.042,0.094,0.076,0.241852725610958,0.289923590788994,0.248025127799026,0.240838776138424,0.273601685253167,0.242196258882614,201889.343602105,168293.991550167,191323.232874148,0.118423177821655,0.0970011184727207,0.109266466477444,0.981,1,,0,0.7841,0.836,0.9296
MP_whiting_HCR-A_Ftrgt-0.15_Btrigger-260000_TACconstr-FALSE_BB-FALSE_ObsRho-0.47_ObsSd-0.17.rds,MP_whiting,0.15,260000,A,FALSE,FALSE,0.47,0.17,0.15,119970,166708,23909.5003947789,17092.1443983102,21360.3590145713,21788.2616038443,15135.8997703832,19314.9591391528,0.0492,0.0315,0.0732,0.0606,0.042,0.091,0.073,0.246245857517126,0.29435260889299,0.251244714722214,0.245722584382081,0.27486140973107,0.244291983761294,202954.209571785,168868.223647268,192466.17693306,0.114691993968201,0.0935070241832364,0.105830245407746,0.982,1,,0,0.8176,0.8644,0.9442
MP_whiting_HCR-A_Ftrgt-0.15_Btrigger-2e+05_TACconstr-FALSE_BB-FALSE_ObsRho-0.47_ObsSd-0.17.rds,MP_whiting,0.15,2e+05,A,FALSE,FALSE,0.47,0.17,0.15,119970,166708,25920.7542704361,19974.6128255763,23483.4060850967,26050.7050891846,18750.2491826007,23086.2648465822,0.0642,0.0413,0.0904,0.0838,0.054,0.12,0.101,0.201255276930468,0.249111674934422,0.213078855260237,0.200773658467316,0.249526300626243,0.207588224775156,196596.771245111,165390.272589866,186380.29566433,0.136570427057772,0.119308520894381,0.129327411222525,0.975,1,,0,0.5424,0.621,0.7588
MP_whiting_HCR-A_Ftrgt-0.16_Btrigger-120000_TACconstr-FALSE_BB-FALSE_ObsRho-0.47_ObsSd-0.17.rds,MP_whiting,0.16,120000,A,FALSE,FALSE,0.47,0.17,0.16,119970,166708,28057.2584596708,23846.5447560892,25889.8956652441,27234.9391644162,23366.3691679987,25385.1424376135,0.1017,0.0767,0.1236,0.1298,0.095,0.165,0.155,0.15196693881616,0.159107508138065,0.15195066563857,0.151992592638222,0.161244306365472,0.150029511347843,188800.857743079,160926.597158639,178338.392883825,0.156422236324355,0.155288953939839,0.154405469607294,0.954,1,,0,0.1063,0.1594,0.175
MP_whiting_HCR-A_Ftrgt-0.16_Btrigger-130000_TACconstr-FALSE_BB-FALSE_ObsRho-0.47_ObsSd-0.17.rds,MP_whiting,0.16,130000,A,FALSE,FALSE,0.47,0.17,0.16,119970,166708,28044.1252001398,23666.6055285265,25822.941309566,27308.0150029453,23386.1510401788,25458.1371411767,0.09835,0.0735,0.122,0.1244,0.093,0.164,0.149,0.155558857486895,0.167395491067043,0.15665141432072,0.155591330317882,0.171715777619655,0.154855703916607,189114.184170937,161071.003785799,178599.135434382,0.156058713143124,0.154144977861966,0.153374936491393,0.955,1,,0,0.1428,0.2054,0.2426
MP_whiting_HCR-A_Ftrgt-0.16_Btrigger-140000_TACconstr-FALSE_BB-FALSE_ObsRho-0.47_ObsSd-0.17.rds,MP_whiting,0.16,140000,A,FALSE,FALSE,0.47,0.17,0.16,119970,166708,28004.0860201484,23434.2410816075,25735.1459166337,27421.4495136377,23419.2454350045,25525.7685972521,0.094,0.0693,0.1186,0.1188,0.088,0.157,0.143,0.158625770113455,0.175684090096289,0.161772014040054,0.158690168019333,0.182192330028156,0.159609675733243,189479.906017858,161309.254566647,178915.336864557,0.155559938369605,0.152368916599034,0.152186059034237,0.956,1,,0,0.1909,0.2556,0.3182
MP_whiting_HCR-A_Ftrgt-0.16_Btrigger-150000_TACconstr-FALSE_BB-FALSE_ObsRho-0.47_ObsSd-0.17.rds,MP_whiting,0.16,150000,A,FALSE,FALSE,0.47,0.17,0.16,119970,166708,27930.213962558,23142.6485638638,25619.2188412223,27490.6952525082,23445.5378705786,25631.404675375,0.0907,0.067,0.1148,0.114,0.087,0.149,0.137,0.164535795926257,0.184596499814435,0.170376482327649,0.164648341591196,0.191886529461089,0.167895105390059,189932.453800503,161571.977296166,179404.052682771,0.154572393913246,0.14998240736528,0.150862109990643,0.959,1,,0,0.2442,0.3178,0.4028
MP_whiting_HCR-A_Ftrgt-0.16_Btrigger-160000_TACconstr-FALSE_BB-FALSE_ObsRho-0.47_ObsSd-0.17.rds,MP_whiting,0.16,160000,A,FALSE,FALSE,0.47,0.17,0.16,119970,166708,27817.2688656168,22793.3441760152,25467.0579222546,27590.0752472332,23328.4973444347,25732.0246287243,0.0857,0.0624,0.1094,0.1086,0.082,0.142,0.131,0.170780892807996,0.198458159952329,0.178612252106766,0.170780892807996,0.20735767624034,0.175401914123648,190555.884264967,161830.52364566,180119.831088933,0.153316604560675,0.146927791276688,0.149150829147252,0.96,1,,0,0.3073,0.3782,0.4924
MP_whiting_HCR-A_Ftrgt-0.16_Btrigger-170000_TACconstr-FALSE_BB-FALSE_ObsRho-0.47_ObsSd-0.17.rds,MP_whiting,0.16,170000,A,FALSE,FALSE,0.47,0.17,0.16,119970,166708,27662.6249945769,22395.525763529,25275.6650429548,27714.6420274675,22473.3783313419,25829.5867510024,0.0811,0.0577,0.1054,0.1036,0.08,0.136,0.126,0.179296333911713,0.213730120096394,0.185999445892497,0.179549942870801,0.219782973151539,0.182901601882547,191192.873087977,162325.970280808,180924.646225303,0.151810024553381,0.142608944487594,0.146552185590312,0.963,1,,0,0.3713,0.4494,0.57
MP_whiting_HCR-A_Ftrgt-0.16_Btrigger-180000_TACconstr-FALSE_BB-FALSE_ObsRho-0.47_ObsSd-0.17.rds,MP_whiting,0.16,180000,A,FALSE,FALSE,0.47,0.17,0.16,119970,166708,27470.155687187,21961.7882948735,25043.2622451212,27775.1526736504,21403.5295405253,25587.3281207352,0.0765,0.053,0.1016,0.0984,0.076,0.132,0.12,0.187428675131127,0.226621835990922,0.195484713682655,0.187173980133775,0.232958659633629,0.189961064804427,191975.197491074,162965.074949753,181948.853023813,0.150042183752092,0.137701971016882,0.143703851763538,0.965,1,,0,0.4346,0.517,0.6432
MP_whiting_HCR-A_Ftrgt-0.16_Btrigger-190000_TACconstr-FALSE_BB-FALSE_ObsRho-0.47_ObsSd-0.17.rds,MP_whiting,0.16,190000,A,FALSE,FALSE,0.47,0.17,0.16,119970,166708,27238.5476392556,21495.3768745207,24776.0839487614,27626.9502969066,20449.5177603111,24789.9335134284,0.0725,0.0489,0.099,0.0932,0.068,0.129,0.112,0.196981878100856,0.241131850816593,0.206392343404614,0.1962822209676,0.245348120608063,0.200992997072423,192954.973924886,163485.136783048,182819.69231541,0.147454211795062,0.132312097589254,0.140186168072709,0.969,1,,0,0.5003,0.5758,0.708
MP_whiting_HCR-A_Ftrgt-0.16_Btrigger-210000_TACconstr-FALSE_BB-FALSE_ObsRho-0.47_ObsSd-0.17.rds,MP_whiting,0.16,210000,A,FALSE,FALSE,0.47,0.17,0.16,119970,166708,26672.8383314648,20502.7882886639,24149.1046415974,26071.2311562327,18915.7281711654,23164.0098450628,0.0658,0.0432,0.0922,0.0846,0.06,0.122,0.101,0.215345579228005,0.26135793641728,0.224411224984782,0.214914940322125,0.259768305701885,0.220439164606431,195036.211704361,164902.157089137,185155.463127255,0.141055559441975,0.121326053158189,0.132059962648054,0.974,1,,0,0.6202,0.692,0.8156
MP_whiting_HCR-A_Ftrgt-0.16_Btrigger-220000_TACconstr-FALSE_BB-FALSE_ObsRho-0.47_ObsSd-0.17.rds,MP_whiting,0.16,220000,A,FALSE,FALSE,0.47,0.17,0.16,119970,166708,26347.3109910306,19988.6717386694,23798.0793063459,25254.7935876454,18210.80478675,22436.4736765303,0.06285,0.0408,0.0886,0.0812,0.053,0.115,0.1,0.223534653081842,0.269222439715271,0.233314460546225,0.223061050967757,0.26439666958113,0.229450867399682,196140.31808284,165447.845018201,186230.213236479,0.137075293290698,0.116277774810218,0.127667373215711,0.976,1,,0,0.6718,0.7404,0.8578
MP_whiting_HCR-A_Ftrgt-0.16_Btrigger-230000_TACconstr-FALSE_BB-FALSE_ObsRho-0.47_ObsSd-0.17.rds,MP_whiting,0.16,230000,A,FALSE,FALSE,0.47,0.17,0.16,119970,166708,25998.9039434138,19474.2713577507,23427.2930961244,24493.0344247022,17581.4976734651,21793.4616675301,0.0606,0.0393,0.0866,0.0772,0.051,0.11,0.095,0.231920549331878,0.27645637758185,0.241621813394413,0.230828754953856,0.269694961288052,0.235792090996773,197252.204480724,166098.610953473,187292.461966288,0.13301287548364,0.111532392724155,0.123367040480222,0.977,1,,0,0.7204,0.7818,0.888
MP_whiting_HCR-A_Ftrgt-0.16_Btrigger-240000_TACconstr-FALSE_BB-FALSE_ObsRho-0.47_ObsSd-0.17.rds,MP_whiting,0.16,240000,A,FALSE,FALSE,0.47,0.17,0.16,119970,166708,25636.3851757549,18968.2993226492,23046.2896926387,23837.9360497492,17000.4869346138,21187.8402602892,0.05765,0.038,0.0828,0.0718,0.05,0.105,0.088,0.238402313557429,0.282581716517281,0.246593757202162,0.237519037727137,0.270856023100182,0.241709369884322,198339.794195711,166822.347157839,188241.967967283,0.128966838298673,0.107055199382503,0.119189003618453,0.978,1,,0,0.7574,0.8154,0.9108
MP_whiting_HCR-A_Ftrgt-0.16_Btrigger-250000_TACconstr-FALSE_BB-FALSE_ObsRho-0.47_ObsSd-0.17.rds,MP_whiting,0.16,250000,A,FALSE,FALSE,0.47,0.17,0.16,119970,166708,25261.1880347195,18473.3587250763,22661.4170746649,23199.3661052787,16442.8042165174,20639.240219365,0.05515,0.0362,0.0794,0.0688,0.048,0.1,0.084,0.244475441264067,0.287089413120072,0.250006884078147,0.244040008236446,0.273398174792737,0.244590626907686,199426.261730334,167309.940098607,189475.151038962,0.124839106267694,0.103050226282063,0.115270512760006,0.978,1,,0,0.7954,0.8448,0.9324
MP_whiting_HCR-A_Ftrgt-0.16_Btrigger-260000_TACconstr-FALSE_BB-FALSE_ObsRho-0.47_ObsSd-0.17.rds,MP_whiting,0.16,260000,A,FALSE,FALSE,0.47,0.17,0.16,119970,166708,24876.1149361876,17990.759811494,22272.0568680173,22612.9018300598,15940.8843937216,20098.5630391231,0.0524,0.0339,0.0772,0.0646,0.043,0.097,0.076,0.249496932449211,0.291164282223223,0.2520823514223,0.248940149193377,0.276085092522075,0.247574348835033,200661.314132533,167849.500458642,190516.438320671,0.120898382793185,0.0991456411628348,0.111619629532827,0.979,1,,0,0.8286,0.872,0.9468
MP_whiting_HCR-A_Ftrgt-0.16_Btrigger-2e+05_TACconstr-FALSE_BB-FALSE_ObsRho-0.47_ObsSd-0.17.rds,MP_whiting,0.16,2e+05,A,FALSE,FALSE,0.47,0.17,0.16,119970,166708,26970.8413257167,21006.2278924814,24478.1786348493,26935.3864322716,19658.0173942939,23953.1306974152,0.06905,0.0455,0.0962,0.089,0.063,0.124,0.105,0.205703717580343,0.251604696273838,0.215959742139216,0.205467258429832,0.252870152464953,0.210773164357408,193997.085725363,164117.308094641,184051.06597716,0.144537304312659,0.12689491553558,0.136659867812402,0.971,1,,0,0.5612,0.638,0.7636
MP_whiting_HCR-A_Ftrgt-0.17_Btrigger-120000_TACconstr-FALSE_BB-FALSE_ObsRho-0.47_ObsSd-0.17.rds,MP_whiting,0.17,120000,A,FALSE,FALSE,0.47,0.17,0.17,119970,166708,29117.840316258,25011.5930844014,26911.6046565237,28295.3500595902,24598.7740743754,26458.786451539,0.1112,0.0864,0.1312,0.1408,0.112,0.179,0.166,0.154444800727958,0.162656194576251,0.154859620447005,0.154459307586359,0.163645059292793,0.152739642183688,185628.834014156,159681.347494994,175620.993091128,0.165758506323388,0.165145593711559,0.163597701218053,0.949,1,,0,0.1161,0.1696,0.1836
MP_whiting_HCR-A_Ftrgt-0.17_Btrigger-130000_TACconstr-FALSE_BB-FALSE_ObsRho-0.47_ObsSd-0.17.rds,MP_whiting,0.17,130000,A,FALSE,FALSE,0.47,0.17,0.17,119970,166708,29103.8480206153,24817.4426681801,26840.8951263875,28356.1624685489,24617.3833235265,26508.8103475715,0.10725,0.0822,0.1286,0.136,0.106,0.175,0.16,0.157714277132476,0.170554782162163,0.159544978704572,0.157787395073085,0.1741796096431,0.157695840893257,186171.781894671,159908.455423578,175930.975338059,0.165372192073548,0.16367351164336,0.162500716104797,0.949,1,,0,0.1571,0.2174,0.252
MP_whiting_HCR-A_Ftrgt-0.17_Btrigger-140000_TACconstr-FALSE_BB-FALSE_ObsRho-0.47_ObsSd-0.17.rds,MP_whiting,0.17,140000,A,FALSE,FALSE,0.47,0.17,0.17,119970,166708,29060.6913996732,24567.6694834311,26748.4285672099,28462.3999039618,24640.8463614606,26608.814809387,0.10285,0.0775,0.1264,0.13,0.101,0.173,0.156,0.161588623830682,0.179148923402392,0.165236415451582,0.161435203515043,0.184104073215935,0.163812437069227,186664.60029352,160109.324104259,176426.95383735,0.164630076086427,0.161572030895035,0.161001691713217,0.952,1,,0,0.2051,0.2692,0.3302
MP_whiting_HCR-A_Ftrgt-0.17_Btrigger-150000_TACconstr-FALSE_BB-FALSE_ObsRho-0.47_ObsSd-0.17.rds,MP_whiting,0.17,150000,A,FALSE,FALSE,0.47,0.17,0.17,119970,166708,28980.4335640687,24256.1099802641,26624.4229356832,28591.0539416514,24664.1283022895,26728.7906367933,0.09745,0.0728,0.122,0.1222,0.095,0.162,0.148,0.166860664827349,0.18949099442105,0.173293118119383,0.166783665844043,0.194910441199726,0.169800014050579,187036.982054271,160416.999317191,176827.200166795,0.163588258303205,0.158940329871945,0.159609858057697,0.956,1,,0,0.2632,0.333,0.4156
MP_whiting_HCR-A_Ftrgt-0.17_Btrigger-160000_TACconstr-FALSE_BB-FALSE_ObsRho-0.47_ObsSd-0.17.rds,MP_whiting,0.17,160000,A,FALSE,FALSE,0.47,0.17,0.17,119970,166708,28857.5215175626,23884.9119512126,26464.4375725215,28727.8684168541,24429.5969271733,26880.0923802829,0.09355,0.0695,0.1186,0.1166,0.089,0.155,0.141,0.174055125509674,0.2053576976772,0.181409937737523,0.174043999241317,0.209669044239268,0.176738847140528,187776.111207188,160585.253536204,177693.980614422,0.162155750509176,0.155712454148951,0.157576539682807,0.959,1,,0,0.3257,0.399,0.5004
MP_whiting_HCR-A_Ftrgt-0.17_Btrigger-170000_TACconstr-FALSE_BB-FALSE_ObsRho-0.47_ObsSd-0.17.rds,MP_whiting,0.17,170000,A,FALSE,FALSE,0.47,0.17,0.17,119970,166708,28693.2428591421,23465.4269842773,26261.3137819567,28834.7781483189,23481.3407909854,26890.2292365257,0.08835,0.0646,0.113,0.1112,0.084,0.148,0.134,0.182792183874471,0.218703192904834,0.189298903316436,0.182999365111498,0.221264241483195,0.184895741142335,188407.346882599,161174.362762843,178519.850247178,0.160452017936871,0.151040411667247,0.154876513960826,0.959,1,,0,0.3885,0.4684,0.5798
MP_whiting_HCR-A_Ftrgt-0.17_Btrigger-180000_TACconstr-FALSE_BB-FALSE_ObsRho-0.47_ObsSd-0.17.rds,MP_whiting,0.17,180000,A,FALSE,FALSE,0.47,0.17,0.17,119970,166708,28490.2070147816,23009.631402577,26016.2885050551,28877.6830942467,22381.6049168085,26505.2942759007,0.08335,0.0602,0.107,0.106,0.08,0.138,0.128,0.191208614512811,0.232145158977421,0.19928416917141,0.190848913144771,0.233230146980308,0.194207785034991,189385.684005767,161726.712077922,179540.422078667,0.158321798347132,0.145770152695423,0.151354920449724,0.962,1,,0,0.4544,0.5338,0.6508
MP_whiting_HCR-A_Ftrgt-0.17_Btrigger-190000_TACconstr-FALSE_BB-FALSE_ObsRho-0.47_ObsSd-0.17.rds,MP_whiting,0.17,190000,A,FALSE,FALSE,0.47,0.17,0.17,119970,166708,28245.9534646681,22520.3695335888,25736.5339015685,28592.4422114339,21418.4229264887,25631.5175619602,0.07825,0.0547,0.103,0.1006,0.077,0.133,0.121,0.200412935188504,0.246006599456136,0.210128548074845,0.199737329103494,0.247569535444848,0.204934997497365,190256.104475291,162321.241489579,180647.729058221,0.155174065047105,0.140030840922256,0.147593382553974,0.965,1,,0,0.5199,0.5926,0.7156
MP_whiting_HCR-A_Ftrgt-0.17_Btrigger-210000_TACconstr-FALSE_BB-FALSE_ObsRho-0.47_ObsSd-0.17.rds,MP_whiting,0.17,210000,A,FALSE,FALSE,0.47,0.17,0.17,119970,166708,27654.3031062383,21481.421298897,25081.2835005166,26870.4154015413,19771.5085088125,23969.1704118486,0.07065,0.0471,0.0976,0.0908,0.064,0.127,0.109,0.218820665985446,0.26491441549569,0.228637828660981,0.218244674776077,0.261977996993095,0.223922423048763,192601.269390459,163587.375301604,182960.001568367,0.148313587838449,0.128397581404976,0.138510028334918,0.969,1,,0,0.6367,0.7062,0.8202
MP_whiting_HCR-A_Ftrgt-0.17_Btrigger-220000_TACconstr-FALSE_BB-FALSE_ObsRho-0.47_ObsSd-0.17.rds,MP_whiting,0.17,220000,A,FALSE,FALSE,0.47,0.17,0.17,119970,166708,27315.2625209056,20945.4534711477,24716.0304035188,26055.2280122024,19045.1323919387,23231.908543683,0.06705,0.0441,0.0936,0.0864,0.061,0.124,0.101,0.227224692871326,0.271805179657059,0.237516769102075,0.226387820163817,0.266878290313611,0.232602736789602,193752.855278327,164389.008685601,184048.522950944,0.143946218988287,0.123110390401583,0.133956225044669,0.972,1,,0,0.6898,0.7548,0.8616
MP_whiting_HCR-A_Ftrgt-0.17_Btrigger-230000_TACconstr-FALSE_BB-FALSE_ObsRho-0.47_ObsSd-0.17.rds,MP_whiting,0.17,230000,A,FALSE,FALSE,0.47,0.17,0.17,119970,166708,26954.8380640039,20410.1117805301,24331.880406834,25309.2964727006,18399.214898121,22592.0399931854,0.0642,0.0419,0.0898,0.0832,0.055,0.117,0.1,0.235195763743669,0.276596490966803,0.243727472580749,0.234394822653895,0.271345429665996,0.238746817969163,194820.168692166,165095.158420973,185226.457910637,0.139555686026688,0.118102451191159,0.12954552440847,0.975,1,,0,0.7327,0.793,0.8924
MP_whiting_HCR-A_Ftrgt-0.17_Btrigger-240000_TACconstr-FALSE_BB-FALSE_ObsRho-0.47_ObsSd-0.17.rds,MP_whiting,0.17,240000,A,FALSE,FALSE,0.47,0.17,0.17,119970,166708,26580.3569633576,19883.2216950225,23939.7790166281,24627.7948380638,17775.0417186341,21973.8895294292,0.0619,0.04,0.0878,0.0798,0.051,0.113,0.097,0.242895278371287,0.280384515602816,0.249298862103891,0.242164240096392,0.273323788843891,0.244475047410735,195974.363600125,165681.610599415,186371.236587009,0.135350852595692,0.113371386204349,0.125313684947411,0.977,1,,0,0.7709,0.823,0.9138
MP_whiting_HCR-A_Ftrgt-0.17_Btrigger-250000_TACconstr-FALSE_BB-FALSE_ObsRho-0.47_ObsSd-0.17.rds,MP_whiting,0.17,250000,A,FALSE,FALSE,0.47,0.17,0.17,119970,166708,26191.4675145167,19367.9781255968,23544.033824228,23989.3970638134,17254.1825239402,21401.2073575618,0.0592,0.039,0.0844,0.0744,0.051,0.108,0.092,0.248568741460988,0.284001635037805,0.251881328657465,0.2477671251723,0.275711921863337,0.246669503027665,197179.987801581,166396.814821654,187506.032857833,0.131010128628778,0.109102555455472,0.121188221633707,0.978,1,,0,0.8082,0.8528,0.9338
MP_whiting_HCR-A_Ftrgt-0.17_Btrigger-260000_TACconstr-FALSE_BB-FALSE_ObsRho-0.47_ObsSd-0.17.rds,MP_whiting,0.17,260000,A,FALSE,FALSE,0.47,0.17,0.17,119970,166708,25794.6467036651,18865.9914680075,23142.7233501038,23400.523755711,16725.8502847495,20841.4387436479,0.0569,0.0373,0.0814,0.0716,0.049,0.102,0.088,0.253088780874076,0.28875612517458,0.254500781022299,0.252505433840479,0.276888688713927,0.248809544661883,198363.746777538,166998.478267143,188658.340299164,0.126814077943982,0.105080802737508,0.117304419815938,0.978,1,,0,0.8394,0.879,0.9482
MP_whiting_HCR-A_Ftrgt-0.17_Btrigger-2e+05_TACconstr-FALSE_BB-FALSE_ObsRho-0.47_ObsSd-0.17.rds,MP_whiting,0.17,2e+05,A,FALSE,FALSE,0.47,0.17,0.17,119970,166708,27966.1921699568,22008.1204524399,25423.9115370786,27771.1596465754,20516.4175427956,24764.9684509506,0.07435,0.0507,0.1006,0.0954,0.07,0.131,0.114,0.209791692256255,0.256649374688263,0.219884070764157,0.209425864379936,0.255523237953269,0.215157686985939,191462.154607778,162937.291660043,181742.560227165,0.152209196214798,0.134261155727316,0.143656097176838,0.969,1,,0,0.5785,0.6536,0.7706
MP_whiting_HCR-A_Ftrgt-0.18_Btrigger-120000_TACconstr-FALSE_BB-FALSE_ObsRho-0.47_ObsSd-0.17.rds,MP_whiting,0.18,120000,A,FALSE,FALSE,0.47,0.17,0.18,119970,166708,30123.1099729693,26145.2430732147,27883.5119053717,29267.8708546012,25750.0260639531,27458.4044075897,0.12045,0.0943,0.141,0.1522,0.12,0.192,0.18,0.155952869212067,0.168828267713959,0.156443907295952,0.155982686635532,0.167446970491788,0.154691579552094,182702.095871853,158314.558966394,173070.786490932,0.175072463792156,0.174791960560039,0.17270473463494,0.948,1,,0,0.1277,0.1816,0.1908
MP_whiting_HCR-A_Ftrgt-0.18_Btrigger-130000_TACconstr-FALSE_BB-FALSE_ObsRho-0.47_ObsSd-0.17.rds,MP_whiting,0.18,130000,A,FALSE,FALSE,0.47,0.17,0.18,119970,166708,30106.9873916661,25936.002244614,27808.8480987898,29369.3724054343,25763.9770521757,27537.5398820502,0.1164,0.0912,0.138,0.1452,0.116,0.188,0.169,0.15932436878706,0.17605952924397,0.161576950714232,0.159246090677337,0.176118899909272,0.160423847832885,183129.112952624,158664.461280656,173372.686810105,0.174596802260395,0.173147051845752,0.17127822402995,0.949,1,,0,0.1703,0.2302,0.261
MP_whiting_HCR-A_Ftrgt-0.18_Btrigger-140000_TACconstr-FALSE_BB-FALSE_ObsRho-0.47_ObsSd-0.17.rds,MP_whiting,0.18,140000,A,FALSE,FALSE,0.47,0.17,0.18,119970,166708,30060.4096531577,25668.3169255338,27711.9457921345,29496.0955882872,25820.4996900146,27642.8297125064,0.11085,0.0852,0.1334,0.1396,0.108,0.182,0.166,0.164170357314365,0.186252585733798,0.167519210631407,0.164170357314365,0.186623569808306,0.165946734683243,183768.117413,158843.089967668,173951.393940476,0.173627325403971,0.17092864466046,0.169890859836001,0.949,1,,0,0.22,0.2844,0.3406
MP_whiting_HCR-A_Ftrgt-0.18_Btrigger-150000_TACconstr-FALSE_BB-FALSE_ObsRho-0.47_ObsSd-0.17.rds,MP_whiting,0.18,150000,A,FALSE,FALSE,0.47,0.17,0.18,119970,166708,29974.6471374238,25336.9841239271,27580.5805307659,29627.1194962121,25847.0697640572,27763.106134891,0.10565,0.0798,0.1302,0.1328,0.102,0.179,0.158,0.170539416108654,0.199604875493375,0.176173914385209,0.170553698191447,0.199177209620292,0.173558332282693,184433.69676309,159256.177764762,174472.401893412,0.172315315948244,0.168005950417664,0.168339318400741,0.95,1,,0,0.2806,0.3462,0.426
MP_whiting_HCR-A_Ftrgt-0.18_Btrigger-160000_TACconstr-FALSE_BB-FALSE_ObsRho-0.47_ObsSd-0.17.rds,MP_whiting,0.18,160000,A,FALSE,FALSE,0.47,0.17,0.18,119970,166708,29843.2340496177,24944.8612591029,27412.0168845785,29783.7302782546,25504.7805963496,27921.643659304,0.09975,0.0747,0.125,0.1246,0.096,0.165,0.148,0.177296862932188,0.212286821964095,0.183499235644365,0.177151819563336,0.212046328181475,0.179989744693241,185000.141653247,159690.117635015,175139.541454745,0.170829387110529,0.164411394359495,0.166041262672855,0.956,1,,0,0.3449,0.416,0.5098
MP_whiting_HCR-A_Ftrgt-0.18_Btrigger-170000_TACconstr-FALSE_BB-FALSE_ObsRho-0.47_ObsSd-0.17.rds,MP_whiting,0.18,170000,A,FALSE,FALSE,0.47,0.17,0.18,119970,166708,29669.900565842,24504.2112858055,27197.7788108568,29881.510805429,24459.3720218159,27873.0816910243,0.09575,0.0711,0.1216,0.1192,0.093,0.159,0.144,0.186341072482351,0.22550792665518,0.192955648835798,0.18622887083018,0.224076026210979,0.188818279280887,185926.16596681,160005.902954635,176113.313951506,0.168952241796129,0.159610075831303,0.162868528912632,0.959,1,,0,0.4052,0.4866,0.587
MP_whiting_HCR-A_Ftrgt-0.18_Btrigger-180000_TACconstr-FALSE_BB-FALSE_ObsRho-0.47_ObsSd-0.17.rds,MP_whiting,0.18,180000,A,FALSE,FALSE,0.47,0.17,0.18,119970,166708,29455.233976782,24027.0440317702,26941.7228357802,29890.6550685216,23315.6989066788,27339.4514112419,0.0901,0.0663,0.1146,0.1132,0.085,0.149,0.135,0.195604983014008,0.238057960442461,0.202669753226403,0.195075406022817,0.237129047265415,0.197809880220699,186859.758663148,160459.462109759,177172.308989114,0.166435601942143,0.153706067345005,0.158996608127605,0.959,1,,0,0.4745,0.5486,0.6588
MP_whiting_HCR-A_Ftrgt-0.18_Btrigger-190000_TACconstr-FALSE_BB-FALSE_ObsRho-0.47_ObsSd-0.17.rds,MP_whiting,0.18,190000,A,FALSE,FALSE,0.47,0.17,0.18,119970,166708,29199.827824911,23515.1439300259,26650.1410023622,29413.3228187838,22300.1386179488,26391.2218233155,0.08525,0.0617,0.1096,0.108,0.081,0.141,0.129,0.204520682219641,0.251517555546321,0.213604586489192,0.204006525016447,0.249564438832865,0.208434165570129,187875.588149066,161071.931018468,178382.909707878,0.163126504434533,0.147736818320421,0.154948030220279,0.961,1,,0,0.5364,0.6084,0.7232
MP_whiting_HCR-A_Ftrgt-0.18_Btrigger-210000_TACconstr-FALSE_BB-FALSE_ObsRho-0.47_ObsSd-0.17.rds,MP_whiting,0.18,210000,A,FALSE,FALSE,0.47,0.17,0.18,119970,166708,28583.8152083377,22432.6252405327,25968.9662709509,27609.3424427141,20576.4619550115,24750.6430577216,0.0761,0.0524,0.102,0.0976,0.072,0.132,0.118,0.223285631259918,0.267930162850383,0.231602563836607,0.22222869205565,0.262921143780188,0.227594268856148,190214.190445527,162478.323196909,180715.31243999,0.155128205110693,0.135368923762228,0.144876726884086,0.968,1,,0,0.6529,0.7194,0.8248
MP_whiting_HCR-A_Ftrgt-0.18_Btrigger-220000_TACconstr-FALSE_BB-FALSE_ObsRho-0.47_ObsSd-0.17.rds,MP_whiting,0.18,220000,A,FALSE,FALSE,0.47,0.17,0.18,119970,166708,28233.128555482,21875.9545899941,25590.4136920961,26811.8162400065,19856.1725729688,24012.106257072,0.07225,0.0492,0.0986,0.092,0.065,0.128,0.111,0.231616282337215,0.27239899660642,0.239835961673278,0.230619656534156,0.269352476886389,0.234569125580958,191308.266500974,163264.474045386,182057.787810551,0.150602466297468,0.129778059343149,0.140247138595951,0.969,1,,0,0.7037,0.766,0.8652
MP_whiting_HCR-A_Ftrgt-0.18_Btrigger-230000_TACconstr-FALSE_BB-FALSE_ObsRho-0.47_ObsSd-0.17.rds,MP_whiting,0.18,230000,A,FALSE,FALSE,0.47,0.17,0.18,119970,166708,27862.0584096532,21320.0988808271,25194.8642170696,26059.3521754994,19194.8187669204,23353.3404972578,0.0684,0.0451,0.0956,0.0878,0.061,0.125,0.102,0.239029053137426,0.278212191843457,0.246078438567648,0.238521807317055,0.273472632644383,0.241094127404628,192405.83979688,164000.544349718,183387.230859724,0.145982613780037,0.124641886023352,0.135757099231753,0.971,1,,0,0.7451,0.8024,0.8966
MP_whiting_HCR-A_Ftrgt-0.18_Btrigger-240000_TACconstr-FALSE_BB-FALSE_ObsRho-0.47_ObsSd-0.17.rds,MP_whiting,0.18,240000,A,FALSE,FALSE,0.47,0.17,0.18,119970,166708,27476.3290656871,20773.474687146,24793.2193644202,25354.1854515995,18572.4110234437,22701.6129901755,0.06555,0.0431,0.0916,0.0844,0.058,0.121,0.101,0.246066765322405,0.280457986187761,0.25050270273181,0.245562801775296,0.276820418348045,0.246093856650245,193734.907092303,164743.798623629,184561.044649344,0.141485831259874,0.119560945023287,0.131122669393623,0.975,1,,0,0.7838,0.8306,0.9164
MP_whiting_HCR-A_Ftrgt-0.18_Btrigger-250000_TACconstr-FALSE_BB-FALSE_ObsRho-0.47_ObsSd-0.17.rds,MP_whiting,0.18,250000,A,FALSE,FALSE,0.47,0.17,0.18,119970,166708,27076.7095916872,20239.4367043839,24386.589903882,24732.9341362058,17987.8655678753,22066.8407470565,0.0627,0.0409,0.0884,0.0806,0.053,0.114,0.098,0.251057145649239,0.283401249100298,0.253876679225133,0.250923010879475,0.278497119181511,0.249043874833701,195012.225600433,165388.064752745,185539.653961717,0.136970821613325,0.115169264049513,0.126810662625712,0.977,1,,0,0.8181,0.8618,0.9362
MP_whiting_HCR-A_Ftrgt-0.18_Btrigger-260000_TACconstr-FALSE_BB-FALSE_ObsRho-0.47_ObsSd-0.17.rds,MP_whiting,0.18,260000,A,FALSE,FALSE,0.47,0.17,0.18,119970,166708,26669.0853326461,19719.0813681935,23974.4207080644,24114.5402200084,17453.9541670163,21542.9637397362,0.0606,0.0396,0.086,0.0772,0.051,0.108,0.093,0.256150701511641,0.285620640021306,0.255939449757571,0.255693525127303,0.278935570586688,0.250474760797185,196199.561695426,166031.618605619,186671.927993906,0.132760140994979,0.11093192260358,0.122848277779389,0.977,1,,0,0.8477,0.8866,0.9498
MP_whiting_HCR-A_Ftrgt-0.18_Btrigger-2e+05_TACconstr-FALSE_BB-FALSE_ObsRho-0.47_ObsSd-0.17.rds,MP_whiting,0.18,2e+05,A,FALSE,FALSE,0.47,0.17,0.18,119970,166708,28908.54319105,22981.3064139718,26323.8338930752,28573.5734971352,21421.631337949,25532.6406881932,0.07965,0.0565,0.1036,0.102,0.078,0.135,0.124,0.214065739217792,0.261349615004874,0.223562764591958,0.213484735913836,0.258260778329718,0.218465882333552,188980.734402719,161813.955943137,179458.745220512,0.159419936825324,0.141580852364063,0.150246585483547,0.963,1,,0,0.5964,0.6668,0.7766
MP_whiting_HCR-A_Ftrgt-0.19_Btrigger-120000_TACconstr-FALSE_BB-FALSE_ObsRho-0.47_ObsSd-0.17.rds,MP_whiting,0.19,120000,A,FALSE,FALSE,0.47,0.17,0.19,119970,166708,31075.5745158794,27248.7475934864,28808.4009147969,30224.3116308656,26849.2605504648,28403.5679585944,0.1284,0.1026,0.1476,0.1608,0.129,0.202,0.19,0.157696185169093,0.175356172223217,0.159061957706076,0.157649867851313,0.169689505893315,0.155733545871075,179910.385921106,157175.762851401,170386.557870162,0.184416866665959,0.184459882358416,0.18165347320025,0.946,1,,0,0.1391,0.1916,0.198
MP_whiting_HCR-A_Ftrgt-0.19_Btrigger-130000_TACconstr-FALSE_BB-FALSE_ObsRho-0.47_ObsSd-0.17.rds,MP_whiting,0.19,130000,A,FALSE,FALSE,0.47,0.17,0.19,119970,166708,31059.0721823922,27023.8334239912,28730.3410935676,30330.9341988827,26886.4864362355,28520.0330406472,0.12445,0.0983,0.1458,0.1554,0.124,0.198,0.187,0.161443496293047,0.183069905798042,0.163718989186769,0.161242177038699,0.178333389269693,0.162754888490364,180314.95855402,157469.240145501,170716.605199265,0.183691210219078,0.182578190648447,0.18020744826429,0.948,1,,0,0.1832,0.2424,0.2688
MP_whiting_HCR-A_Ftrgt-0.19_Btrigger-140000_TACconstr-FALSE_BB-FALSE_ObsRho-0.47_ObsSd-0.17.rds,MP_whiting,0.19,140000,A,FALSE,FALSE,0.47,0.17,0.19,119970,166708,31008.1745642861,26738.0648223037,28628.163998114,30459.4692953414,26916.913112926,28659.2220609312,0.12025,0.0943,0.1428,0.1496,0.117,0.196,0.175,0.166652987269581,0.195140728731041,0.170249744880978,0.166461182896762,0.190173487261265,0.168050649582271,181026.01892156,157818.519265887,171444.672048379,0.182439902321414,0.18011635572003,0.178427753739782,0.949,1,,0,0.2366,0.2994,0.3502
MP_whiting_HCR-A_Ftrgt-0.19_Btrigger-150000_TACconstr-FALSE_BB-FALSE_ObsRho-0.47_ObsSd-0.17.rds,MP_whiting,0.19,150000,A,FALSE,FALSE,0.47,0.17,0.19,119970,166708,30915.3576151701,26386.5681191305,28491.0817061265,30606.0397724667,26940.246229356,28777.0764094089,0.1138,0.0874,0.138,0.1424,0.112,0.187,0.169,0.173687264244211,0.207261480469836,0.179396019268034,0.173564554866674,0.20294628201447,0.176374260266415,181640.565982658,158107.079052022,172176.509155903,0.181217289560218,0.176864949054496,0.17693246059056,0.949,1,,0,0.2979,0.3604,0.4354
MP_whiting_HCR-A_Ftrgt-0.19_Btrigger-160000_TACconstr-FALSE_BB-FALSE_ObsRho-0.47_ObsSd-0.17.rds,MP_whiting,0.19,160000,A,FALSE,FALSE,0.47,0.17,0.19,119970,166708,30777.5214064769,25974.0654639571,28313.1438975741,30800.2579490017,26474.4118885293,28885.7016966758,0.10845,0.082,0.1342,0.1356,0.105,0.181,0.162,0.180850468415559,0.221266765688116,0.186668538840018,0.180520533805559,0.21550734129772,0.182935128343386,182508.8377429,158525.174822999,172688.538124554,0.17952311409257,0.173101052544625,0.174167508095804,0.95,1,,0,0.3608,0.4328,0.5178
MP_whiting_HCR-A_Ftrgt-0.19_Btrigger-170000_TACconstr-FALSE_BB-FALSE_ObsRho-0.47_ObsSd-0.17.rds,MP_whiting,0.19,170000,A,FALSE,FALSE,0.47,0.17,0.19,119970,166708,30595.7461313059,25513.3107285337,28087.9430795502,30883.3348499411,25361.0894638327,28750.099995881,0.1029,0.0776,0.1292,0.1272,0.099,0.175,0.154,0.189869386499562,0.234759746583453,0.196832606576952,0.189853787082433,0.22695348502477,0.19245106113859,183367.197264875,158788.078052236,173902.997992577,0.177264746895767,0.167994374428684,0.170701780765539,0.956,1,,0,0.4273,0.5014,0.5936
MP_whiting_HCR-A_Ftrgt-0.19_Btrigger-180000_TACconstr-FALSE_BB-FALSE_ObsRho-0.47_ObsSd-0.17.rds,MP_whiting,0.19,180000,A,FALSE,FALSE,0.47,0.17,0.19,119970,166708,30370.5318907482,25015.2902067003,27821.8834329803,30847.6381606448,24256.4119512971,28045.0671252859,0.0974,0.0723,0.1244,0.1206,0.094,0.165,0.147,0.199168397147337,0.248938304399177,0.205999555205633,0.198489026158641,0.240272690014597,0.202211153834082,184278.658218499,159358.26959509,175045.394450495,0.174136752561271,0.161401339701998,0.166267449948242,0.959,1,,0,0.4903,0.564,0.6652
MP_whiting_HCR-A_Ftrgt-0.19_Btrigger-190000_TACconstr-FALSE_BB-FALSE_ObsRho-0.47_ObsSd-0.17.rds,MP_whiting,0.19,190000,A,FALSE,FALSE,0.47,0.17,0.19,119970,166708,30104.056852886,24481.6554402198,27519.1065168467,30173.7810864798,23201.6750098649,27140.1788639187,0.0914,0.0674,0.1168,0.114,0.086,0.151,0.136,0.208756622984591,0.258473136752978,0.217298422777689,0.208408850232978,0.250944848251605,0.211676689550527,185463.726596885,160120.286713121,176240.824721885,0.170867443286403,0.155077583788072,0.162420750652975,0.959,1,,0,0.5553,0.6234,0.7296
MP_whiting_HCR-A_Ftrgt-0.19_Btrigger-210000_TACconstr-FALSE_BB-FALSE_ObsRho-0.47_ObsSd-0.17.rds,MP_whiting,0.19,210000,A,FALSE,FALSE,0.47,0.17,0.19,119970,166708,29466.1218693191,23357.6136198987,26814.320434204,28304.6469894933,21387.3699337656,25417.3224631721,0.08105,0.0579,0.1052,0.1032,0.078,0.136,0.124,0.22693399521928,0.271684740688238,0.234603534233835,0.226623486114373,0.266738963725288,0.229218269911666,187826.521941972,161603.927888332,178810.157684963,0.162175201990907,0.142354325240759,0.151514807137969,0.963,1,,0,0.6657,0.731,0.8294
MP_whiting_HCR-A_Ftrgt-0.19_Btrigger-220000_TACconstr-FALSE_BB-FALSE_ObsRho-0.47_ObsSd-0.17.rds,MP_whiting,0.19,220000,A,FALSE,FALSE,0.47,0.17,0.19,119970,166708,29104.8126388314,22781.205651339,26424.0528095637,27490.3239878794,20656.3917983497,24719.3003279164,0.07715,0.0531,0.1032,0.0992,0.072,0.134,0.119,0.235016646345771,0.275344122543994,0.242712407978925,0.234069284527211,0.271322320613714,0.238602977013947,189044.777599314,162243.051012909,180098.965900048,0.157098981008461,0.136373633226724,0.146425152828278,0.967,1,,0,0.7168,0.7778,0.868
MP_whiting_HCR-A_Ftrgt-0.19_Btrigger-230000_TACconstr-FALSE_BB-FALSE_ObsRho-0.47_ObsSd-0.17.rds,MP_whiting,0.19,230000,A,FALSE,FALSE,0.47,0.17,0.19,119970,166708,28724.0531491865,22205.5723232276,26019.1173467718,26713.5929501418,19957.2754956697,24027.558754609,0.07325,0.0501,0.0994,0.0934,0.067,0.129,0.112,0.243276441445581,0.278237313048095,0.247736698278865,0.242630564925394,0.275626963191072,0.242558950783125,190254.753817545,162996.497986727,181399.34773806,0.152153847221763,0.130962707620263,0.141471779642518,0.969,1,,0,0.7561,0.8118,0.9002
MP_whiting_HCR-A_Ftrgt-0.19_Btrigger-240000_TACconstr-FALSE_BB-FALSE_ObsRho-0.47_ObsSd-0.17.rds,MP_whiting,0.19,240000,A,FALSE,FALSE,0.47,0.17,0.19,119970,166708,28327.3952347045,21640.2660950506,25608.8091313866,26048.4461768531,19305.7894386438,23388.0941466582,0.0701,0.0472,0.0968,0.0892,0.065,0.125,0.104,0.249511459202127,0.281012221377286,0.252877369429847,0.248838998308494,0.278779570041834,0.247008248799113,191570.846437844,163664.727738102,182606.152969358,0.147439515454162,0.125941212469802,0.136851647575767,0.971,1,,0,0.7953,0.8398,0.92
MP_whiting_HCR-A_Ftrgt-0.19_Btrigger-250000_TACconstr-FALSE_BB-FALSE_ObsRho-0.47_ObsSd-0.17.rds,MP_whiting,0.19,250000,A,FALSE,FALSE,0.47,0.17,0.19,119970,166708,27918.671645253,21088.3766359857,25191.7645827409,25390.9812064344,18725.424469478,22783.8131879384,0.06645,0.0438,0.0928,0.0854,0.06,0.123,0.101,0.255163933708541,0.283194718415043,0.25605687135896,0.255000865957313,0.281303155820575,0.250818117789221,192829.755838021,164485.973503817,183713.289475971,0.142818313904332,0.121053692199781,0.132320671068244,0.974,1,,0,0.8282,0.8696,0.9388
MP_whiting_HCR-A_Ftrgt-0.19_Btrigger-260000_TACconstr-FALSE_BB-FALSE_ObsRho-0.47_ObsSd-0.17.rds,MP_whiting,0.19,260000,A,FALSE,FALSE,0.47,0.17,0.19,119970,166708,27503.0514467851,20550.9026164319,24768.694561002,24809.2782591187,18182.9012499625,22234.4529630545,0.06385,0.0419,0.0888,0.0828,0.055,0.116,0.1,0.258377636767612,0.286019939943483,0.258157997380754,0.258176235248368,0.281467210229322,0.253075425794665,194066.702768278,165113.506694166,184751.891950021,0.138505500010267,0.116768465128494,0.128175336870233,0.976,1,,0,0.8558,0.8958,0.9504
MP_whiting_HCR-A_Ftrgt-0.19_Btrigger-2e+05_TACconstr-FALSE_BB-FALSE_ObsRho-0.47_ObsSd-0.17.rds,MP_whiting,0.19,2e+05,A,FALSE,FALSE,0.47,0.17,0.19,119970,166708,29801.3624255383,23926.6660406809,27180.2939938414,29231.95658662,22266.2216547289,26261.8285833692,0.08665,0.0626,0.1116,0.1098,0.082,0.143,0.131,0.218887130740496,0.266328898244675,0.22682454777075,0.217984165700395,0.260000743121531,0.222680104111767,186654.777935281,160810.579307683,177368.0523529,0.166614617182184,0.148676954042813,0.15644955376615,0.961,1,,0,0.6142,0.6802,0.7844
MP_whiting_HCR-A_Ftrgt-0.2_Btrigger-120000_TACconstr-FALSE_BB-FALSE_ObsRho-0.47_ObsSd-0.17.rds,MP_whiting,0.2,120000,A,FALSE,FALSE,0.47,0.17,0.2,119970,166708,31975.0916147753,28322.470687287,29687.2742799507,31152.1193403791,27933.0463222585,29315.6043329401,0.13875,0.1126,0.1588,0.171,0.137,0.219,0.202,0.1598130721832,0.181626537265159,0.161092369105575,0.159793743350788,0.172165982415952,0.157985271316635,176948.179625033,156081.970265904,167866.553703931,0.193521599307937,0.194086746801659,0.190603299368358,0.939,1,,0,0.1501,0.2036,0.2066
MP_whiting_HCR-A_Ftrgt-0.2_Btrigger-130000_TACconstr-FALSE_BB-FALSE_ObsRho-0.47_ObsSd-0.17.rds,MP_whiting,0.2,130000,A,FALSE,FALSE,0.47,0.17,0.2,119970,166708,31959.1203337871,28081.7399423468,29606.4442081706,31236.617055412,27970.3761272092,29464.6062431548,0.13365,0.1069,0.1554,0.1654,0.132,0.215,0.199,0.163870913843863,0.190810397982083,0.165835844563716,0.163441953100137,0.181268210003918,0.164438142792334,177415.33759871,156262.169800566,168375.784707288,0.192657759206031,0.191921503508495,0.188984714267421,0.944,1,,0,0.1969,0.2548,0.2784
MP_whiting_HCR-A_Ftrgt-0.2_Btrigger-140000_TACconstr-FALSE_BB-FALSE_ObsRho-0.47_ObsSd-0.17.rds,MP_whiting,0.2,140000,A,FALSE,FALSE,0.47,0.17,0.2,119970,166708,31906.1219302936,27777.8687833683,29499.2714080177,31422.7743255752,27998.6898509984,29578.5423921137,0.12795,0.1014,0.152,0.157,0.126,0.207,0.188,0.169975700773088,0.203385065568432,0.174607482583732,0.169904735948163,0.195172519767002,0.171750952825137,178068.102836397,156605.489952702,169038.573406101,0.191368381986283,0.189228823080174,0.187174450191138,0.947,1,,0,0.2511,0.3128,0.3584
MP_whiting_HCR-A_Ftrgt-0.2_Btrigger-150000_TACconstr-FALSE_BB-FALSE_ObsRho-0.47_ObsSd-0.17.rds,MP_whiting,0.2,150000,A,FALSE,FALSE,0.47,0.17,0.2,119970,166708,31806.5709844569,27406.4585955945,29357.4032333466,31599.5727376135,27996.19061705,29723.1236229076,0.1229,0.0961,0.1484,0.151,0.117,0.204,0.18,0.17636754114982,0.216176452189159,0.182751285131725,0.176227295546313,0.20586490065035,0.179137993921989,178994.743919679,157056.588947412,169927.168732154,0.189978721300668,0.185738253180934,0.18538396285106,0.949,1,,0,0.3135,0.376,0.4448
MP_whiting_HCR-A_Ftrgt-0.2_Btrigger-160000_TACconstr-FALSE_BB-FALSE_ObsRho-0.47_ObsSd-0.17.rds,MP_whiting,0.2,160000,A,FALSE,FALSE,0.47,0.17,0.2,119970,166708,31661.7071854928,26973.9177581726,29169.6122167883,31747.2524714341,27423.4330346796,29892.6513218421,0.11575,0.0891,0.1416,0.1432,0.112,0.194,0.169,0.184725071330847,0.228430134489283,0.190120817176485,0.184691513684644,0.218907425790931,0.186898239448271,179798.036802134,157417.693581506,170626.123922614,0.187984594669215,0.181645176858469,0.182018696264267,0.949,1,,0,0.38,0.4506,0.5278
MP_whiting_HCR-A_Ftrgt-0.2_Btrigger-170000_TACconstr-FALSE_BB-FALSE_ObsRho-0.47_ObsSd-0.17.rds,MP_whiting,0.2,170000,A,FALSE,FALSE,0.47,0.17,0.2,119970,166708,31472.8711778031,26493.6122338471,28934.7449341613,31895.0386200667,26216.9004174126,29625.9640820564,0.1104,0.0839,0.138,0.1358,0.107,0.185,0.162,0.193416233455861,0.243341324952933,0.201050208656163,0.193228157223175,0.232312705974253,0.195763898893708,180935.7976002,157771.860973076,171743.134312929,0.185433978797254,0.175894656320648,0.178118009831561,0.95,1,,0,0.4438,0.5172,0.6022
MP_whiting_HCR-A_Ftrgt-0.2_Btrigger-180000_TACconstr-FALSE_BB-FALSE_ObsRho-0.47_ObsSd-0.17.rds,MP_whiting,0.2,180000,A,FALSE,FALSE,0.47,0.17,0.2,119970,166708,31238.2921081536,25975.7086329166,28659.3287451456,31677.0944116158,25087.1396064373,28767.0813424684,0.10445,0.0788,0.1316,0.1286,0.099,0.18,0.155,0.202912645448901,0.256494655454022,0.211377005403867,0.202072969439916,0.243494732071265,0.206168585927069,182063.118946267,158364.560767888,172964.088322642,0.181802924177568,0.169366869084193,0.173677057275262,0.955,1,,0,0.5091,0.5772,0.6732
MP_whiting_HCR-A_Ftrgt-0.2_Btrigger-190000_TACconstr-FALSE_BB-FALSE_ObsRho-0.47_ObsSd-0.17.rds,MP_whiting,0.2,190000,A,FALSE,FALSE,0.47,0.17,0.2,119970,166708,30961.4461829544,25421.0116754387,28345.3700605708,30825.5288325442,24060.1746899857,27799.7611254335,0.09915,0.0739,0.127,0.1218,0.096,0.172,0.15,0.21286600465858,0.264432712768956,0.221032920164461,0.212639742347549,0.253227646644444,0.215944217864703,183254.699549913,159026.747722464,173985.233161713,0.178327653820677,0.162612343717779,0.169122572871242,0.959,1,,0,0.5715,0.6398,0.7362
MP_whiting_HCR-A_Ftrgt-0.2_Btrigger-210000_TACconstr-FALSE_BB-FALSE_ObsRho-0.47_ObsSd-0.17.rds,MP_whiting,0.2,210000,A,FALSE,FALSE,0.47,0.17,0.2,119970,166708,30303.1601930213,24257.0254579724,27619.7065125845,28976.0250405109,22270.1318867788,26070.6535488091,0.0877,0.0636,0.1134,0.1102,0.082,0.146,0.132,0.23111658496801,0.274944310288762,0.237498115099493,0.23016457468556,0.27100240069752,0.2329351418186,185559.756784202,160528.47986729,176804.645554282,0.168905048888936,0.149150499785885,0.157570132470793,0.961,1,,0,0.6828,0.7438,0.834
MP_whiting_HCR-A_Ftrgt-0.2_Btrigger-220000_TACconstr-FALSE_BB-FALSE_ObsRho-0.47_ObsSd-0.17.rds,MP_whiting,0.2,220000,A,FALSE,FALSE,0.47,0.17,0.2,119970,166708,29932.9356151531,23662.2517001904,27218.9817138516,28159.6549122784,21405.1843010907,25361.1883256688,0.08205,0.0589,0.1064,0.104,0.078,0.137,0.126,0.238797829050496,0.278275470717961,0.245252294916596,0.238202072863577,0.274359617682693,0.239988878755207,186838.236792376,161298.003155917,178263.373172541,0.163442915280329,0.142963990152799,0.152304595544759,0.963,1,,0,0.7293,0.7864,0.8724
MP_whiting_HCR-A_Ftrgt-0.2_Btrigger-230000_TACconstr-FALSE_BB-FALSE_ObsRho-0.47_ObsSd-0.17.rds,MP_whiting,0.2,230000,A,FALSE,FALSE,0.47,0.17,0.2,119970,166708,29542.97775328,23067.6951160809,26806.6913784709,27402.04550446,20697.6747627125,24692.9171281498,0.07805,0.0544,0.1036,0.0998,0.072,0.134,0.121,0.245663261004078,0.280882513610886,0.250491824209631,0.244731433627889,0.27810887247572,0.244942547617708,188144.299041022,161979.519128047,179510.177623081,0.158209492323735,0.137350017476708,0.147132009050016,0.966,1,,0,0.7674,0.8178,0.9028
MP_whiting_HCR-A_Ftrgt-0.2_Btrigger-240000_TACconstr-FALSE_BB-FALSE_ObsRho-0.47_ObsSd-0.17.rds,MP_whiting,0.2,240000,A,FALSE,FALSE,0.47,0.17,0.2,119970,166708,29137.6813479542,22484.6106742902,26387.990087133,26714.8923373115,20053.6026577064,24018.6461422986,0.07475,0.0513,0.1006,0.0958,0.067,0.131,0.114,0.252472314796032,0.282462407399542,0.254630959696598,0.251811005301108,0.280815228849051,0.249595532770799,189425.915057522,162784.991001089,180717.616284532,0.153254283595007,0.132059333347017,0.14221060718705,0.969,1,,0,0.8044,0.8488,0.922
MP_whiting_HCR-A_Ftrgt-0.2_Btrigger-250000_TACconstr-FALSE_BB-FALSE_ObsRho-0.47_ObsSd-0.17.rds,MP_whiting,0.2,250000,A,FALSE,FALSE,0.47,0.17,0.2,119970,166708,28720.4793656769,21915.7286730034,25962.0471603376,26056.5291782309,19444.2633553785,23486.1224573695,0.07115,0.0481,0.0978,0.0906,0.065,0.126,0.107,0.257643254043388,0.284149454759791,0.257888602173889,0.257301189019033,0.282783152140214,0.252516963275996,190634.117607076,163466.79981904,181983.576843279,0.148407563668579,0.127123127320531,0.137793981359234,0.97,1,,0,0.8374,0.877,0.941
MP_whiting_HCR-A_Ftrgt-0.2_Btrigger-260000_TACconstr-FALSE_BB-FALSE_ObsRho-0.47_ObsSd-0.17.rds,MP_whiting,0.2,260000,A,FALSE,FALSE,0.47,0.17,0.2,119970,166708,28297.3781800918,21362.3652032194,25529.1622381272,25444.4732578466,18885.0581201092,22910.8034713424,0.0679,0.0453,0.0942,0.0868,0.062,0.125,0.102,0.260623357518371,0.285986166276712,0.2601540710027,0.260598037729853,0.283886937382401,0.254652893173625,191941.549863785,164266.506670272,183077.193979402,0.143873739195871,0.122393256595307,0.13340132979123,0.973,1,,0,0.8623,0.9002,0.9518
MP_whiting_HCR-A_Ftrgt-0.2_Btrigger-2e+05_TACconstr-FALSE_BB-FALSE_ObsRho-0.47_ObsSd-0.17.rds,MP_whiting,0.2,2e+05,A,FALSE,FALSE,0.47,0.17,0.2,119970,166708,30648.1775728907,24845.0700705765,27996.6683972634,29868.6794187076,23141.1835193935,26939.1922456928,0.0931,0.0691,0.1198,0.1144,0.087,0.155,0.136,0.222753431590599,0.271119574587237,0.230035712511978,0.221977602168642,0.262792520464376,0.225351974307912,184379.152731153,159811.011851741,175333.197423458,0.173652060178762,0.155691225379384,0.162949529823877,0.959,1,,0,0.6306,0.6948,0.7896
